job_key,company,title,canonical_url,sources,posted_date,first_seen,last_verified,location,work_arrangement,employment_type,compensation,fit_score,recommendation,confidence,priority,why_fits,top_concern,status,user_decision,rejection_reason,closed_date,removal_reason,tier,match_reason,lane,times_shown,last_shown
name|3701 body design release engineer jr|remote,name,3701 Body Design & Release Engineer Jr,https://himalayas.app/companies/alten/jobs/3701-body-design-release-engineer-jr,Himalayas (aggregator),2026-08-12,2026-08-12,2026-08-12,Mexico (Remote),remote,Full Time,,2,not_recommended,high,P3,"Automotive mechanical design role, not software engineering",Entirely wrong field,new,,,,,core,core title gate,🌎 US-Remote,0,
icapital|software engineer associate assistant vice president|salt lake city,iCapital,Software Engineer - Associate / Assistant Vice President,https://job-boards.greenhouse.io/icapitalnetwork/jobs/8662826002,iCapital,2026-08-06,2026-08-12,2026-08-12,"Salt Lake City, Utah, United States",onsite,,"$80,000 to $140,000",35,not_recommended,high,P3,Utah location matches,Salary range $80k-$140k too low,new,,,,,core,core title gate,📍 Local — Silicon Slopes,0,
icapital|software engineer in test associate|salt lake city,iCapital,Software Engineer in Test - Associate,https://job-boards.greenhouse.io/icapitalnetwork/jobs/8631890002,iCapital,2026-07-24,2026-08-12,2026-08-12,"Salt Lake City, Utah, United States",onsite,,"$90,000 to $110,000",15,not_recommended,high,P3,"Associate-level QA/test role, not engineering leadership",Compensation ~$100k well below requirement,stale,,,,,core,core title gate,📍 Local — Silicon Slopes,0,
icapital|software engineer vice president|salt lake city,iCapital,Software Engineer -  Vice President,https://job-boards.greenhouse.io/icapitalnetwork/jobs/8662833002,iCapital,2026-08-06,2026-08-12,2026-08-12,"Salt Lake City, Utah, United States",onsite,,"$130,000 to $170,000",55,stretch,medium,P3,Salt Lake City location matches preference,Salary range below $190k minimum,new,,,,,core,core title gate,📍 Local — Silicon Slopes,0,
western governors university|assessment developer|salt lake city,Western Governors University,Assessment Developer,https://wgu.wd5.myworkdayjobs.com/External/job/Salt-Lake-City-UT/Assessment-Developer_JR-024398,Western Governors University,2026-08-11,2026-08-12,2026-08-12,"Salt Lake City, UT",onsite,,"$66,800.00 - $100,100.00",15,not_recommended,low,P3,"Assessment/education role, not software engineering",Title suggests non-engineering function,new,,,,,core,core title gate,📍 Local — Silicon Slopes,0,
western governors university|software engineer ii|salt lake city,Western Governors University,Software Engineer II,https://wgu.wd5.myworkdayjobs.com/External/job/Salt-Lake-City-UT/Software-Engineer-II_JR-025892,Western Governors University,2026-08-11,2026-08-12,2026-08-12,"Salt Lake City, UT",onsite,,"$118,900.00 - $178,500.00",35,not_recommended,low,P3,Utah location matches preference,Software Engineer II likely below seniority target,new,,,,,core,core title gate,📍 Local — Silicon Slopes,0,
western governors university|staff software engineer front end focus|salt lake city,Western Governors University,Staff Software Engineer (Front end focus),https://wgu.wd5.myworkdayjobs.com/External/job/Salt-Lake-City-UT/Staff-Software-Engineer--Front-end-focus-_JR-025882,Western Governors University,2026-08-11,2026-08-12,2026-08-12,"Salt Lake City, UT",onsite,,"$161,000.00 - $249,500.00",75,strong_fit,low,P3,Staff engineer frontend focus matches strengths,No description available to confirm scope,new,,,,,core,core title gate,📍 Local — Silicon Slopes,0,
western governors university|senior cloud engineer iam|salt lake city,Western Governors University,Senior Cloud Engineer (IAM),https://wgu.wd5.myworkdayjobs.com/External/job/Salt-Lake-City-UT/Senior-Cloud-Engineer--IAM-_JR-025703,Western Governors University,2026-08-10,2026-08-12,2026-08-12,"Salt Lake City, UT",onsite,,"$143,700.00 - $222,700.00",45,stretch,low,P3,Salt Lake City location matches preference,No description to confirm scope,new,,,,,core,core title gate,📍 Local — Silicon Slopes,0,
western governors university|systems engineer ii atlassian cloud platform|salt lake city,Western Governors University,Systems Engineer II- Atlassian Cloud Platform,https://wgu.wd5.myworkdayjobs.com/External/job/Salt-Lake-City-UT/Systems-Engineer-II--Atlassian-Cloud-Platform_JR-025876,Western Governors University,2026-08-10,2026-08-12,2026-08-12,"Salt Lake City, UT",onsite,,"$98,300.00 - $147,400.00",25,not_recommended,low,P3,"Systems engineer role, not software engineering",No description available,new,,,,,core,core title gate,📍 Local — Silicon Slopes,0,
western governors university|software engineer ii infrastructure operations|salt lake city,Western Governors University,Software Engineer II - Infrastructure & Operations,https://wgu.wd5.myworkdayjobs.com/External/job/Salt-Lake-City-UT/Software-Engineer-II---Infrastructure---Operations_JR-025775,Western Governors University,2026-08-10,2026-08-12,2026-08-12,"Salt Lake City, UT",onsite,,"$118,900.00 - $178,500.00",35,not_recommended,low,P3,Local SLC role,Engineer II likely below Principal-level seniority,new,,,,,core,core title gate,📍 Local — Silicon Slopes,0,
western governors university|senior software engineer full stack java angular|salt lake city,Western Governors University,Senior Software Engineer- Full Stack- Java/Angular,https://wgu.wd5.myworkdayjobs.com/External/job/Salt-Lake-City-UT/Senior-Software-Engineer--Full-Stack--Java-Angular_JR-025732,Western Governors University,2026-08-04,2026-08-12,2026-08-12,"Salt Lake City, UT",onsite,,"$143,700.00 - $222,700.00",45,stretch,low,P3,Salt Lake City location matches,No .NET/React alignment stated,aging,,,,,core,core title gate,📍 Local — Silicon Slopes,0,
western governors university|associate learning systems engineer|salt lake city,Western Governors University,Associate Learning Systems Engineer,https://wgu.wd5.myworkdayjobs.com/External/job/Salt-Lake-City-UT/Associate-Learning-Systems-Engineer_JR-025846,Western Governors University,2026-08-05,2026-08-12,2026-08-12,"Salt Lake City, UT",onsite,,"$62,100.00 - $93,200.00",20,not_recommended,low,P3,"Associate-level title, likely junior",No description available to assess mandate,new,,,,,core,core title gate,📍 Local — Silicon Slopes,0,
western governors university|staff cloud engineer|salt lake city,Western Governors University,Staff Cloud Engineer,https://wgu.wd5.myworkdayjobs.com/External/job/Salt-Lake-City-UT/Staff-Cloud-Engineer_JR-025827,Western Governors University,2026-08-03,2026-08-12,2026-08-12,"Salt Lake City, UT",onsite,,"$161,000.00 - $249,500.00",55,stretch,low,P3,Salt Lake City location matches preference,No details on tech stack or mandate,aging,,,,,core,core title gate,📍 Local — Silicon Slopes,0,
western governors university|senior user experience designer software|salt lake city,Western Governors University,Senior User Experience Designer-Software,https://wgu.wd5.myworkdayjobs.com/External/job/Salt-Lake-City-UT/Senior-User-Experience-Designer-Software_JR-025615,Western Governors University,2026-07-30,2026-08-12,2026-08-12,"Salt Lake City, UT",onsite,,"$118,900.00 - $178,500.00",15,not_recommended,medium,P3,"UX design role, not software engineering",Not a software engineering role,aging,,,,,core,core title gate,📍 Local — Silicon Slopes,0,
western governors university|senior software engineer|salt lake city,Western Governors University,Senior Software Engineer,https://wgu.wd5.myworkdayjobs.com/External/job/Salt-Lake-City-UT/Senior-Software-Engineer_JR-025286,Western Governors University,2026-07-29,2026-08-12,2026-08-12,"Salt Lake City, UT",onsite,,"$143,700.00 - $222,700.00",55,stretch,low,P3,Senior engineer title matches seniority target,No job description available,aging,,,,,core,core title gate,📍 Local — Silicon Slopes,0,
western governors university|software engineer|salt lake city,Western Governors University,Software Engineer,https://wgu.wd5.myworkdayjobs.com/External/job/Salt-Lake-City-UT/Software-Engineer--WIS-to-Domestic-_JR-025312,Western Governors University,2026-07-29,2026-08-12,2026-08-12,"Salt Lake City, UT",onsite,,"$98,300.00 - $147,400.00",45,stretch,low,P3,Utah location matches preference,No details on seniority or compensation,aging,,,,,core,core title gate,📍 Local — Silicon Slopes,0,
western governors university|principal software engineer|salt lake city,Western Governors University,Principal Software Engineer,https://wgu.wd5.myworkdayjobs.com/External/job/Salt-Lake-City-UT/Principal-Software-Engineer_JR-025250,Western Governors University,2026-07-27,2026-08-12,2026-08-12,"Salt Lake City, UT",onsite,,"$180,300.00 - $279,500.00",68,strong_fit,low,P3,Matches exact seniority target title,No description available to verify tech stack,stale,,,,,core,core title gate,📍 Local — Silicon Slopes,0,
western governors university|staff software engineer developer experience|salt lake city,Western Governors University,Staff Software Engineer  | Developer Experience,https://wgu.wd5.myworkdayjobs.com/External/job/Salt-Lake-City-UT/Staff-Software-Engineer---WIS-to-Domestic-_JR-025290,Western Governors University,2026-07-27,2026-08-12,2026-08-12,"Salt Lake City, UT",onsite,,"$161,000.00 - $249,500.00",78,strong_fit,low,P3,Staff-level DevEx role matches strengths,No description to confirm tech stack,stale,,,,,core,core title gate,📍 Local — Silicon Slopes,0,
western governors university|staff software product manager|salt lake city,Western Governors University,Staff Software Product Manager,https://wgu.wd5.myworkdayjobs.com/External/job/Salt-Lake-City-UT/Staff-Software-Product-Manager_JR-025664,Western Governors University,2026-07-27,2026-08-12,2026-08-12,"Salt Lake City, UT",onsite,,"$161,000.00 - $249,500.00",25,not_recommended,low,P3,"Product management, not software engineering",Wrong function - PM not engineering,stale,,,,,core,core title gate,📍 Local — Silicon Slopes,0,
western governors university|senior software product manager|salt lake city,Western Governors University,Senior Software Product Manager,https://wgu.wd5.myworkdayjobs.com/External/job/Salt-Lake-City-UT/Senior-Software-Product-Manager_JR-025614,Western Governors University,2026-07-27,2026-08-12,2026-08-12,"Salt Lake City, UT",onsite,,"$143,700.00 - $222,700.00",20,not_recommended,low,P3,"Product management, not engineering role",No engineering hands-on work,stale,,,,,core,core title gate,📍 Local — Silicon Slopes,0,
western governors university|senior cloud engineer|salt lake city,Western Governors University,Senior Cloud Engineer,https://wgu.wd5.myworkdayjobs.com/External/job/Salt-Lake-City-UT/Senior-Cloud-Engineer_JR-025654,Western Governors University,2026-07-23,2026-08-12,2026-08-12,"Salt Lake City, UT",onsite,,"$143,700.00 - $222,700.00",45,stretch,low,P3,Cloud engineering overlaps AWS/K8s skills,Lacks job description detail,stale,,,,,core,core title gate,📍 Local — Silicon Slopes,0,
western governors university|software engineer ii salesforce|salt lake city,Western Governors University,Software Engineer II - Salesforce,https://wgu.wd5.myworkdayjobs.com/External/job/Salt-Lake-City-UT/Software-Engineer-II---Salesforce_JR-025417,Western Governors University,2026-07-23,2026-08-12,2026-08-12,"Salt Lake City, UT",onsite,,"$118,900.00 - $178,500.00",25,not_recommended,low,P3,Salt Lake City location matches preference,No description; salary/level unclear,stale,,,,,core,core title gate,📍 Local — Silicon Slopes,0,
western governors university|senior software engineer salesforce|salt lake city,Western Governors University,Senior Software Engineer - Salesforce,https://wgu.wd5.myworkdayjobs.com/External/job/Salt-Lake-City-UT/Senior-Software-Engineer---Salesforce_JR-025416,Western Governors University,2026-07-23,2026-08-12,2026-08-12,"Salt Lake City, UT",onsite,,"$143,700.00 - $222,700.00",25,not_recommended,low,P3,Salesforce specialization not in candidate's stack,No React/.NET/AWS alignment evident,stale,,,,,core,core title gate,📍 Local — Silicon Slopes,0,
webflow|senior partner solutions engineer pacific time|remote,Webflow,Senior Partner Solutions Engineer - Pacific Time,https://job-boards.greenhouse.io/webflow/jobs/8075059,Webflow,2026-07-23,2026-08-12,2026-08-12,CA Remote (BC & ON only); U.S. Remote,remote,,"$178,000 - $210,000",,,,P3,,,stale,,,,,core,core title gate,🌎 US-Remote,0,
veripark|senior software developer crm ssis|remote,Veripark,Senior Software Developer CRM+SSIS,https://weworkremotely.com/remote-jobs/veripark-senior-software-developer-crm-ssis,We Work Remotely (aggregator),2026-07-22,2026-08-12,2026-08-12,Anywhere in the World (Remote),remote,Full-Time,,,,,P3,,,stale,,,,,core,core title gate,🌎 US-Remote,0,
vanta|staff product manager data platform|remote,Vanta,"Staff Product Manager, Data Platform",https://jobs.ashbyhq.com/vanta/f7225fae-2203-4332-8ea4-8569c7e371d1,Vanta,2026-07-23,2026-08-12,2026-08-12,Remote U.S.,remote,,$243K – $286K,,,,P3,,,stale,,,,,core,core title gate,🌎 US-Remote,0,
vanta|senior data engineer|remote,Vanta,Senior Data Engineer,https://jobs.ashbyhq.com/vanta/7600575b-fb06-485e-bc13-626e661a34aa,Vanta,2026-08-12,2026-08-12,2026-08-12,Remote U.S.,remote,,$190K – $224K,30,not_recommended,medium,P3,Data engineering not core strength,Requires deep data warehousing/ETL expertise,new,,,,,core,core title gate,🌎 US-Remote,0,
vanta|senior analytics engineer|remote,Vanta,Senior Analytics Engineer,https://jobs.ashbyhq.com/vanta/1989a49f-227e-4928-b068-8ff24af88541,Vanta,2026-08-12,2026-08-12,2026-08-12,Remote U.S.,remote,,$157K – $185K,30,not_recommended,medium,P3,Analytics engineering not core strength,Requires dbt/SQL analytics specialization,new,,,,,core,core title gate,🌎 US-Remote,0,
vanta|senior software engineer product platform|remote,Vanta,"Senior Software Engineer, Product Platform",https://jobs.ashbyhq.com/vanta/021cca9c-f937-4d97-8be7-bc83af8307be,Vanta,2026-08-11,2026-08-12,2026-08-12,Remote U.S.,remote,,$195K – $229K,78,strong_fit,medium,P2,Platform engineering and developer tooling focus,"Titled Senior not Principal, leveling unclear",new,,,,,core,core title gate,🌎 US-Remote,0,
upstart|senior engineering manager platform delivery|remote,Upstart,"Senior Engineering Manager, Platform Delivery",https://jobicy.com/jobs/142530-senior-engineering-manager-platform-delivery,Jobicy (aggregator),2026-07-26,2026-08-12,2026-08-12,USA (Remote),remote,Full-Time,,,,,P3,,,stale,,,,,core,core title gate,🌎 US-Remote,0,
twilio|principal presales engineer|remote,Twilio,Principal Presales Engineer,https://job-boards.greenhouse.io/twilio/jobs/8115128,Twilio,2026-08-10,2026-08-12,2026-08-12,Remote - US,remote,,,15,not_recommended,high,P3,Presales/sales engineering role,"Customer-facing sales role, not hands-on engineering",new,,,,,core,core title gate,🌎 US-Remote,0,
twilio|principal software engineer|remote,Twilio,Principal Software Engineer,https://job-boards.greenhouse.io/twilio/jobs/8081530,Twilio,2026-07-27,2026-08-12,2026-08-12,Remote - US,remote,,,,,,P3,,,stale,,,,,core,core title gate,🌎 US-Remote,0,
twilio|senior presales engineer|remote,Twilio,Senior Presales Engineer,https://job-boards.greenhouse.io/twilio/jobs/8096642,Twilio,2026-07-30,2026-08-12,2026-08-12,Remote - Mexico,remote,,,,,,P3,,,aging,,,,,core,core title gate,🌎 US-Remote,0,
twilio|software engineer l2|remote,Twilio,Software Engineer (L2),https://job-boards.greenhouse.io/twilio/jobs/8097672,Twilio,2026-07-24,2026-08-12,2026-08-12,Remote - US,remote,,,,,,P3,,,stale,,,,,core,core title gate,🌎 US-Remote,0,
twilio|software engineer l2 email|remote,Twilio,Software Engineer (L2) Email,https://job-boards.greenhouse.io/twilio/jobs/7689461,Twilio,2026-07-23,2026-08-12,2026-08-12,Remote - US,remote,,,,,,P3,,,stale,,,,,core,core title gate,🌎 US-Remote,0,
twilio|software engineer l4|remote,Twilio,Software Engineer (L4),https://job-boards.greenhouse.io/twilio/jobs/8098945,Twilio,2026-08-03,2026-08-12,2026-08-12,Remote - US,remote,,,,,,P3,,,aging,,,,,core,core title gate,🌎 US-Remote,0,
twilio|software engineer platform engineering l2|remote,Twilio,"Software Engineer, Platform Engineering (L2)",https://job-boards.greenhouse.io/twilio/jobs/8026207,Twilio,2026-08-04,2026-08-12,2026-08-12,Remote - US,remote,,,45,stretch,medium,P3,Remote US role,L2 level likely below Principal seniority/comp,aging,,,,,core,core title gate,🌎 US-Remote,0,
twilio|software engineer platform engineering l3|remote,Twilio,Software Engineer-Platform Engineering (L3),https://job-boards.greenhouse.io/twilio/jobs/8026203,Twilio,2026-08-04,2026-08-12,2026-08-12,Remote - US,remote,,,,,,P3,,,aging,,,,,core,core title gate,🌎 US-Remote,0,
twilio|staff business intelligence engineer|remote,Twilio,"Staff, Business Intelligence Engineer",https://job-boards.greenhouse.io/twilio/jobs/8076802,Twilio,2026-07-22,2026-08-12,2026-08-12,Remote - US,remote,,,,,,P3,,,stale,,,,,core,core title gate,🌎 US-Remote,0,
twilio|senior application engineer zuora billing|remote,Twilio,"Senior Application Engineer, Zuora Billing",https://weworkremotely.com/remote-jobs/twilio-senior-application-engineer-zuora-billing,We Work Remotely (aggregator),2026-07-23,2026-08-12,2026-08-12,Anywhere in the World (Remote),remote,Full-Time,,,,,P3,,,stale,,,,,core,core title gate,🌎 US-Remote,0,
twilio|associate application engineer|remote,Twilio,Associate Application Engineer,https://weworkremotely.com/remote-jobs/twilio-associate-application-engineer,We Work Remotely (aggregator),2026-07-22,2026-08-12,2026-08-12,Anywhere in the World (Remote),remote,Full-Time,,,,,P3,,,stale,,,,,core,core title gate,🌎 US-Remote,0,
twilio|principal product manager enterprise commerce platform|remote,Twilio,"Principal Product Manager, Enterprise Commerce Platform",https://weworkremotely.com/remote-jobs/twilio-principal-product-manager-enterprise-commerce-platform,We Work Remotely (aggregator),2026-07-23,2026-08-12,2026-08-12,Anywhere in the World (Remote),remote,Full-Time,,,,,P3,,,stale,,,,,core,core title gate,🌎 US-Remote,0,
truelogic|senior software architect c angular ai first govtech saas company|remote,Truelogic,Senior Software Architect (C#/Angular/AI First) - GovTech SaaS company,https://weworkremotely.com/remote-jobs/truelogic-senior-software-architect-c-angular-ai-first-govtech-saas-company,We Work Remotely (aggregator),2026-08-04,2026-08-12,2026-08-12,Anywhere in the World (Remote),remote,Full-Time,,,,,P3,,,aging,,,,,core,core title gate,🌎 US-Remote,0,
traeger|product compliance engineer|salt lake city,Traeger,Product Compliance Engineer,https://job-boards.greenhouse.io/traegergrills/jobs/8081544,Traeger,2026-07-27,2026-08-12,2026-08-12,Salt Lake City,onsite,,,8,not_recommended,high,P3,"Regulatory compliance engineering, not software",Wrong function entirely,stale,,,,,core,core title gate,📍 Local — Silicon Slopes,0,
together ai|technical support engineer gpu clusters weekends|remote,Together AI,Technical Support Engineer (GPU Clusters) - US Weekends,https://job-boards.greenhouse.io/togetherai/jobs/5202015007,Together AI,2026-08-04,2026-08-12,2026-08-12,Remote,remote,,,15,not_recommended,high,P3,"Customer support role, explicit dealbreaker",Support function not engineering,aging,,,,,core,core title gate,🌎 US-Remote,0,
together ai|technical support engineer inference weekends|remote,Together AI,Technical Support Engineer (Inference) - US Weekends,https://job-boards.greenhouse.io/togetherai/jobs/5202021007,Together AI,2026-08-04,2026-08-12,2026-08-12,Remote,remote,,,,,,P3,,,aging,,,,,core,core title gate,🌎 US-Remote,0,
thumbtack|senior data engineer|remote,Thumbtack,Senior Data Engineer,https://jobs.ashbyhq.com/thumbtack/d98e63a2-bbfb-48eb-8b73-abd3a8eb5976,Thumbtack,2026-07-29,2026-08-12,2026-08-12,"Remote, United States",remote,,,,,,P3,,,aging,,,,,core,core title gate,🌎 US-Remote,0,
temporal|director global developer success|remote,Temporal,"Director, Global Developer Success",https://job-boards.greenhouse.io/temporaltechnologies/jobs/5209443007,Temporal,2026-08-11,2026-08-12,2026-08-12,United States - Remote Opportunity,remote,,,25,not_recommended,medium,P3,"Support org leadership, not engineering IC",Pure people-management/support leadership role,new,,,,,core,core title gate,🌎 US-Remote,0,
temporal|senior developer advocate developer education|remote,Temporal,"Senior Developer Advocate, Developer Education",https://job-boards.greenhouse.io/temporaltechnologies/jobs/5193357007,Temporal,2026-07-22,2026-08-12,2026-08-12,United States - Remote Opportunity,remote,,,,,,P3,,,stale,,,,,core,core title gate,🌎 US-Remote,0,
temporal|senior platform architect west|remote,Temporal,Senior Platform Architect - West,https://job-boards.greenhouse.io/temporaltechnologies/jobs/5207314007,Temporal,2026-08-07,2026-08-12,2026-08-12,United States - Remote Opportunity,remote,,,35,not_recommended,medium,P3,Remote US role fits location,Primarily customer support/services role,new,,,,,core,core title gate,🌎 US-Remote,0,
temporal|staff software engineer ai foundations ai agent optimization|remote,Temporal,"Staff Software Engineer, AI Foundations (AI Agent Optimization)",https://job-boards.greenhouse.io/temporaltechnologies/jobs/5204483007,Temporal,2026-08-05,2026-08-12,2026-08-12,"United States or Canada, Remote Opportunity",remote,,,60,stretch,low,P3,AI infra/dev tools aligns with interests,"Description cut off, mandate unclear",new,,,,,core,core title gate,🌎 US-Remote,0,
tailscale|software engineer ai enablement|remote,Tailscale,"Software Engineer, AI Enablement",https://job-boards.greenhouse.io/tailscale/jobs/4710755005,Tailscale,2026-07-24,2026-08-12,2026-08-12,Remote (United States),remote,,,,,,P3,,,stale,,,,,core,core title gate,🌎 US-Remote,0,
tailscale|software engineer networking edge|remote,Tailscale,"Software Engineer, Networking (Edge)",https://job-boards.greenhouse.io/tailscale/jobs/4715448005,Tailscale,2026-07-29,2026-08-12,2026-08-12,Remote (United States),remote,,,,,,P3,,,aging,,,,,core,core title gate,🌎 US-Remote,0,
tailscale|software engineer strategic projects|remote,Tailscale,"Software Engineer, Strategic Projects",https://job-boards.greenhouse.io/tailscale/jobs/4721714005,Tailscale,2026-08-05,2026-08-12,2026-08-12,Remote (United States),remote,,,65,strong_fit,medium,P2,Remote US role fits location preference,Networking/infra domain differs from frontend focus,new,,,,,core,core title gate,🌎 US-Remote,0,
tailscale|solutions engineer commercial new business|remote,Tailscale,Solutions Engineer - Commercial (New Business),https://job-boards.greenhouse.io/tailscale/jobs/4722326005,Tailscale,2026-08-07,2026-08-12,2026-08-12,Remote (United States),remote,,,12,not_recommended,high,P3,"Sales engineering role, explicit dealbreaker","Wrong function - sales, not engineering",new,,,,,core,core title gate,🌎 US-Remote,0,
te connectivity|principal project manager engineer must be in the|remote,TE Connectivity,Principal Project Manager Engineer - remote must be in the US,https://jobicy.com/jobs/149102-principal-project-manager-engineer-remote-must-be-in-the-us,Jobicy (aggregator),2026-08-11,2026-08-12,2026-08-12,USA (Remote),remote,Full-Time,,15,not_recommended,high,P3,Project management role not software engineering,Wrong function - PM not engineer,new,,,,,core,core title gate,🌎 US-Remote,0,
supabase|support engineer amer weekends|remote,Supabase,Support Engineer (AMER - Weekends),https://jobs.ashbyhq.com/supabase/dcf09dfe-55bc-44ba-b5db-1a2de7f33216,Supabase,2026-07-31,2026-08-12,2026-08-12,Remote,remote,,,,,,P3,,,aging,,,,,core,core title gate,🌎 US-Remote,0,
supabase|release engineer|remote,Supabase,Release Engineer,https://jobs.ashbyhq.com/supabase/f6035bf8-4f44-4425-9944-d5509a3c8652,Supabase,2026-07-27,2026-08-12,2026-08-12,Remote,remote,,,,,,P3,,,stale,,,,,core,core title gate,🌎 US-Remote,0,
supabase|performance engineer performance analysis tuning|remote,Supabase,Performance Engineer - Performance Analysis & Tuning,https://jobs.ashbyhq.com/supabase/98ef6a11-9898-4960-9931-1264285849f3,Supabase,2026-07-28,2026-08-12,2026-08-12,Remote,remote,,,,,,P3,,,stale,,,,,core,core title gate,🌎 US-Remote,0,
supabase|performance engineer benchmarking|remote,Supabase,Performance Engineer - Benchmarking,https://jobs.ashbyhq.com/supabase/11beb619-0c25-4b11-9818-3f18e278c65b,Supabase,2026-07-28,2026-08-12,2026-08-12,Remote,remote,,,,,,P3,,,stale,,,,,core,core title gate,🌎 US-Remote,0,
supabase|engineering productivity engineer|remote,Supabase,Engineering Productivity Engineer,https://jobs.ashbyhq.com/supabase/8229db66-dc3f-4ffe-8d86-90ce9ffb4c90,Supabase,2026-08-02,2026-08-12,2026-08-12,Remote,remote,,,,,,P3,,,aging,,,,,core,core title gate,🌎 US-Remote,0,
supabase|ai platform engineer|remote,Supabase,AI Platform Engineer,https://jobs.ashbyhq.com/supabase/3b5d54ca-741b-45ac-bd3f-31605a0d3541,Supabase,2026-07-31,2026-08-12,2026-08-12,Remote,remote,,,,,,P3,,,aging,,,,,core,core title gate,🌎 US-Remote,0,
supabase|frontend engineer|remote,Supabase,Frontend Engineer,https://jobs.ashbyhq.com/supabase/f048dd68-63f8-4f98-9860-3d5a43c09a01,Supabase,2026-07-29,2026-08-12,2026-08-12,Remote,remote,,,,,,P3,,,aging,,,,,core,core title gate,🌎 US-Remote,0,
supabase|sdk engineer javascript|remote,Supabase,SDK Engineer - JavaScript,https://jobs.ashbyhq.com/supabase/f44742fb-18c6-478f-bf78-63707ed57db7,Supabase,2026-08-05,2026-08-12,2026-08-12,Remote,remote,,,60,stretch,medium,P3,"Remote, matches JS/TS strengths",Requires deep OSS library maintenance experience,new,,,,,core,core title gate,🌎 US-Remote,0,
stripe|risk strategist platform risk strategy|remote,Stripe,"Risk Strategist, Platform Risk Strategy",https://stripe.com/jobs/search?gh_jid=7811937,Stripe,2026-07-29,2026-08-12,2026-08-12,"Chicago, US-Remote, Toronto",remote,,,,,,P3,,,aging,,,,,core,core title gate,🌎 US-Remote,0,
stripe|software engineer vulnerability management|remote,Stripe,"Software Engineer, Vulnerability Management",https://stripe.com/jobs/search?gh_jid=8089353,Stripe,2026-08-04,2026-08-12,2026-08-12,US - Remote,remote,,,40,stretch,medium,P3,Remote US role fits location needs,No security/vulnerability management experience shown,aging,,,,,core,core title gate,🌎 US-Remote,0,
stability ai|senior product engineer growth lifecycle infrastructure music audio|remote,Stability AI,"Senior Product Engineer, Growth & Lifecycle Infrastructure - Music & Audio",https://weworkremotely.com/remote-jobs/stability-ai-senior-product-engineer-growth-lifecycle-infrastructure-music-audio,We Work Remotely (aggregator),2026-08-04,2026-08-12,2026-08-12,Anywhere in the World (Remote),remote,Full-Time,,,,,P3,,,aging,,,,,core,core title gate,🌎 US-Remote,0,
solvd|security engineer ii iam saas governance|remote,Solvd,Security Engineer II – IAM & SaaS Governance,https://weworkremotely.com/remote-jobs/solvd-security-engineer-ii-iam-saas-governance,We Work Remotely (aggregator),2026-08-04,2026-08-12,2026-08-12,Anywhere in the World (Remote),remote,Full-Time,,,,,P3,,,aging,,,,,core,core title gate,🌎 US-Remote,0,
smartsheet|enterprise technical solutions engineer|remote,Smartsheet,Enterprise Technical Solutions Engineer,https://job-boards.greenhouse.io/smartsheet/jobs/8083523,Smartsheet,2026-07-24,2026-08-12,2026-08-12,"-REMOTE, USA-",remote,,,,,,P3,,,stale,,,,,core,core title gate,🌎 US-Remote,0,
smartsheet|senior manager web strategy|remote,Smartsheet,"Senior Manager, Web Strategy",https://job-boards.greenhouse.io/smartsheet/jobs/8112250,Smartsheet,2026-08-06,2026-08-12,2026-08-12,"-REMOTE, USA-",remote,,,8,not_recommended,high,P3,"SEO/marketing strategy role, not engineering",Wrong function entirely,new,,,,,core,core title gate,🌎 US-Remote,0,
smartsheet|software engineer ii full stack eligible|remote,Smartsheet,Software Engineer II - Full Stack (Remote Eligible),https://job-boards.greenhouse.io/smartsheet/jobs/8097667,Smartsheet,2026-07-30,2026-08-12,2026-08-12,"-REMOTE, USA-",remote,,,,,,P3,,,aging,,,,,core,core title gate,🌎 US-Remote,0,
smartsheet|software engineer i eligible|remote,Smartsheet,Software Engineer I (Remote Eligible),https://job-boards.greenhouse.io/smartsheet/jobs/8070067,Smartsheet,2026-07-31,2026-08-12,2026-08-12,"-REMOTE, USA-",remote,,,,,,P3,,,aging,,,,,core,core title gate,🌎 US-Remote,0,
smartsheet|sr commercial solutions engineer|remote,Smartsheet,Sr. Commercial Solutions Engineer,https://job-boards.greenhouse.io/smartsheet/jobs/8082218,Smartsheet,2026-07-23,2026-08-12,2026-08-12,"-REMOTE, USA-",remote,,,,,,P3,,,stale,,,,,core,core title gate,🌎 US-Remote,0,
smartsheet|sr security engineer ii irap program lead eligible|remote,Smartsheet,Sr. Security Engineer II – IRAP Program Lead (Remote Eligible),https://job-boards.greenhouse.io/smartsheet/jobs/8110111,Smartsheet,2026-08-05,2026-08-12,2026-08-12,"-REMOTE, USA-",remote,,,5,not_recommended,high,P3,"Compliance/security program lead, not engineering",No software engineering scope,new,,,,,core,core title gate,🌎 US-Remote,0,
smartsheet|commercial solutions engineer|remote,Smartsheet,Commercial Solutions Engineer,https://weworkremotely.com/remote-jobs/smartsheet-commercial-solutions-engineer,We Work Remotely (aggregator),2026-07-24,2026-08-12,2026-08-12,Anywhere in the World (Remote),remote,Full-Time,,,,,P3,,,stale,,,,,core,core title gate,🌎 US-Remote,0,
sentry|engineering manager events analytics platform|remote,Sentry,"Engineering Manager, Events Analytics Platform",https://jobs.ashbyhq.com/sentry/86e3e57e-6caf-446a-9208-1a614a138b10,Sentry,2026-07-31,2026-08-12,2026-08-12,"San Francisco, California (Remote)",remote,,$220K – $300K,,,,P3,,,aging,,,,,core,core title gate,🌎 US-Remote,0,
sentry|software engineer new grad 2027|remote,Sentry,"Software Engineer, New Grad (2027)",https://jobs.ashbyhq.com/sentry/5c3196c7-f3d6-4dba-9c41-c886df4b2421,Sentry,2026-08-01,2026-08-12,2026-08-12,"San Francisco, California (Remote)",remote,,$145K – $150K,,,,P3,,,aging,,,,,core,core title gate,🌎 US-Remote,0,
sardine|data engineer onboarding|remote,Sardine,Data Engineer - Onboarding,https://jobs.ashbyhq.com/sardine/527bac62-7445-4942-b2df-575fcb93e182,Sardine,2026-07-30,2026-08-12,2026-08-12,North America (Remote),remote,,$150K – $205K,,,,P3,,,aging,,,,,core,core title gate,🌎 US-Remote,0,
sanity|solutions engineer presales senior to staff level|remote,Sanity,"Solutions Engineer, PreSales - Senior to Staff level (US)",https://jobs.ashbyhq.com/sanity/4f892238-04a5-442e-ab36-7f1f60010abf,Sanity,2026-08-04,2026-08-12,2026-08-12,Remote in the United States,remote,,,,,,P3,,,aging,,,,,core,core title gate,🌎 US-Remote,0,
samsara|manager ii data platform|remote,Samsara,"Manager II, Data Platform",https://www.samsara.com/company/careers/roles/7811931?gh_jid=7811931,Samsara,2026-08-06,2026-08-12,2026-08-12,Remote - US,remote,,,25,not_recommended,medium,P3,"People management role, not IC engineering",Pure management role conflicts with IC preference,new,,,,,core,core title gate,🌎 US-Remote,0,
samsara|senior software engineer ii|remote,Samsara,Senior Software Engineer II,https://www.samsara.com/company/careers/roles/8063736?gh_jid=8063736,Samsara,2026-07-24,2026-08-12,2026-08-12,Remote - US,remote,,,,,,P3,,,stale,,,,,core,core title gate,🌎 US-Remote,0,
samsara|senior software engineer ii web experience|remote,Samsara,Senior Software Engineer II - Web Experience,https://www.samsara.com/company/careers/roles/8055217?gh_jid=8055217,Samsara,2026-07-24,2026-08-12,2026-08-12,Remote - US,remote,,,,,,P3,,,stale,,,,,core,core title gate,🌎 US-Remote,0,
samsara|solutions integration engineer iv|remote,Samsara,Solutions Integration Engineer IV,https://www.samsara.com/company/careers/roles/8094156?gh_jid=8094156,Samsara,2026-08-04,2026-08-12,2026-08-12,Remote - US,remote,,,,,,P3,,,aging,,,,,core,core title gate,🌎 US-Remote,0,
samsara|sr ai engineer|remote,Samsara,Sr. AI Engineer,https://www.samsara.com/company/careers/roles/8083352?gh_jid=8083352,Samsara,2026-08-11,2026-08-12,2026-08-12,Remote - CA,remote,,,40,stretch,low,P3,AI-adjacent engineering role,"Location listed as Remote-CA, may require CA residency",new,,,,,core,core title gate,🌎 US-Remote,0,
samsara|sr software engineer ii ai platform|remote,Samsara,"Sr. Software Engineer II, AI Platform",https://www.samsara.com/company/careers/roles/8050373?gh_jid=8050373,Samsara,2026-07-24,2026-08-12,2026-08-12,Remote - SF Bay Area,remote,,,,,,P3,,,stale,,,,,core,core title gate,🌎 US-Remote,0,
samsara|staff software engineer|remote,Samsara,Staff Software Engineer,https://www.samsara.com/company/careers/roles/8064742?gh_jid=8064742,Samsara,2026-08-07,2026-08-12,2026-08-12,Remote - US,remote,,,62,strong_fit,low,P3,Remote US role fits location needs,"Description truncated, unclear tech stack fit",new,,,,,core,core title gate,🌎 US-Remote,0,
samsara|technical support engineer|remote,Samsara,Technical Support Engineer,https://www.samsara.com/company/careers/roles/8068215?gh_jid=8068215,Samsara,2026-07-24,2026-08-12,2026-08-12,Remote - Mexico,remote,,,,,,P3,,,stale,,,,,core,core title gate,🌎 US-Remote,0,
replit|product engineer new products|remote,Replit,"Product Engineer, New Products",https://jobs.ashbyhq.com/replit/2fa2d079-96a5-4d51-8718-04134ed39032,Replit,2026-08-03,2026-08-12,2026-08-12,"Foster City, CA (Remote)",remote,,$180K – $250K,,,,P3,,,aging,,,,,core,core title gate,🌎 US-Remote,0,
render|software engineer expansion all levels|remote,Render,"Software Engineer, Expansion (all levels)",https://jobs.ashbyhq.com/render/06377f8a-a255-412a-8032-18ace1d005a5,Render,2026-08-10,2026-08-12,2026-08-12,Remote: United States,remote,,$170K – $290K,68,stretch,low,P3,Cloud/dev platform aligns with infra interests,Description lacks concrete responsibilities/stack details,new,,,,,core,core title gate,🌎 US-Remote,0,
render|software engineer network infrastructure|remote,Render,"Software Engineer, Network Infrastructure",https://jobs.ashbyhq.com/render/88cb74a4-bc28-40b1-b792-d3041e3e17d3,Render,2026-07-24,2026-08-12,2026-08-12,Remote: United States,remote,,$236K – $290K,,,,P3,,,stale,,,,,core,core title gate,🌎 US-Remote,0,
render|staff product manager ci cd developer productivity|remote,Render,"Staff Product Manager, CI/CD & Developer Productivity",https://jobs.ashbyhq.com/render/b7508c39-c91f-405a-bdef-9c6b6eca1fee,Render,2026-08-03,2026-08-12,2026-08-12,Remote: United States,remote,,$218K – $300K,,,,P3,,,aging,,,,,core,core title gate,🌎 US-Remote,0,
render|software engineer agent auth experience|remote,Render,"Software Engineer, Agent Auth Experience",https://jobs.ashbyhq.com/render/8815f772-6895-4383-a9e5-6c7bdc2bf141,Render,2026-07-27,2026-08-12,2026-08-12,Remote: United States,remote,,$170K – $290K,,,,P3,,,stale,,,,,core,core title gate,🌎 US-Remote,0,
reddit|principal ux engineer ads|remote,Reddit,"Principal UX Engineer, Ads",https://job-boards.greenhouse.io/reddit/jobs/8122887,Reddit,2026-08-11,2026-08-12,2026-08-12,Remote - United States,remote,,,62,stretch,medium,P3,Remote US role fits location needs,"Heavy design-partnership/UX research emphasis, less pure engineering",new,,,,,core,core title gate,🌎 US-Remote,0,
reddit|senior machine learning systems engineer ads ml experience platform|remote,Reddit,"Senior Machine Learning Systems Engineer, Ads ML Experience Platform",https://job-boards.greenhouse.io/reddit/jobs/8112967,Reddit,2026-08-10,2026-08-12,2026-08-12,Remote - United States,remote,,,30,not_recommended,medium,P3,ML platform/distributed training focus mismatches candidate stack,No ML systems background,new,,,,,core,core title gate,🌎 US-Remote,0,
reddit|senior software engineer messaging|remote,Reddit,Senior Software Engineer - Messaging,https://job-boards.greenhouse.io/reddit/jobs/8106246,Reddit,2026-08-04,2026-08-12,2026-08-12,Remote - United States,remote,,,30,not_recommended,medium,P3,Remote US role matches location prefs,Requires deep messaging/streaming infra expertise not in profile,aging,,,,,core,core title gate,🌎 US-Remote,0,
reddit|senior staff machine learning engineer feed relevance|remote,Reddit,"Senior Staff Machine Learning Engineer, Feed Relevance",https://job-boards.greenhouse.io/reddit/jobs/8122606,Reddit,2026-08-11,2026-08-12,2026-08-12,Remote - United States,remote,,,25,not_recommended,high,P3,ML/recommendation systems mismatch with core stack,Requires deep ML/recsys expertise candidate lacks,new,,,,,core,core title gate,🌎 US-Remote,0,
reddit|staff frontend engineer ads creative|remote,Reddit,"Staff Frontend Engineer, Ads Creative",https://job-boards.greenhouse.io/reddit/jobs/8082867,Reddit,2026-07-23,2026-08-12,2026-08-12,Remote - United States,remote,,,,,,P3,,,stale,,,,,core,core title gate,🌎 US-Remote,0,
reddit|staff machine learning engineer shopping ads|remote,Reddit,"Staff Machine Learning Engineer, Shopping Ads",https://job-boards.greenhouse.io/reddit/jobs/8115838,Reddit,2026-08-07,2026-08-12,2026-08-12,Remote - United States,remote,,,8,not_recommended,high,P3,"Requires deep ML/ads ranking expertise, not candidate's background",Wrong function: ML engineering vs full-stack/frontend,new,,,,,core,core title gate,🌎 US-Remote,0,
reddit|staff people integrations engineer|remote,Reddit,Staff People Integrations Engineer,https://job-boards.greenhouse.io/reddit/jobs/8094764,Reddit,2026-07-30,2026-08-12,2026-08-12,Remote - United States,remote,,,,,,P3,,,aging,,,,,core,core title gate,🌎 US-Remote,0,
reddit|senior business engineer ads|remote,Reddit,Senior Business Engineer - Ads,https://jobicy.com/jobs/144633-senior-business-engineer-ads,Jobicy (aggregator),2026-07-25,2026-08-12,2026-08-12,USA (Remote),remote,Full-Time,,,,,P3,,,stale,,,,,core,core title gate,🌎 US-Remote,0,
reddit|staff technical product manager ads ml platform|remote,Reddit,"Staff Technical Product Manager, Ads ML Platform",https://jobicy.com/jobs/145336-staff-technical-product-manager-ads-ml-platform,Jobicy (aggregator),2026-08-05,2026-08-12,2026-08-12,USA (Remote),remote,Full-Time,,25,not_recommended,high,P3,"This is a Product Manager role, not engineering",Not a software engineering IC role,new,,,,,core,core title gate,🌎 US-Remote,0,
reddit|senior technical product manager ads ml platform|remote,Reddit,"Senior Technical Product Manager, Ads ML Platform",https://jobicy.com/jobs/144634-senior-technical-product-manager-ads-ml-platform,Jobicy (aggregator),2026-07-25,2026-08-12,2026-08-12,USA (Remote),remote,Full-Time,,,,,P3,,,stale,,,,,core,core title gate,🌎 US-Remote,0,
ramp|software engineer forward deployed ai|remote,Ramp,"Software Engineer, Forward Deployed AI",https://jobs.ashbyhq.com/ramp/b614563f-3ce6-4dca-b5ba-0e5a6c8bda27,Ramp,2026-07-28,2026-08-12,2026-08-12,"New York, NY (HQ) (Remote)",remote,,$189K – $330K,,,,P3,,,stale,,,,,core,core title gate,🌎 US-Remote,0,
posthog|backend engineer|remote,PostHog,Backend Engineer,https://jobs.ashbyhq.com/posthog/1803b1de-d33b-4542-8e38-b6c4954cb789,PostHog,2026-08-06,2026-08-12,2026-08-12,Remote,remote,,,60,stretch,low,P3,"Remote-friendly, matches location prefs","Description cut off, unclear seniority/comp",new,,,,,core,core title gate,🌎 US-Remote,0,
posthog|context engineer|remote,PostHog,Context Engineer,https://jobs.ashbyhq.com/posthog/b4bc11c6-49a8-48e1-9815-950ce7eef84d,PostHog,2026-08-12,2026-08-12,2026-08-12,Remote,remote,,,55,stretch,low,P3,AI infrastructure/devtool company aligns with interests,Role title 'Context Engineer' unclear mandate,new,,,,,core,core title gate,🌎 US-Remote,0,
posthog|site reliability engineer central eastern time|remote,PostHog,Site Reliability Engineer (US - Central/Eastern time),https://jobs.ashbyhq.com/posthog/0d1b6a32-6a21-4933-a33a-303b0e49302e,PostHog,2026-08-06,2026-08-12,2026-08-12,Remote (US),remote,,,40,stretch,medium,P3,Remote US role fits location needs,Role likely emphasizes infra/ops over product engineering,new,,,,,core,core title gate,🌎 US-Remote,0,
plaid|technical support engineer|remote,Plaid,Technical Support Engineer,https://jobs.ashbyhq.com/plaid/3f299587-7bed-4e59-9eb1-2d5d1df01821,Plaid,2026-08-11,2026-08-12,2026-08-12,San Francisco HQ (Remote),remote,,"$73,872 – $110,000",10,not_recommended,high,P3,Customer support role - explicit dealbreaker,"Support function, not engineering",new,,,,,core,core title gate,🌎 US-Remote,0,
pinecone|senior staff software engineer search retrieval infrastructure|remote,Pinecone,"Senior/Staff Software Engineer, Search & Retrieval Infrastructure",https://jobs.ashbyhq.com/pinecone/7ef089cb-a721-4ad8-a6d0-c390e64991d2,Pinecone,2026-08-05,2026-08-12,2026-08-12,US Remote,hybrid,,$190K – $270K,45,stretch,medium,P3,AI infrastructure aligns with interests,Deep distributed retrieval/ML infra specialization not in background,new,,,,,core,core title gate,🌎 US-Remote,0,
pinecone|senior staff software engineer experience|remote,Pinecone,"Senior/Staff Software Engineer, Experience",https://jobs.ashbyhq.com/pinecone/ad347d1a-93d7-4867-83bc-99b06d3b5f01,Pinecone,2026-08-05,2026-08-12,2026-08-12,New York City (Remote),remote,,$190K – $270K,70,strong_fit,medium,P2,Remote role fits location preference,Heavy AI-agent/MCP specialization may be a gap,new,,,,,core,core title gate,🌎 US-Remote,0,
pattern|sr software engineer identity access management iam|lehi,Pattern,"Sr Software Engineer, Identity & Access Management (IAM)",https://jobs.lever.co/pattern/284fdb28-7c35-4168-91c8-4340c472eeba,Pattern,2026-08-05,2026-08-12,2026-08-12,"Lehi, UT, US",onsite,,,45,stretch,low,P3,Lehi UT onsite/hybrid matches location,"Thin description, unclear seniority scope",new,,,,,core,core title gate,📍 Local — Silicon Slopes,0,
omada health|staff software engineer|remote,Omada Health,Staff Software Engineer,https://job-boards.greenhouse.io/omadahealth/jobs/8074669,Omada Health,2026-07-23,2026-08-12,2026-08-12,"Remote, USA",remote,,,,,,P3,,,stale,,,,,core,core title gate,🌎 US-Remote,0,
notion|software engineer infrastructure security|remote,Notion,"Software Engineer, Infrastructure Security",https://jobs.ashbyhq.com/notion/e3d8dc06-da05-4e9d-a143-2e9c51fa3d51,Notion,2026-08-07,2026-08-12,2026-08-12,"San Francisco, California (Remote)",remote,,,25,not_recommended,medium,P3,"Security engineering specialization, not core background",Not remote - hybrid onsite required,new,,,,,core,core title gate,🌎 US-Remote,0,
notion|software engineer collections infra|remote,Notion,"Software Engineer, Collections Infra",https://jobs.ashbyhq.com/notion/ca74504a-9b91-4ce3-b0df-97919b46e749,Notion,2026-08-10,2026-08-12,2026-08-12,"San Francisco, California (Remote)",remote,,,30,not_recommended,medium,P3,"Backend infra role, not frontend-leaning fit","Requires in-office SF/NYC, no relocation",new,,,,,core,core title gate,🌎 US-Remote,0,
nice|ai devops engineer|usa sandy,NICE,AI DevOps Engineer,https://boards.eu.greenhouse.io/nice/jobs/4940087101?gh_jid=4940087101,NICE,2026-08-03,2026-08-12,2026-08-12,"USA - Sandy, UT",onsite,,,50,stretch,low,P3,Utah location matches preference,Heavy DevOps/SRE focus not core strength,aging,,,,,core,core title gate,📍 Local — Silicon Slopes,0,
nice|cx outbound solution engineer|remote,NICE,CX Outbound Solution Engineer,https://boards.eu.greenhouse.io/nice/jobs/4951002101?gh_jid=4951002101,NICE,2026-08-11,2026-08-12,2026-08-12,USA - Remote,remote,,,15,not_recommended,high,P3,Sales engineering dealbreaker,Explicit dealbreaker: sales engineering,new,,,,,core,core title gate,📍 Local — Silicon Slopes,0,
nice|partner success implementation engineer|remote,NICE,Partner Success Implementation Engineer,https://boards.eu.greenhouse.io/nice/jobs/4931025101?gh_jid=4931025101,NICE,2026-08-04,2026-08-12,2026-08-12,USA - Remote,remote,,,20,not_recommended,high,P3,Customer-facing implementation/support role,Support/customer-facing not engineering,aging,,,,,core,core title gate,📍 Local — Silicon Slopes,0,
nice|partner value solution engineer|remote,NICE,Partner Value Solution Engineer,https://boards.eu.greenhouse.io/nice/jobs/4951008101?gh_jid=4951008101,NICE,2026-08-12,2026-08-12,2026-08-12,USA - Remote,remote,,,15,not_recommended,high,P3,Sales engineering / partner enablement role,Wrong function entirely for candidate,new,,,,,core,core title gate,📍 Local — Silicon Slopes,0,
nice|professional services engineer|usa sandy,NICE,Professional Services Engineer,https://boards.eu.greenhouse.io/nice/jobs/4940224101?gh_jid=4940224101,NICE,2026-07-28,2026-08-12,2026-08-12,"USA - Sandy, UT",onsite,,,20,not_recommended,medium,P3,"Professional services/implementation role, not core engineering",Not hands-on product engineering,stale,,,,,core,core title gate,📍 Local — Silicon Slopes,0,
mercury|head of data engineering platform|remote,Mercury,Head of Data Engineering & Platform,https://job-boards.greenhouse.io/mercury/jobs/6141014004,Mercury,2026-08-11,2026-08-12,2026-08-12,"San Francisco, CA, New York, NY, Portland, OR, or Remote within Canada or United States",remote,,,25,not_recommended,medium,P3,"Data engineering leadership, not software engineering IC","Pure management role, dealbreaker",new,,,,,core,core title gate,🌎 US-Remote,0,
mercury|senior cloud security engineer infosec|remote,Mercury,Senior Cloud Security Engineer - InfoSec,https://job-boards.greenhouse.io/mercury/jobs/6134310004,Mercury,2026-08-04,2026-08-12,2026-08-12,"San Francisco, CA, New York, NY, Portland, OR, or Remote within Canada or United States",remote,,,25,not_recommended,medium,P3,Security engineering not candidate's core focus,Wrong function - security vs product engineering,aging,,,,,core,core title gate,🌎 US-Remote,0,
marqeta|senior production support engineer|remote,Marqeta,Senior Production Support Engineer,https://job-boards.greenhouse.io/marqeta/jobs/8077189,Marqeta,2026-07-28,2026-08-12,2026-08-12,"Remote, USA",remote,,,,,,P3,,,stale,,,,,core,core title gate,🌎 US-Remote,0,
mx|sr cloud platform engineer|lehi,MX,Sr. Cloud Platform Engineer,https://job-boards.greenhouse.io/mxtechnologiesinc/jobs/4361585009,MX,2026-08-10,2026-08-12,2026-08-12,"Lehi, Utah, United States",onsite,,,55,stretch,medium,P3,Lehi UT location fits Salt Lake Valley preference,"Role is infra/platform-heavy, less full-stack/frontend",new,,,,,core,core title gate,📍 Local — Silicon Slopes,0,
mx|sr observability engineer|lehi,MX,Sr. Observability Engineer,https://job-boards.greenhouse.io/mxtechnologiesinc/jobs/4339716009,MX,2026-07-31,2026-08-12,2026-08-12,"Lehi, Utah, United States",onsite,,,35,not_recommended,medium,P3,"Local Utah role, fintech infra",Requires deep observability/SRE expertise not in profile,aging,,,,,core,core title gate,📍 Local — Silicon Slopes,0,
linear|analytics engineer|remote,Linear,Analytics Engineer,https://jobs.ashbyhq.com/linear/f272fc4a-91a7-4dcf-9cb5-3600ebaf14e1,Linear,2026-08-11,2026-08-12,2026-08-12,North America (Remote),remote,,,30,not_recommended,high,P3,"Analytics engineering, not software engineering",Not a full-stack/platform engineering role,new,,,,,core,core title gate,🌎 US-Remote,0,
lawnstarter|staff product engineer|remote,LawnStarter,Staff Product Engineer,https://jobicy.com/jobs/147510-staff-product-engineer,Jobicy (aggregator),2026-07-24,2026-08-12,2026-08-12,Anywhere (Remote),remote,Full-Time,,,,,P3,,,stale,,,,,core,core title gate,🌎 US-Remote,0,
launchdarkly|developer advocate growth|remote,LaunchDarkly,"Developer Advocate, Growth",https://job-boards.greenhouse.io/launchdarkly/jobs/7819879003,LaunchDarkly,2026-07-28,2026-08-12,2026-08-12,Remote - US,remote,,,,,,P3,,,stale,,,,,core,core title gate,🌎 US-Remote,0,
launchdarkly|staff engineer distributed systems flag delivery|remote,LaunchDarkly,Staff Engineer – Distributed Systems – Flag Delivery,https://job-boards.greenhouse.io/launchdarkly/jobs/7849596003,LaunchDarkly,2026-08-10,2026-08-12,2026-08-12,Remote - US,remote,,,45,stretch,medium,P3,Remote US role fits location needs,Deep distributed systems specialization vs generalist background,new,,,,,core,core title gate,🌎 US-Remote,0,
langchain|deployed engineer austin|remote,LangChain,Deployed Engineer (Austin),https://jobs.ashbyhq.com/langchain/937e131f-1055-4f1f-bd8a-f036e4ba0666,LangChain,2026-08-03,2026-08-12,2026-08-12,"Austin, TX (Remote)",remote,,,,,,P3,,,aging,,,,,core,core title gate,🌎 US-Remote,0,
langchain|deployed engineer dallas|remote,LangChain,Deployed Engineer (Dallas),https://jobs.ashbyhq.com/langchain/8b533cc4-6654-44b4-b3fc-004def2a9927,LangChain,2026-08-03,2026-08-12,2026-08-12,"Dallas, TX (Remote)",remote,,,,,,P3,,,aging,,,,,core,core title gate,🌎 US-Remote,0,
langchain|deployed engineer chicago|remote,LangChain,Deployed Engineer (Chicago),https://jobs.ashbyhq.com/langchain/38947013-3d0c-4257-aa58-ab8fe247ea3e,LangChain,2026-08-05,2026-08-12,2026-08-12,"Chicago, IL (Remote)",remote,,,30,not_recommended,medium,P3,AI infra interest matches but role is customer-facing,Customer-facing pre-sales work conflicts with dealbreakers,new,,,,,core,core title gate,🌎 US-Remote,0,
langchain|ai engineer enablement|remote,LangChain,"AI Engineer, Enablement",https://jobs.ashbyhq.com/langchain/b8dead31-212a-4b92-82a7-c42df16ae877,LangChain,2026-08-05,2026-08-12,2026-08-12,"San Francisco, CA (Remote)",remote,,,30,not_recommended,medium,P3,AI infra interest aligns loosely,Not primarily software engineering,new,,,,,core,core title gate,🌎 US-Remote,0,
langchain|deployed engineer houston|remote,LangChain,Deployed Engineer (Houston),https://jobs.ashbyhq.com/langchain/385313eb-bff4-4019-8106-42714dc9879a,LangChain,2026-08-03,2026-08-12,2026-08-12,"Houston, TX (Remote)",remote,,,,,,P3,,,aging,,,,,core,core title gate,🌎 US-Remote,0,
lvt|quality engineer|spanish fork,LVT,Quality Engineer,https://job-boards.greenhouse.io/liveviewtechnologiesinc/jobs/5369362008,LVT,2026-07-27,2026-08-12,2026-08-12,"Spanish Fork, Utah, United States",onsite,,,5,not_recommended,high,P3,"Manufacturing hardware QA, not software engineering",Wrong function entirely,stale,,,,,core,core title gate,📍 Local — Silicon Slopes,0,
lvt|senior devops engineer i|american fork,LVT,Senior DevOps Engineer I,https://job-boards.greenhouse.io/liveviewtechnologiesinc/jobs/5371739008,LVT,2026-07-27,2026-08-12,2026-08-12,"American Fork, Utah, United States",onsite,,,35,not_recommended,medium,P3,"DevOps/infra role, not full-stack engineering",Not aligned with frontend/full-stack expertise,stale,,,,,core,core title gate,📍 Local — Silicon Slopes,0,
lvt|senior fullstack software engineer|american fork,LVT,Senior Fullstack Software Engineer,https://job-boards.greenhouse.io/liveviewtechnologiesinc/jobs/5368027008,LVT,2026-07-28,2026-08-12,2026-08-12,"American Fork, Utah, United States",onsite,,,68,strong_fit,medium,P2,Fullstack React work matches strengths,"Onsite in American Fork, not remote-stated",stale,,,,,core,core title gate,📍 Local — Silicon Slopes,0,
lvt|senior software engineer ii backend|american fork,LVT,Senior Software Engineer II - Backend,https://job-boards.greenhouse.io/liveviewtechnologiesinc/jobs/5372856008,LVT,2026-07-29,2026-08-12,2026-08-12,"American Fork, Utah, United States",onsite,,,72,strong_fit,medium,P2,Backend microservices/API role fits skillset,"Onsite likely required, not remote",aging,,,,,core,core title gate,📍 Local — Silicon Slopes,0,
lvt|sensor integration engineer ii|american fork,LVT,Sensor Integration Engineer II,https://job-boards.greenhouse.io/liveviewtechnologiesinc/jobs/5377974008,LVT,2026-08-04,2026-08-12,2026-08-12,"American Fork, Utah, United States",onsite,,,10,not_recommended,high,P3,"Hardware/sensor QA engineering, not software",Hardware sensor validation not software engineering,aging,,,,,core,core title gate,📍 Local — Silicon Slopes,0,
lvt|software engineer ii|american fork,LVT,Software Engineer II,https://job-boards.greenhouse.io/liveviewtechnologiesinc/jobs/5367884008,LVT,2026-07-28,2026-08-12,2026-08-12,"American Fork, Utah, United States",onsite,,,45,not_recommended,medium,P3,Utah onsite matches location preference,Level II likely below Principal seniority target,stale,,,,,core,core title gate,📍 Local — Silicon Slopes,0,
lvt|staff software engineer backend|american fork,LVT,Staff Software Engineer - Backend,https://job-boards.greenhouse.io/liveviewtechnologiesinc/jobs/5381423008,LVT,2026-08-05,2026-08-12,2026-08-12,"American Fork, Utah, United States",onsite,,,62,strong_fit,medium,P2,Staff-level backend IC role in Utah,"Backend-only, less frontend/React emphasis",new,,,,,core,core title gate,📍 Local — Silicon Slopes,0,
jumio|customer escalation engineer|remote,Jumio,Customer Escalation Engineer,https://weworkremotely.com/remote-jobs/jumio-customer-escalation-engineer,We Work Remotely (aggregator),2026-08-06,2026-08-12,2026-08-12,Anywhere in the World (Remote),remote,Full-Time,,12,not_recommended,high,P3,"Customer support role, explicit dealbreaker",Customer support dealbreaker,new,,,,,core,core title gate,🌎 US-Remote,0,
instacart|detection engineer ii|remote,Instacart,Detection Engineer II,https://instacart.careers/job/?gh_jid=8080512,Instacart,2026-07-22,2026-08-12,2026-08-12,United States - Remote,remote,,,,,,P3,,,stale,,,,,core,core title gate,🌎 US-Remote,0,
instacart|forward deployed engineer|remote,Instacart,Forward Deployed Engineer,https://instacart.careers/job/?gh_jid=8097510,Instacart,2026-07-30,2026-08-12,2026-08-12,United States - Remote,remote,,,,,,P3,,,aging,,,,,core,core title gate,🌎 US-Remote,0,
instacart|senior risk compliance engineer data|remote,Instacart,Senior Risk & Compliance Engineer - Data,https://instacart.careers/job/?gh_jid=8091191,Instacart,2026-07-29,2026-08-12,2026-08-12,United States - Remote,remote,,,,,,P3,,,aging,,,,,core,core title gate,🌎 US-Remote,0,
instacart|staff software engineer bazel go|remote,Instacart,"Staff Software Engineer, Bazel & Go",https://instacart.careers/job/?gh_jid=8080310,Instacart,2026-07-22,2026-08-12,2026-08-12,United States - Remote,remote,,,,,,P3,,,stale,,,,,core,core title gate,🌎 US-Remote,0,
instacart|staff software engineer orders platform|remote,Instacart,"Staff Software Engineer, Orders Platform",https://instacart.careers/job/?gh_jid=8110286,Instacart,2026-08-10,2026-08-12,2026-08-12,United States - Remote,remote,,,72,strong_fit,medium,P2,US-remote matches location preference,Backend/distributed-systems heavy vs frontend strength,new,,,,,core,core title gate,🌎 US-Remote,0,
included health|staff ai solutions engineer|remote,Included Health,Staff AI Solutions Engineer,https://jobs.lever.co/includedhealth/e2a1f001-c4d3-4f5c-9fef-8e791332d36f,Included Health,2026-07-22,2026-08-12,2026-08-12,Remote,remote,,,,,,P3,,,stale,,,,,core,core title gate,🌎 US-Remote,0,
hinge health|staff software engineer proactive communications|remote,Hinge Health,"Staff Software Engineer, Proactive Communications",https://jobs.ashbyhq.com/hinge-health/4fba45fc-b27f-4ac8-9eac-2b8ac66c0a58,Hinge Health,2026-07-29,2026-08-12,2026-08-12,San Francisco-HQ (Remote),remote,,$197.6K – $296.4K,,,,P3,,,aging,,,,,core,core title gate,🌎 US-Remote,0,
hinge health|staff software engineer cv ux|remote,Hinge Health,"Staff Software Engineer, CV UX",https://jobs.ashbyhq.com/hinge-health/aaef9501-f998-442b-882c-32d0e8023405,Hinge Health,2026-07-29,2026-08-12,2026-08-12,Montreal-HQ (Remote),remote,,CA$134.4K – CA$201.6K,,,,P3,,,aging,,,,,core,core title gate,🌎 US-Remote,0,
hinge health|sr staff engineer|remote,Hinge Health,Sr. Staff Engineer,https://jobs.ashbyhq.com/hinge-health/369dbd5f-0a12-4d57-9e96-8e1f38ba9ea2,Hinge Health,2026-07-29,2026-08-12,2026-08-12,San Francisco-HQ (Remote),remote,,$240K – $330K,,,,P3,,,aging,,,,,core,core title gate,🌎 US-Remote,0,
hinge health|sr quality engineer|remote,Hinge Health,Sr. Quality Engineer,https://jobs.ashbyhq.com/hinge-health/96dbc789-0ea8-4c66-b70e-8ef21af7b55c,Hinge Health,2026-07-31,2026-08-12,2026-08-12,Montreal-HQ (Remote),remote,,CA$90.4K – CA$135.6K,,,,P3,,,aging,,,,,core,core title gate,🌎 US-Remote,0,
hinge health|staff software engineer home pod react native|remote,Hinge Health,"Staff Software Engineer, Home Pod (React Native)",https://jobs.ashbyhq.com/hinge-health/f7e949d1-fe6b-4357-bf1c-52cfe0f5f790,Hinge Health,2026-07-31,2026-08-12,2026-08-12,San Francisco-HQ (Remote),remote,,$192K – $288K,,,,P3,,,aging,,,,,core,core title gate,🌎 US-Remote,0,
hinge health|staff software engineer gi|remote,Hinge Health,"Staff Software Engineer, GI",https://jobs.ashbyhq.com/hinge-health/d7bba1dc-1f6d-4ad0-9ad0-e65aa0aae628,Hinge Health,2026-08-06,2026-08-12,2026-08-12,San Francisco-HQ (Remote),remote,,$197K – $296K,62,strong_fit,low,P3,"Remote, senior IC staff engineer role",Healthcare domain unfamiliar vs SaaS background,new,,,,,core,core title gate,🌎 US-Remote,0,
hinge health|senior ai developer|remote,Hinge Health,Senior AI Developer,https://jobs.ashbyhq.com/hinge-health/b0583044-fe9f-4e3a-bdca-1a8cf53960d5,Hinge Health,2026-08-05,2026-08-12,2026-08-12,Montreal-HQ (Remote),hybrid,,CA$136.8K – CA$205.2K,30,not_recommended,medium,P3,ML infra/CV focus mismatches full-stack background,Location requires relocation to Montreal,new,,,,,core,core title gate,🌎 US-Remote,0,
hinge health|sr software engineer gi|remote,Hinge Health,"Sr. Software Engineer, GI",https://jobs.ashbyhq.com/hinge-health/5e7401a9-405b-4bd6-866e-d5f008657e2d,Hinge Health,2026-08-06,2026-08-12,2026-08-12,San Francisco-HQ (Remote),remote,,$164K – $247K,58,strong_fit,medium,P2,Remote senior IC engineering role,Domain (healthtech) mismatch vs enterprise SaaS background,new,,,,,core,core title gate,🌎 US-Remote,0,
hinge health|staff engineer msk verticals|remote,Hinge Health,"Staff Engineer, MSK Verticals",https://jobs.ashbyhq.com/hinge-health/146a5143-c0af-4aef-b504-8c1f5ed6339a,Hinge Health,2026-08-11,2026-08-12,2026-08-12,San Francisco-HQ (Remote),remote,,$192K – $264K,55,stretch,medium,P3,Remote role fits location needs,NestJS/PostgreSQL not core strengths vs .NET stack,new,,,,,core,core title gate,🌎 US-Remote,0,
hinge health|staff engineer tech lead msk verticals|remote,Hinge Health,"Staff Engineer/Tech Lead, MSK Verticals",https://jobs.ashbyhq.com/hinge-health/940323e5-4b8a-4e42-830d-0850bfc07c39,Hinge Health,2026-08-11,2026-08-12,2026-08-12,San Francisco-HQ (Remote),remote,,$192K – $264K,55,stretch,medium,P3,Staff engineering technical leadership role,"Node/NestJS and React Native, not core .NET/React stack",new,,,,,core,core title gate,🌎 US-Remote,0,
highlevel|software development engineer iii core crm|remote,HighLevel,Software Development Engineer III - Core CRM,https://weworkremotely.com/remote-jobs/highlevel-software-development-engineer-iii-core-crm,We Work Remotely (aggregator),2026-07-22,2026-08-12,2026-08-12,Anywhere in the World (Remote),remote,Full-Time,,,,,P3,,,stale,,,,,core,core title gate,🌎 US-Remote,0,
headway|staff software engineer experimentation|remote,Headway,Staff Software Engineer - Experimentation,https://jobs.ashbyhq.com/headway/c22233f6-3143-4cb4-9c0c-8119e7ae7629,Headway,2026-08-10,2026-08-12,2026-08-12,Remote,remote,,$265K – $331K,45,stretch,low,P3,Remote role matches location preference,No tech stack details to confirm React/.NET fit,new,,,,,core,core title gate,🌎 US-Remote,0,
headway|staff software engineer journeys|remote,Headway,Staff Software Engineer (Journeys),https://jobs.ashbyhq.com/headway/d123a2aa-7c3c-4833-bfc2-4d3356db1041,Headway,2026-08-10,2026-08-12,2026-08-12,Remote,remote,,$265K – $331K,65,strong_fit,low,P3,"Remote, staff-level IC engineering role","Job description cut off, unclear tech stack",new,,,,,core,core title gate,🌎 US-Remote,0,
headway|staff software engineer insurance|remote,Headway,Staff Software Engineer - Insurance,https://jobs.ashbyhq.com/headway/2c7faf60-19df-49c9-9e19-f1bbfa839dc2,Headway,2026-08-07,2026-08-12,2026-08-12,Remote,remote,,$224K – $336K,55,stretch,low,P3,Remote role fits location needs,Unclear tech stack alignment (React/.NET not mentioned),new,,,,,core,core title gate,🌎 US-Remote,0,
headway|senior engineering manager web platform|remote,Headway,"Senior Engineering Manager, Web Platform",https://jobs.ashbyhq.com/headway/9ce97d23-19aa-4741-97cf-e8532ce747d3,Headway,2026-08-10,2026-08-12,2026-08-12,New York City (Remote),remote,,$261.2K – $331.5K,40,not_recommended,medium,P3,Engineering Manager title is people-management focused,Pure management role conflicts with dealbreakers,new,,,,,core,core title gate,🌎 US-Remote,0,
gusto|staff software engineer time and scheduling|remote,Gusto,"Staff Software Engineer, Time and Scheduling",https://job-boards.greenhouse.io/gusto/jobs/8077301,Gusto,2026-08-03,2026-08-12,2026-08-12,"New York, NY;Toronto, Ontario, CAN - Remote",remote,,,,,,P3,,,aging,,,,,core,core title gate,🌎 US-Remote,0,
grow therapy|senior software engineer developer experience ai enablement|remote,Grow Therapy,Senior Software Engineer - Developer Experience & AI Enablement,https://jobs.ashbyhq.com/grow-therapy/058d3dd1-c7c7-421d-9ede-e7f9afdb6211,Grow Therapy,2026-07-31,2026-08-12,2026-08-12,San Francisco (Remote),remote,,$182K – $250K,,,,P3,,,aging,,,,,core,core title gate,🌎 US-Remote,0,
grow therapy|staff software engineer developer experience ai enablement|remote,Grow Therapy,Staff Software Engineer - Developer Experience & Ai Enablement,https://jobs.ashbyhq.com/grow-therapy/76429bab-1895-4581-9785-4d3a3e670a02,Grow Therapy,2026-07-31,2026-08-12,2026-08-12,San Francisco (Remote),remote,,$217K – $289K,,,,P3,,,aging,,,,,core,core title gate,🌎 US-Remote,0,
grafana|senior fullstack engineer grafana cloud observability|remote,Grafana Labs,Senior FullStack Engineer - Grafana Cloud Observability| US | Remote,https://job-boards.greenhouse.io/grafanalabs/jobs/6130907004,Grafana Labs,2026-07-31,2026-08-12,2026-08-12,United States (Remote),remote,,,,,,P3,,,aging,,,,,core,core title gate,🌎 US-Remote,0,
grafana|senior machine learning engineer developer advocacy|remote,Grafana Labs,"Senior Machine Learning Engineer, Developer Advocacy | US | Remote",https://job-boards.greenhouse.io/grafanalabs/jobs/6121755004,Grafana Labs,2026-07-22,2026-08-12,2026-08-12,United States (Remote),remote,,,,,,P3,,,stale,,,,,core,core title gate,🌎 US-Remote,0,
grafana|senior solutions engineer west coast|remote,Grafana Labs,Senior Solutions Engineer | West Coast | Remote,https://job-boards.greenhouse.io/grafanalabs/jobs/6137468004,Grafana Labs,2026-08-10,2026-08-12,2026-08-12,United States (Remote),remote,,,25,not_recommended,high,P3,"Sales engineering role, explicit dealbreaker",Sales engineering dealbreaker,new,,,,,core,core title gate,🌎 US-Remote,0,
grafana|solutions engineer east or central|remote,Grafana Labs,Solutions Engineer | East or Central US | Remote,https://job-boards.greenhouse.io/grafanalabs/jobs/6127968004,Grafana Labs,2026-07-27,2026-08-12,2026-08-12,United States (Remote),remote,,,,,,P3,,,stale,,,,,core,core title gate,🌎 US-Remote,0,
gitlab|customer success engineer latam spanish portugese|remote,GitLab,"Customer Success Engineer, LATAM (Spanish, Portugese)",https://job-boards.greenhouse.io/gitlab/jobs/8637426002,GitLab,2026-07-22,2026-08-12,2026-08-12,"Remote, Brazil; Remote, Mexico; Remote, United States",remote,,,,,,P3,,,stale,,,,,core,core title gate,🌎 US-Remote,0,
gitlab|intermediate backend engineer platform readiness|remote,GitLab,"Intermediate Backend Engineer, Platform Readiness",https://job-boards.greenhouse.io/gitlab/jobs/8644569002,GitLab,2026-08-03,2026-08-12,2026-08-12,"Remote, Canada; Remote, United States",remote,,,,,,P3,,,aging,,,,,core,core title gate,🌎 US-Remote,0,
gitlab|principal product manager ai software factory|remote,GitLab,"Principal Product Manager, AI Software Factory",https://job-boards.greenhouse.io/gitlab/jobs/8658878002,GitLab,2026-08-03,2026-08-12,2026-08-12,"Remote, Canada; Remote, United States",remote,,,,,,P3,,,aging,,,,,core,core title gate,🌎 US-Remote,0,
gitlab|senior backend engineer architecture engineering nonlinear productivity|remote,GitLab,"Senior Backend Engineer, Architecture Engineering: Nonlinear Productivity",https://job-boards.greenhouse.io/gitlab/jobs/8646556002,GitLab,2026-08-05,2026-08-12,2026-08-12,"Remote, Canada; Remote, United States",remote,,,72,strong_fit,medium,P2,Remote US role fits location preference,"Primarily backend-focused, less frontend/React",new,,,,,core,core title gate,🌎 US-Remote,0,
gitlab|senior backend engineer monitoring and anomaly detection monetization|remote,GitLab,Senior Backend Engineer - Monitoring and Anomaly Detection (Monetization),https://job-boards.greenhouse.io/gitlab/jobs/8615319002,GitLab,2026-07-23,2026-08-12,2026-08-12,"Remote, Bangalore",remote,,,,,,P3,,,stale,,,,,core,core title gate,🌎 US-Remote,0,
gitlab|senior backend engineer platform readiness|remote,GitLab,"Senior Backend Engineer, Platform Readiness",https://job-boards.greenhouse.io/gitlab/jobs/8644572002,GitLab,2026-08-03,2026-08-12,2026-08-12,"Remote, Canada; Remote, United States",remote,,,,,,P3,,,aging,,,,,core,core title gate,🌎 US-Remote,0,
gitlab|senior backend engineer ruby plan portfolio experience|remote,GitLab,"Senior Backend Engineer (Ruby), Plan: Portfolio Experience",https://job-boards.greenhouse.io/gitlab/jobs/8682707002,GitLab,2026-08-10,2026-08-12,2026-08-12,"Remote, Canada; Remote, United States",remote,,,30,not_recommended,medium,P3,Remote-friendly location fits,No Ruby/Rails experience shown,new,,,,,core,core title gate,🌎 US-Remote,0,
gitlab|staff backend engineer architecture engineering nonlinear productivity|remote,GitLab,"Staff Backend Engineer, Architecture Engineering: Nonlinear Productivity",https://job-boards.greenhouse.io/gitlab/jobs/8646544002,GitLab,2026-08-05,2026-08-12,2026-08-12,"Remote, Canada; Remote, United States",remote,,,65,strong_fit,medium,P2,"Remote-friendly, US-based","Backend-heavy, less frontend focus",new,,,,,core,core title gate,🌎 US-Remote,0,
gitlab|staff backend engineer ruby ai engineering dap repository flows|remote,GitLab,"Staff Backend Engineer (Ruby), AI Engineering: DAP Repository Flows",https://job-boards.greenhouse.io/gitlab/jobs/8646573002,GitLab,2026-08-07,2026-08-12,2026-08-12,"Remote, Canada; Remote, United States",remote,,,40,stretch,medium,P3,"Remote-friendly, AI infra interest match","Requires Ruby expertise, not in candidate stack",new,,,,,core,core title gate,🌎 US-Remote,0,
gitlab|staff engineer people technology|remote,GitLab,"Staff Engineer, People Technology",https://job-boards.greenhouse.io/gitlab/jobs/8638295002,GitLab,2026-07-22,2026-08-12,2026-08-12,"Remote, Canada; Remote, United States",remote,,,,,,P3,,,stale,,,,,core,core title gate,🌎 US-Remote,0,
gitlab|support engineer amer|remote,GitLab,Support Engineer (AMER),https://job-boards.greenhouse.io/gitlab/jobs/8654230002,GitLab,2026-07-31,2026-08-12,2026-08-12,"Remote, Canada; Remote, United States",remote,,,,,,P3,,,aging,,,,,core,core title gate,🌎 US-Remote,0,
gemini|senior data platform engineer|remote,Gemini,Senior Data Platform Engineer,https://boards.greenhouse.io/embed/job_app?for=gemini&token=8099895&gh_jid=8099895,Gemini,2026-08-04,2026-08-12,2026-08-12,"New York, New York; Miami, Florida; Remote (USA)",remote,,,25,not_recommended,medium,P3,"Data infra/SRE role, not frontend/full-stack",Mismatch with React/full-stack strengths,aging,,,,,core,core title gate,🌎 US-Remote,0,
fivetran|senior business value engineer|remote,Fivetran,Senior Business Value Engineer,https://www.fivetran.com/careers/job?gh_jid=7822951003,Fivetran,2026-07-31,2026-08-12,2026-08-12,"Remote, Washington, United States, AMER",remote,,,,,,P3,,,aging,,,,,core,core title gate,🌎 US-Remote,0,
fivetran|staff software engineer metadata|remote,Fivetran,"Staff Software Engineer, Metadata",https://www.fivetran.com/careers/job?gh_jid=7823193003,Fivetran,2026-08-10,2026-08-12,2026-08-12,"Remote, California, United States, AMER",remote,,,50,stretch,medium,P3,Backend/platform engineering aligns with strengths,Unclear tech stack match (likely different from .NET/React),new,,,,,core,core title gate,🌎 US-Remote,0,
filevine|staff site reliability engineer|remote,Filevine,Staff Site Reliability Engineer,https://jobs.lever.co/filevine/e57a5f16-0711-4f50-a9a9-d19edf7b097a,Filevine,2026-08-01,2026-08-12,2026-08-12,Remote,remote,,"$235,000–$275,000/yr",45,stretch,medium,P3,Remote role at legal AI SaaS company,"SRE is infra/ops focused, not candidate's core strength",aging,,,,,core,core title gate,📍 Local — Silicon Slopes,0,
dropbox|senior fullstack product software engineer web experience|remote,Dropbox,"Senior Fullstack Product Software Engineer, Web Experience",https://jobs.dropbox.com/listing/8074709?gh_jid=8074709,Dropbox,2026-07-23,2026-08-12,2026-08-12,Remote - Mexico,remote,,,,,,P3,,,stale,,,,,core,core title gate,🌎 US-Remote,0,
dropbox|principal software engineer core sharing collaboration|remote,Dropbox,"Principal Software Engineer, Core Sharing & Collaboration",https://weworkremotely.com/remote-jobs/dropbox-principal-software-engineer-core-sharing-collaboration,We Work Remotely (aggregator),2026-07-22,2026-08-12,2026-08-12,Anywhere in the World (Remote),remote,Full-Time,,,,,P3,,,stale,,,,,core,core title gate,🌎 US-Remote,0,
domo|senior cloudops engineer|remote,Domo,Senior CloudOps Engineer,https://domo.wd12.myworkdayjobs.com/DomoCareers/job/US-UT-Remote/Senior-CloudOps-Engineer_JR100285,Domo,2026-07-31,2026-08-12,2026-08-12,US UT Remote,remote,,,35,not_recommended,low,P3,Utah remote location matches,No job description provided,aging,,,,,core,core title gate,📍 Local — Silicon Slopes,0,
docker|senior principal product manager ai agent platform|remote,Docker,"Senior Principal Product Manager, AI & Agent Platform",https://jobs.ashbyhq.com/docker/ec1eeb85-73bd-4956-bb67-93e0c42958e2,Docker,2026-07-30,2026-08-12,2026-08-12,United States (Remote),remote,,$300K – $340K,,,,P3,,,aging,,,,,core,core title gate,🌎 US-Remote,0,
docker|senior software engineer docker desktop desktop systems focus east coast|remote,Docker,"Senior Software Engineer, Docker Desktop, Desktop Systems Focus (East Coast)",https://jobs.ashbyhq.com/docker/8faa282d-9783-4957-bace-ab29abd9e470,Docker,2026-08-10,2026-08-12,2026-08-12,United States (Remote),remote,,,40,stretch,medium,P3,Developer tooling company aligns with interests,"Requires East Coast timezone, excludes Utah candidate",new,,,,,core,core title gate,🌎 US-Remote,0,
docker|principal software engineer networking seattle or sf bay area|remote,Docker,"Principal Software Engineer, Networking (Seattle or SF Bay Area)",https://jobs.ashbyhq.com/docker/c7d880eb-4fb5-48db-b325-595cc8a8d017,Docker,2026-07-27,2026-08-12,2026-08-12,San Francisco Bay Area (Remote),remote,,,,,,P3,,,stale,,,,,core,core title gate,🌎 US-Remote,0,
docker|staff software engineer networking seattle or sf bay area|remote,Docker,"Staff Software Engineer, Networking (Seattle or SF Bay Area)",https://jobs.ashbyhq.com/docker/57ccbca7-6818-4e34-8f31-bf762e1f4e00,Docker,2026-07-27,2026-08-12,2026-08-12,San Francisco Bay Area (Remote),remote,,,,,,P3,,,stale,,,,,core,core title gate,🌎 US-Remote,0,
digicert|senior infrastructure engineer|lehi,DigiCert,Senior Infrastructure Engineer,https://www.digicert.com/careers/?gh_jid=8624428002,DigiCert,2026-07-29,2026-08-12,2026-08-12,Lehi,onsite,,,15,not_recommended,high,P3,"Datacenter/infrastructure ops role, not software engineering",Not a software engineering role,aging,,,,,core,core title gate,📍 Local — Silicon Slopes,0,
deepgram|staff product manager agentic experiences former engineer|remote,Deepgram,"Staff Product Manager, Agentic Experiences (Former Engineer)",https://jobs.ashbyhq.com/deepgram/17f95148-fa1c-4c34-82c8-333589bef789,Deepgram,2026-07-29,2026-08-12,2026-08-12,USA | Remote,remote,,$200K – $268K,,,,P3,,,aging,,,,,core,core title gate,🌎 US-Remote,0,
deepgram|senior software engineer model evaluation ai systems|remote,Deepgram,Senior Software Engineer - Model Evaluation & AI Systems,https://jobs.ashbyhq.com/deepgram/6f3d761e-4873-43af-a9b1-daeb147661f9,Deepgram,2026-07-28,2026-08-12,2026-08-12,USA | Remote,remote,,$180K – $240K,,,,P3,,,stale,,,,,core,core title gate,🌎 US-Remote,0,
datadog|senior developer advocate modern app development|remote,Datadog,Senior Developer Advocate - Modern App Development,https://weworkremotely.com/remote-jobs/datadog-senior-developer-advocate-modern-app-development,We Work Remotely (aggregator),2026-07-22,2026-08-12,2026-08-12,Anywhere in the World (Remote),remote,Full-Time,,,,,P3,,,stale,,,,,core,core title gate,🌎 US-Remote,0,
cricut|senior systems quality engineer|south jordan,Cricut,Senior Systems Quality Engineer,https://jobs.smartrecruiters.com/cricut/744000142970729,Cricut,2026-08-11,2026-08-12,2026-08-12,"South Jordan, UT, United States",onsite,,,15,not_recommended,low,P3,"QA/systems quality role, not software engineering",Wrong function - quality engineering not dev,new,,,,,core,core title gate,📍 Local — Silicon Slopes,0,
cricut|systems verification validation engineer|south jordan,Cricut,Systems Verification & Validation Engineer,https://jobs.smartrecruiters.com/cricut/744000142735637,Cricut,2026-08-10,2026-08-12,2026-08-12,"South Jordan, UT, United States",onsite,,,12,not_recommended,low,P3,V&V engineering doesn't match software architecture background,No description available to verify scope,new,,,,,core,core title gate,📍 Local — Silicon Slopes,0,
cricut|lead agentic software engineer|south jordan,Cricut,Lead Agentic Software Engineer,https://jobs.smartrecruiters.com/cricut/744000141575704,Cricut,2026-08-04,2026-08-12,2026-08-12,"South Jordan, UT, United States",onsite,,,65,stretch,low,P3,South Jordan UT location matches preference,No description to verify scope or tech stack,aging,,,,,core,core title gate,📍 Local — Silicon Slopes,0,
cricut|lead agentic software engineer connected devices|south jordan,Cricut,"Lead Agentic Software Engineer, Connected Devices",https://jobs.smartrecruiters.com/cricut/744000141577074,Cricut,2026-08-04,2026-08-12,2026-08-12,"South Jordan, UT, United States",onsite,,,50,stretch,low,P3,Utah location matches preference,No job description provided,aging,,,,,core,core title gate,📍 Local — Silicon Slopes,0,
cricut|product quality engineer materials|south jordan,Cricut,Product Quality Engineer – Materials,https://jobs.smartrecruiters.com/cricut/744000140495670,Cricut,2026-07-29,2026-08-12,2026-08-12,"South Jordan, UT, United States",onsite,,,8,not_recommended,medium,P3,Materials quality engineering unrelated to software,Wrong function entirely,aging,,,,,core,core title gate,📍 Local — Silicon Slopes,0,
cricut|staff ai native software engineer|south jordan,Cricut,Staff AI-Native Software Engineer,https://jobs.smartrecruiters.com/cricut/744000139368229,Cricut,2026-07-23,2026-08-12,2026-08-12,"South Jordan, UT, United States",onsite,,,68,stretch,low,P3,Staff engineering IC role matches seniority target,No job description available to verify scope,stale,,,,,core,core title gate,📍 Local — Silicon Slopes,0,
cricut|firmware test engineer|south jordan,Cricut,Firmware Test Engineer,https://jobs.smartrecruiters.com/cricut/744000139160279,Cricut,2026-07-22,2026-08-12,2026-08-12,"South Jordan, UT, United States",onsite,,,8,not_recommended,low,P3,Firmware test engineering not candidate's domain,Wrong function entirely,stale,,,,,core,core title gate,📍 Local — Silicon Slopes,0,
cresta|developer relations engineer|remote,Cresta,Developer Relations Engineer,https://job-boards.greenhouse.io/cresta/jobs/5376093008,Cresta,2026-08-12,2026-08-12,2026-08-12,United States (Remote),remote,,,40,not_recommended,medium,P3,Remote US role,"DevRel leans toward community/support, dealbreaker adjacent",new,,,,,core,core title gate,🌎 US-Remote,0,
cresta|growth marketing manager web cro|remote,Cresta,"Growth Marketing Manager, Web & CRO",https://job-boards.greenhouse.io/cresta/jobs/5376924008,Cresta,2026-07-31,2026-08-12,2026-08-12,United States (Remote),remote,,,,,,P3,,,aging,,,,,core,core title gate,🌎 US-Remote,0,
cresta|solutions engineer ai agent|remote,Cresta,"Solutions Engineer, AI Agent",https://job-boards.greenhouse.io/cresta/jobs/5369032008,Cresta,2026-07-23,2026-08-12,2026-08-12,United States (Remote),remote,,,,,,P3,,,stale,,,,,core,core title gate,🌎 US-Remote,0,
confluent|staff software engineer|remote,Confluent,Staff Software Engineer,https://jobs.ashbyhq.com/confluent/80a47c3e-a160-4277-a452-1eef9c689167,Confluent,2026-07-22,2026-08-12,2026-08-12,"Mountain View, California (Remote)",remote,,$235.7K – $277K,,,,P3,,,stale,,,,,core,core title gate,🌎 US-Remote,0,
confiz|full stack engineer lv 4 java javascript|remote,Confiz,Full Stack Engineer - Lv 4 / Java + JavaScript,https://weworkremotely.com/remote-jobs/confiz-full-stack-engineer-lv-4-java-javascript,We Work Remotely (aggregator),2026-08-04,2026-08-12,2026-08-12,NSA (Remote),remote,Full-Time,,,,,P3,,,aging,,,,,core,core title gate,🌎 US-Remote,0,
coinbase|forward deployed engineer compliance office of the cto|remote,Coinbase,"Forward Deployed Engineer, Compliance [Office of the CTO]",https://www.coinbase.com/careers/positions/8099099?gh_jid=8099099,"Coinbase, We Work Remotely (aggregator)",2026-07-31,2026-08-12,2026-08-12,Remote - USA,remote,Full-Time,,30,not_recommended,medium,P3,AI-assisted dev interest but forward-deployed role,Founding/forward-deployed role misaligned with IC preference,aging,,,,,core,core title gate,🌎 US-Remote,0,
coinbase|forward deployed engineer finance office of the cto|remote,Coinbase,"Forward Deployed Engineer, Finance [Office of the CTO]",https://www.coinbase.com/careers/positions/8072932?gh_jid=8072932,Coinbase,2026-07-22,2026-08-12,2026-08-12,Remote - USA,remote,,,,,,P3,,,stale,,,,,core,core title gate,🌎 US-Remote,0,
coinbase|it service desk engineer|remote,Coinbase,IT Service Desk Engineer,https://www.coinbase.com/careers/positions/8097880?gh_jid=8097880,Coinbase,2026-07-31,2026-08-12,2026-08-12,Remote - USA,remote,,,,,,P3,,,aging,,,,,core,core title gate,🌎 US-Remote,0,
coinbase|senior engineering manager core automation platform|remote,Coinbase,"Senior Engineering Manager, Core Automation (Platform)",https://www.coinbase.com/careers/positions/8124224?gh_jid=8124224,Coinbase,2026-08-12,2026-08-12,2026-08-12,Remote - USA,remote,,,30,not_recommended,medium,P3,"Pure people-management role, not IC","Explicit management role, conflicts with IC preference",new,,,,,core,core title gate,🌎 US-Remote,0,
coinbase|senior it automation engineer|remote,Coinbase,Senior IT Automation Engineer,https://www.coinbase.com/careers/positions/8095207?gh_jid=8095207,Coinbase,2026-07-29,2026-08-12,2026-08-12,Remote - USA,remote,,,,,,P3,,,aging,,,,,core,core title gate,🌎 US-Remote,0,
coinbase|senior software engineer backend platform tokens wrapped assets|remote,Coinbase,"Senior Software Engineer, Backend - Platform (Tokens & Wrapped Assets)",https://www.coinbase.com/careers/positions/8095252?gh_jid=8095252,Coinbase,2026-07-30,2026-08-12,2026-08-12,Remote - USA,remote,,,,,,P3,,,aging,,,,,core,core title gate,🌎 US-Remote,0,
coinbase|senior software engineer data engineering platform|remote,Coinbase,"Senior Software Engineer, Data Engineering Platform",https://www.coinbase.com/careers/positions/8082199?gh_jid=8082199,Coinbase,2026-07-24,2026-08-12,2026-08-12,Remote - USA,remote,,,,,,P3,,,stale,,,,,core,core title gate,🌎 US-Remote,0,
coinbase|senior software engineer data layer|remote,Coinbase,"Senior Software Engineer, Data Layer",https://www.coinbase.com/careers/positions/8064873?gh_jid=8064873,Coinbase,2026-07-23,2026-08-12,2026-08-12,Remote - USA,remote,,,,,,P3,,,stale,,,,,core,core title gate,🌎 US-Remote,0,
coinbase|senior software engineer frontend coinbase card team|remote,Coinbase,Senior Software Engineer - Frontend - Coinbase Card team,https://www.coinbase.com/careers/positions/8088201?gh_jid=8088201,Coinbase,2026-07-28,2026-08-12,2026-08-12,Remote - USA,remote,,,,,,P3,,,stale,,,,,core,core title gate,🌎 US-Remote,0,
coinbase|senior software engineer stablecoins|remote,Coinbase,"Senior Software Engineer, Stablecoins",https://www.coinbase.com/careers/positions/8104873?gh_jid=8104873,Coinbase,2026-08-06,2026-08-12,2026-08-12,Remote - USA,remote,,,25,not_recommended,high,P3,Remote matches location preference,Requires production Solidity/smart contract experience,new,,,,,core,core title gate,🌎 US-Remote,0,
coinbase|staff analytics engineer compliance data|remote,Coinbase,"Staff Analytics Engineer, Compliance Data",https://www.coinbase.com/careers/positions/8104148?gh_jid=8104148,Coinbase,2026-08-06,2026-08-12,2026-08-12,Remote - USA,remote,,,22,not_recommended,medium,P3,"Analytics/data engineering, not core software engineering fit",Wrong function - data/analytics engineering not full-stack SWE,new,,,,,core,core title gate,🌎 US-Remote,0,
coinbase|staff software engineer backend finhub ledger|remote,Coinbase,"Staff Software Engineer, Backend - FinHub (Ledger)",https://www.coinbase.com/careers/positions/8064916?gh_jid=8064916,Coinbase,2026-07-23,2026-08-12,2026-08-12,Remote - USA,remote,,,,,,P3,,,stale,,,,,core,core title gate,🌎 US-Remote,0,
coinbase|staff software engineer platform access authorization|remote,Coinbase,Staff Software Engineer (Platform - Access & Authorization),https://www.coinbase.com/careers/positions/8114877?gh_jid=8114877,Coinbase,2026-08-07,2026-08-12,2026-08-12,Remote - USA,remote,,,45,stretch,medium,P3,Auth/identity infrastructure aligns with OAuth/JWT/Cognito experience,"Requires deep Go expertise, candidate is C#/React focused",new,,,,,core,core title gate,🌎 US-Remote,0,
coinbase|senior software engineer trading|remote,Coinbase,Senior Software Engineer - Trading,https://weworkremotely.com/remote-jobs/coinbase-senior-software-engineer-trading,We Work Remotely (aggregator),2026-07-23,2026-08-12,2026-08-12,Anywhere in the World (Remote),remote,Full-Time,,,,,P3,,,stale,,,,,core,core title gate,🌎 US-Remote,0,
coinbase|group product manager developer infrastructure|remote,Coinbase,"Group Product Manager, Developer Infrastructure",https://weworkremotely.com/remote-jobs/coinbase-group-product-manager-developer-infrastructure,We Work Remotely (aggregator),2026-07-22,2026-08-12,2026-08-12,Anywhere in the World (Remote),remote,Full-Time,,,,,P3,,,stale,,,,,core,core title gate,🌎 US-Remote,0,
cloudflare|engineering manager security platform|remote,Cloudflare,Engineering Manager - Security Platform,https://boards.greenhouse.io/cloudflare/jobs/8007815?gh_jid=8007815,Cloudflare,2026-07-22,2026-08-12,2026-08-12,Distributed; Hybrid,hybrid,,,,,,P3,,,stale,,,,,core,core title gate,🌎 US-Remote,0,
cloudflare|senior customer engineer digital native enterprise los angeles|remote,Cloudflare,"Senior Customer Engineer, Digital Native Enterprise - Los Angeles",https://boards.greenhouse.io/cloudflare/jobs/8078129?gh_jid=8078129,Cloudflare,2026-07-22,2026-08-12,2026-08-12,Distributed,remote,,,,,,P3,,,stale,,,,,core,core title gate,🌎 US-Remote,0,
cloudflare|senior customer engineer fed toronto ca|remote,Cloudflare,"Senior Customer Engineer, Fed - Toronto, CA",https://boards.greenhouse.io/cloudflare/jobs/8122071?gh_jid=8122071,Cloudflare,2026-08-12,2026-08-12,2026-08-12,Distributed,remote,,,8,not_recommended,high,P3,Sales/customer engineering role,Wrong function entirely,new,,,,,core,core title gate,🌎 US-Remote,0,
cloudflare|senior customer engineer majors detroit mi|remote,Cloudflare,"Senior Customer Engineer, Majors - Detroit, MI",https://boards.greenhouse.io/cloudflare/jobs/8078323?gh_jid=8078323,Cloudflare,2026-07-23,2026-08-12,2026-08-12,Distributed,remote,,,,,,P3,,,stale,,,,,core,core title gate,🌎 US-Remote,0,
cloudflare|senior customer engineer majors toronto ca|remote,Cloudflare,"Senior Customer Engineer, Majors - Toronto, CA",https://boards.greenhouse.io/cloudflare/jobs/8121983?gh_jid=8121983,Cloudflare,2026-08-12,2026-08-12,2026-08-12,Distributed,remote,,,10,not_recommended,high,P3,Customer-facing sales engineering role,Wrong function for candidate,new,,,,,core,core title gate,🌎 US-Remote,0,
cloudflare|senior customer engineer named charlotte nc|remote,Cloudflare,"Senior Customer Engineer, Named - Charlotte, NC",https://boards.greenhouse.io/cloudflare/jobs/8082834?gh_jid=8082834,Cloudflare,2026-07-24,2026-08-12,2026-08-12,Distributed,remote,,,,,,P3,,,stale,,,,,core,core title gate,🌎 US-Remote,0,
cloudflare|senior customer engineer named minnesota|remote,Cloudflare,"Senior Customer Engineer, Named - Minnesota",https://boards.greenhouse.io/cloudflare/jobs/8121827?gh_jid=8121827,Cloudflare,2026-08-11,2026-08-12,2026-08-12,Distributed,remote,,,8,not_recommended,high,P3,"Sales engineering role, explicit dealbreaker",Wrong function entirely,new,,,,,core,core title gate,🌎 US-Remote,0,
cloudflare|senior customer engineer nashville|remote,Cloudflare,Senior Customer Engineer - Nashville,https://boards.greenhouse.io/cloudflare/jobs/8087769?gh_jid=8087769,Cloudflare,2026-08-03,2026-08-12,2026-08-12,Distributed,remote,,,,,,P3,,,aging,,,,,core,core title gate,🌎 US-Remote,0,
cloudflare|senior customer engineer shenzhen|remote,Cloudflare,"Senior Customer Engineer, Shenzhen",https://boards.greenhouse.io/cloudflare/jobs/8115936?gh_jid=8115936,Cloudflare,2026-08-07,2026-08-12,2026-08-12,Distributed,remote,,,8,not_recommended,high,P3,Sales/customer-facing engineering role,Wrong function - customer-facing sales,new,,,,,core,core title gate,🌎 US-Remote,0,
cloudflare|senior customer engineer vancouver bc|remote,Cloudflare,"Senior Customer Engineer - Vancouver, BC",https://boards.greenhouse.io/cloudflare/jobs/8093023?gh_jid=8093023,Cloudflare,2026-07-29,2026-08-12,2026-08-12,Distributed,remote,,,,,,P3,,,aging,,,,,core,core title gate,🌎 US-Remote,0,
close|senior frontend engineer growth only 100|remote,Close,Senior Frontend Engineer – Growth (USA Only - 100% Remote),https://jobs.ashbyhq.com/close/bbd78474-bee4-4fdc-a670-9234457bcf29,Close,2026-08-03,2026-08-12,2026-08-12,USA - Remote,remote,,,,,,P3,,,aging,,,,,core,core title gate,🌎 US-Remote,0,
clickhouse|engineering lead web platform|remote,ClickHouse,"Engineering Lead, Web Platform",https://job-boards.greenhouse.io/clickhouse/jobs/6126897004,ClickHouse,2026-07-27,2026-08-12,2026-08-12,United States (Remote),remote,,,,,,P3,,,stale,,,,,core,core title gate,🌎 US-Remote,0,
clickhouse|senior cloud engineer|remote,ClickHouse,Senior Cloud Engineer,https://job-boards.greenhouse.io/clickhouse/jobs/5994727004,ClickHouse,2026-07-23,2026-08-12,2026-08-12,(Remote),hybrid,,,,,,P3,,,stale,,,,,core,core title gate,🌎 US-Remote,0,
clickhouse|senior consulting engineer amer|remote,ClickHouse,Senior Consulting Engineer - AMER,https://job-boards.greenhouse.io/clickhouse/jobs/6140168004,ClickHouse,2026-08-10,2026-08-12,2026-08-12,North America (Remote),remote,,,25,not_recommended,medium,P3,Consulting/support role not core engineering,Heavy customer support component,new,,,,,core,core title gate,🌎 US-Remote,0,
clickhouse|senior curriculum developer instructor|remote,ClickHouse,Senior Curriculum Developer & Instructor,https://job-boards.greenhouse.io/clickhouse/jobs/6127775004,ClickHouse,2026-07-27,2026-08-12,2026-08-12,United States (Remote),remote,,,,,,P3,,,stale,,,,,core,core title gate,🌎 US-Remote,0,
clickhouse|senior product security engineer|remote,ClickHouse,Senior Product Security Engineer,https://job-boards.greenhouse.io/clickhouse/jobs/6130149004,ClickHouse,2026-07-29,2026-08-12,2026-08-12,United States (remote),remote,,,,,,P3,,,aging,,,,,core,core title gate,🌎 US-Remote,0,
circle|staff site reliability engineer|remote,Circle,Staff Site Reliability Engineer,https://circle.wd1.myworkdayjobs.com/Circle/job/San-Francisco---remote-first-in-US/Staff-Site-Reliability-Engineer_JR101101/apply,Circle,2026-08-04,2026-08-12,2026-08-12,"San Francisco, California, United States of America (Remote)",remote,,,,,,P3,,,aging,,,,,core,core title gate,🌎 US-Remote,0,
circle|senior site reliability engineer infra ops|remote,Circle,Senior Site Reliability Engineer - Infra Ops,https://circle.wd1.myworkdayjobs.com/Circle/job/San-Francisco---remote-first-in-US/Senior-Site-Reliability-Engineer---Infra-Ops_JR101085/apply,Circle,2026-08-04,2026-08-12,2026-08-12,"San Francisco, California, United States of America (Remote)",remote,,,,,,P3,,,aging,,,,,core,core title gate,🌎 US-Remote,0,
chime|software engineer ai enablement|remote,Chime,"Software Engineer, AI Enablement",https://boards.greenhouse.io/chime/jobs/8578967002?gh_jid=8578967002,Chime,2026-08-03,2026-08-12,2026-08-12,"Remote, USA",remote,,,,,,P3,,,aging,,,,,core,core title gate,🌎 US-Remote,0,
chainguard|principal software engineer libraries platform|remote,Chainguard,Principal Software Engineer (Libraries Platform),https://job-boards.greenhouse.io/chainguard/jobs/4698956006,Chainguard,2026-08-12,2026-08-12,2026-08-12,United States - Remote,remote,,,55,stretch,medium,P3,Remote US role fits location needs,Requires deep security/CVE/build pipeline expertise,new,,,,,core,core title gate,🌎 US-Remote,0,
chainguard|security engineer|remote,Chainguard,Security Engineer,https://job-boards.greenhouse.io/chainguard/jobs/4700281006,Chainguard,2026-07-27,2026-08-12,2026-08-12,United States - Remote,remote,,,,,,P3,,,stale,,,,,core,core title gate,🌎 US-Remote,0,
chainguard|senior security engineer cloud|remote,Chainguard,Senior Security Engineer (Cloud),https://job-boards.greenhouse.io/chainguard/jobs/4700287006,Chainguard,2026-07-28,2026-08-12,2026-08-12,United States - Remote,remote,,,,,,P3,,,stale,,,,,core,core title gate,🌎 US-Remote,0,
chainguard|senior software engineer ai cicd|remote,Chainguard,Senior Software Engineer (AI CICD),https://job-boards.greenhouse.io/chainguard/jobs/4700937006,Chainguard,2026-07-29,2026-08-12,2026-08-12,Europe - Remote; United Kingdom - Remote; United States - Remote,remote,,,,,,P3,,,aging,,,,,core,core title gate,🌎 US-Remote,0,
chainguard|senior software engineer developer platform|remote,Chainguard,"Senior Software Engineer, Developer Platform",https://job-boards.greenhouse.io/chainguard/jobs/4699416006,Chainguard,2026-07-24,2026-08-12,2026-08-12,United States - Remote,remote,,,,,,P3,,,stale,,,,,core,core title gate,🌎 US-Remote,0,
chainguard|senior software engineer guarded os|remote,Chainguard,Senior Software Engineer  (Guarded OS),https://job-boards.greenhouse.io/chainguard/jobs/4686153006,Chainguard,2026-08-04,2026-08-12,2026-08-12,United States - Remote,remote,,,45,stretch,medium,P3,Remote US role fits location needs,Heavy Go/Kubernetes package-build specialization mismatch,aging,,,,,core,core title gate,🌎 US-Remote,0,
chainguard|software engineer libraries platform|remote,Chainguard,Software Engineer (Libraries Platform),https://job-boards.greenhouse.io/chainguard/jobs/4699210006,Chainguard,2026-07-27,2026-08-12,2026-08-12,United States - Remote,remote,,,,,,P3,,,stale,,,,,core,core title gate,🌎 US-Remote,0,
chainguard|staff product security engineer|remote,Chainguard,Staff Product Security Engineer,https://job-boards.greenhouse.io/chainguard/jobs/4696743006,Chainguard,2026-08-06,2026-08-12,2026-08-12,United States - Remote,remote,,,15,not_recommended,high,P3,"Specialized security engineering, not candidate's domain",Requires deep security/DevSecOps specialization candidate lacks,new,,,,,core,core title gate,🌎 US-Remote,0,
chainguard|staff software engineer ai cicd|remote,Chainguard,Staff Software Engineer (AI CICD),https://job-boards.greenhouse.io/chainguard/jobs/4700933006,Chainguard,2026-07-29,2026-08-12,2026-08-12,Europe - Remote; United Kingdom - Remote; United States - Remote,remote,,,,,,P3,,,aging,,,,,core,core title gate,🌎 US-Remote,0,
buffer|senior infrastructure engineer|remote,Buffer,Senior Infrastructure Engineer,https://jobs.ashbyhq.com/buffer/1ee8b707-48a0-40cc-a319-3fb7c665a1e8,Buffer,2026-07-28,2026-08-12,2026-08-12,Remote,remote,,"$164,595 – $212,744",,,,P3,,,stale,,,,,core,core title gate,🌎 US-Remote,0,
baseten|it support operations engineer|remote,Baseten,IT Support / Operations Engineer,https://jobs.ashbyhq.com/baseten/c07eb44f-b5fa-4808-90b7-03b265d97836,Baseten,2026-07-30,2026-08-12,2026-08-12,New York (Remote),hybrid,,$125K – $170K,,,,P3,,,aging,,,,,core,core title gate,🌎 US-Remote,0,
baseten|ai inference engineer|remote,Baseten,AI Inference Engineer,https://jobs.ashbyhq.com/baseten/db6477fc-111a-4340-bf00-525fe023e6f3,Baseten,2026-08-03,2026-08-12,2026-08-12,San Francisco (Remote),remote,,$165K – $330K,,,,P3,,,aging,,,,,core,core title gate,🌎 US-Remote,0,
baseten|software engineer observability|remote,Baseten,Software Engineer - Observability,https://jobs.ashbyhq.com/baseten/3e925ab1-2089-4a79-989e-50479b546eda,Baseten,2026-08-10,2026-08-12,2026-08-12,San Francisco (Remote),remote,,$165K – $330K,30,not_recommended,medium,P3,"Backend infra/observability, not frontend-leaning full-stack",Mismatch with frontend/React strengths,new,,,,,core,core title gate,🌎 US-Remote,0,
baseten|software engineer continuous delivery|remote,Baseten,Software Engineer - Continuous Delivery,https://jobs.ashbyhq.com/baseten/fb886b59-fdc3-4315-a9b3-c49808bcd2ce,Baseten,2026-08-11,2026-08-12,2026-08-12,San Francisco (Remote),remote,,$165K – $330K,40,stretch,medium,P3,Remote-eligible AI infrastructure company,"Heavy DevOps/SRE focus, not full-stack/frontend",new,,,,,core,core title gate,🌎 US-Remote,0,
baseten|software engineer testing frameworks|remote,Baseten,Software Engineer - Testing Frameworks,https://jobs.ashbyhq.com/baseten/78028a72-2431-4373-aaec-d6e2c9a1cc7d,Baseten,2026-08-11,2026-08-12,2026-08-12,San Francisco (Remote),remote,,$165K – $330K,40,stretch,medium,P3,Remote infra role at hot AI company,"Heavy focus on test tooling, not full-stack",new,,,,,core,core title gate,🌎 US-Remote,0,
baseten|software engineer ai developer productivity|remote,Baseten,Software Engineer - AI Developer Productivity,https://jobs.ashbyhq.com/baseten/e71e97a8-6367-4050-b6a9-42ce62ec78f1,Baseten,2026-08-11,2026-08-12,2026-08-12,San Francisco (Remote),remote,,$165K – $330K,65,strong_fit,medium,P2,Developer productivity/tooling matches strengths,Heavy AI/agent tooling focus vs full-stack background,new,,,,,core,core title gate,🌎 US-Remote,0,
bamboohr|sr data engineer|utah hybrid,BambooHR,Sr. Data Engineer,https://job-boards.greenhouse.io/bamboohr17/jobs/6120089004,BambooHR,2026-07-30,2026-08-12,2026-08-12,Utah | Hybrid,hybrid,,,30,not_recommended,high,P3,"Data engineering role, not software/frontend engineering",Wrong function - data engineering vs full-stack/platform engineering,aging,,,,,core,core title gate,📍 Local — Silicon Slopes,0,
bamboohr|sr forward deployed engineer|utah hybrid,BambooHR,Sr. Forward Deployed Engineer,https://job-boards.greenhouse.io/bamboohr17/jobs/6115974004,BambooHR,2026-08-05,2026-08-12,2026-08-12,Utah | Hybrid,hybrid,,,30,not_recommended,medium,P3,Utah hybrid location matches preference,Requires travel to customer sites,new,,,,,core,core title gate,📍 Local — Silicon Slopes,0,
bamboohr|sr product manager core data platform|utah hybrid,BambooHR,"Sr. Product Manager, Core Data Platform",https://job-boards.greenhouse.io/bamboohr17/jobs/6127677004,BambooHR,2026-07-28,2026-08-12,2026-08-12,Utah | Hybrid,hybrid,,,20,not_recommended,high,P3,"Product Manager role, not engineering",Not a hands-on IC engineering role,stale,,,,,core,core title gate,📍 Local — Silicon Slopes,0,
byu|platform engineer|provo,BYU,Platform Engineer,https://byu.wd1.myworkdayjobs.com/byu-careers/job/Provo-UT/Platform-Engineer_JR-10391,BYU,2026-08-10,2026-08-12,2026-08-12,"Provo, UT",onsite,,"$73,000-$95,000",45,stretch,low,P3,Platform engineering matches skillset,No job description available,new,,,,,core,core title gate,📍 Local — Silicon Slopes,0,
bill|senior lead product manager decisioning platform|draper,BILL,Senior Lead Product Manager - Decisioning Platform,https://www.bill.com/job?6128903004&gh_jid=6128903004,BILL,2026-07-28,2026-08-12,2026-08-12,"Draper, Utah, United States; San Jose, California, United States",onsite,,,15,not_recommended,high,P3,"Product management role, not engineering",Not a hands-on software engineering role,stale,,,,,core,core title gate,📍 Local — Silicon Slopes,0,
asana|senior privacy engineer|remote,Asana,Senior Privacy Engineer,https://weworkremotely.com/remote-jobs/asana-senior-privacy-engineer,We Work Remotely (aggregator),2026-08-02,2026-08-12,2026-08-12,Anywhere in the World (Remote),hybrid,Full-Time,,,,,P3,,,aging,,,,,core,core title gate,🌎 US-Remote,0,
angi|principal product manager ai platform|remote,Angi,"Principal Product Manager, AI Platform",https://jobs.ashbyhq.com/angi/59a468ef-aef4-41a1-8bf2-5c920524e5d0,Angi,2026-08-04,2026-08-12,2026-08-12,Remote - United States,remote,,,,,,P3,,,aging,,,,,core,core title gate,🌎 US-Remote,0,
ancestry|machine learning engineer co op|remote,Ancestry,"Machine Learning Engineer, Co-op",https://ancestry.wd501.myworkdayjobs.com/Careers/job/Remote/Machine-Learning-Engineer--Co-op_R003377,Ancestry,2026-08-11,2026-08-12,2026-08-12,Remote,remote,,,12,not_recommended,low,P3,"Co-op/entry-level role, not senior IC",Likely entry-level pay and scope,new,,,,,core,core title gate,📍 Local — Silicon Slopes,0,
airbyte|senior ai platform engineer|remote,Airbyte,Senior AI Platform Engineer,https://jobs.ashbyhq.com/airbyte/b59bbc91-fb77-4a08-9c47-0fca7f755942,Airbyte,2026-07-27,2026-08-12,2026-08-12,San Francisco (Remote),remote,,$196K – $235K,,,,P3,,,stale,,,,,core,core title gate,🌎 US-Remote,0,
airbyte|senior site reliability engineer|remote,Airbyte,Senior Site Reliability Engineer,https://jobs.ashbyhq.com/airbyte/5930fed9-c4f6-43c3-87be-3402c2c46489,Airbyte,2026-07-30,2026-08-12,2026-08-12,San Francisco (Remote),remote,,$196K – $235K,,,,P3,,,aging,,,,,core,core title gate,🌎 US-Remote,0,
affirm|engineering manager machine learning platform|remote,Affirm,"Engineering Manager, Machine Learning Platform",https://job-boards.greenhouse.io/affirm/jobs/7817804003,Affirm,2026-07-27,2026-08-12,2026-08-12,Remote US,remote,,,,,,P3,,,stale,,,,,core,core title gate,🌎 US-Remote,0,
affirm|machine learning engineer ii underwriting ml|remote,Affirm,Machine Learning Engineer II (Underwriting ML),https://job-boards.greenhouse.io/affirm/jobs/7822387003,Affirm,2026-08-06,2026-08-12,2026-08-12,Remote US,remote,,,15,not_recommended,high,P3,"ML engineering, not full-stack/frontend expertise",Requires ML modeling expertise candidate lacks,new,,,,,core,core title gate,🌎 US-Remote,0,
affirm|product security engineer ii|remote,Affirm,Product Security Engineer II,https://job-boards.greenhouse.io/affirm/jobs/7796534003,Affirm,2026-07-27,2026-08-12,2026-08-12,Remote US,remote,,,,,,P3,,,stale,,,,,core,core title gate,🌎 US-Remote,0,
affirm|senior software engineer affirm bank|remote,Affirm,"Senior Software Engineer, Affirm Bank",https://job-boards.greenhouse.io/affirm/jobs/7812982003,Affirm,2026-07-27,2026-08-12,2026-08-12,Remote US,remote,,,,,,P3,,,stale,,,,,core,core title gate,🌎 US-Remote,0,
affirm|senior software engineer backend batch infrastructure|remote,Affirm,"Senior Software Engineer, Backend (Batch Infrastructure)",https://job-boards.greenhouse.io/affirm/jobs/7785812003,Affirm,2026-08-05,2026-08-12,2026-08-12,Remote US,remote,,,45,stretch,medium,P3,Remote US aligns with location preference,Heavy backend/infra emphasis vs frontend strength,new,,,,,core,core title gate,🌎 US-Remote,0,
affirm|senior software engineer backend pba growth|remote,Affirm,"Senior Software Engineer, Backend (PBA - Growth)",https://job-boards.greenhouse.io/affirm/jobs/7808384003,Affirm,2026-07-24,2026-08-12,2026-08-12,Remote US,remote,,,,,,P3,,,stale,,,,,core,core title gate,🌎 US-Remote,0,
affirm|senior software engineer backend reliability platform|remote,Affirm,"Senior Software Engineer, Backend (Reliability Platform)",https://job-boards.greenhouse.io/affirm/jobs/7820306003,Affirm,2026-08-04,2026-08-12,2026-08-12,Remote US,remote,,,60,stretch,medium,P3,Remote US matches location preference,"Backend-only role, less frontend architecture",aging,,,,,core,core title gate,🌎 US-Remote,0,
affirm|senior software engineer fullstack card acquisition|remote,Affirm,"Senior Software Engineer, Fullstack (Card Acquisition)",https://job-boards.greenhouse.io/affirm/jobs/7819654003,Affirm,2026-07-29,2026-08-12,2026-08-12,Remote US,remote,,,,,,P3,,,aging,,,,,core,core title gate,🌎 US-Remote,0,
affirm|staff analytics analyst full stack revenue|remote,Affirm,"Staff Analytics Analyst, Full Stack (Revenue)",https://job-boards.greenhouse.io/affirm/jobs/7819999003,Affirm,2026-08-05,2026-08-12,2026-08-12,Remote US,remote,,,25,not_recommended,medium,P3,Analytics engineering not software engineering,"Requires analytics engineering, not full-stack SWE",new,,,,,core,core title gate,🌎 US-Remote,0,
affirm|staff ciam security engineer|remote,Affirm,Staff CIAM Security Engineer,https://job-boards.greenhouse.io/affirm/jobs/7819449003,Affirm,2026-08-12,2026-08-12,2026-08-12,Remote US,remote,,,45,stretch,medium,P3,Remote US role fits location needs,Deep CIAM security specialization not demonstrated,new,,,,,core,core title gate,🌎 US-Remote,0,
affirm|staff software engineer affirm bank|remote,Affirm,"Staff Software Engineer, Affirm Bank",https://job-boards.greenhouse.io/affirm/jobs/7813107003,Affirm,2026-08-06,2026-08-12,2026-08-12,Remote US,remote,,,62,stretch,medium,P3,Remote US matches location preference,Banking/fintech infra domain differs from candidate's stack,new,,,,,core,core title gate,🌎 US-Remote,0,
affirm|staff software engineer backend online storage|remote,Affirm,"Staff Software Engineer, Backend (Online Storage)",https://job-boards.greenhouse.io/affirm/jobs/7833950003,Affirm,2026-08-10,2026-08-12,2026-08-12,Remote US,remote,,,40,stretch,medium,P3,Remote US matches location preference,"Deep OLTP/database infra expertise required, not core skillset",new,,,,,core,core title gate,🌎 US-Remote,0,
affirm|staff software engineer backend order platform|remote,Affirm,"Staff Software Engineer, Backend (Order Platform)",https://job-boards.greenhouse.io/affirm/jobs/7819704003,Affirm,2026-08-10,2026-08-12,2026-08-12,Remote US,remote,,,62,stretch,medium,P3,Remote US role fits location preference,"Backend-only, less aligned with frontend strengths",new,,,,,core,core title gate,🌎 US-Remote,0,
affirm|staff software engineer backend search|remote,Affirm,"Staff Software Engineer, Backend (Search)",https://job-boards.greenhouse.io/affirm/jobs/7803078003,Affirm,2026-07-22,2026-08-12,2026-08-12,Remote US,remote,,,,,,P3,,,stale,,,,,core,core title gate,🌎 US-Remote,0,
adobe|sr data solution engineer|lehi,Adobe,Sr Data Solution Engineer,https://adobe.wd5.myworkdayjobs.com/external_experienced/job/Lehi/Sr-Data-Solution-Engineer_R170420,Adobe,2026-07-28,2026-08-12,2026-08-12,Lehi,onsite,,,35,stretch,low,P3,Utah location matches preference,No job description available,stale,,,,,core,core title gate,📍 Local — Silicon Slopes,0,
adobe|software development engineer adobe firefly web|lehi,Adobe,Software Development Engineer - Adobe Firefly Web,https://adobe.wd5.myworkdayjobs.com/external_experienced/job/San-Jose/Software-Development-Engineer---Adobe-Firefly-Web_R170972-1,Adobe,2026-08-10,2026-08-12,2026-08-12,Lehi (+1 more),onsite,,"$177,900 - $257,550",65,stretch,low,P3,Lehi Utah location matches preference,No description available to confirm scope,new,,,,,core,core title gate,📍 Local — Silicon Slopes,0,
adobe|marketing technologies engineer analytics growth martech engineering|lehi,Adobe,Marketing Technologies Engineer (Analytics) — Growth & Martech Engineering,https://adobe.wd5.myworkdayjobs.com/external_experienced/job/Lehi/Marketing-Technologies-Engineer--Analytics----Growth---Martech-Engineering_R167498,Adobe,2026-08-06,2026-08-12,2026-08-12,Lehi (+2 more),onsite,,"$148,500 - $214,950",25,not_recommended,low,P3,Marketing analytics engineering not core focus,No description available to verify scope,new,,,,,core,core title gate,📍 Local — Silicon Slopes,0,
adobe|data science engineer|lehi,Adobe,Data Science Engineer,https://adobe.wd5.myworkdayjobs.com/external_experienced/job/San-Jose/Data-Science-Engineer_R169523-1,Adobe,2026-07-24,2026-08-12,2026-08-12,Lehi (+3 more),onsite,,"$163,200 - $236,400",30,not_recommended,low,P3,"Data science role, not software engineering",No description to assess mandate,stale,,,,,core,core title gate,📍 Local — Silicon Slopes,0,
1password|developer open source|remote,1Password,"Developer, Open Source",https://jobs.ashbyhq.com/1password/c22ea4e6-f39b-448c-a9e9-a04445ba18e6,1Password,2026-07-29,2026-08-12,2026-08-12,Remote (United States | Canada),remote,,,,,,P3,,,aging,,,,,core,core title gate,🌎 US-Remote,0,
1password|senior it engineer|remote,1Password,Senior IT Engineer,https://jobs.ashbyhq.com/1password/df6afe6a-7e62-4d57-be23-22583d0cdeb9,1Password,2026-07-30,2026-08-12,2026-08-12,Remote (United States | Canada),remote,,,,,,P3,,,aging,,,,,core,core title gate,🌎 US-Remote,0,
1password|senior developer ci architecture|remote,1Password,"Senior Developer, CI Architecture",https://jobs.ashbyhq.com/1password/5cea0067-467b-4e1a-9ae5-089541ecd827,1Password,2026-08-03,2026-08-12,2026-08-12,Remote (United States | Canada),remote,,,,,,P3,,,aging,,,,,core,core title gate,🌎 US-Remote,0,
1password|senior security engineer vulnerability management|remote,1Password,"Senior Security Engineer, Vulnerability Management",https://jobs.ashbyhq.com/1password/b50830bf-d475-4cd9-b89c-b2176a4d1465,1Password,2026-08-04,2026-08-12,2026-08-12,Remote (United States | Canada),remote,,,15,not_recommended,high,P3,"Security engineering role, not software engineering",No frontend/backend dev focus,aging,,,,,core,core title gate,🌎 US-Remote,0,
1password|privacy engineer|remote,1Password,Privacy Engineer,https://jobs.ashbyhq.com/1password/7f885c41-7572-439c-886f-bc508eb9a3d7,1Password,2026-08-11,2026-08-12,2026-08-12,Remote (United States | Canada),remote,,,30,not_recommended,medium,P3,Remote US role,Requires privacy/compliance domain expertise candidate lacks,new,,,,,core,core title gate,🌎 US-Remote,0,
