job_key,company,title,canonical_url,sources,posted_date,first_seen,last_verified,location,work_arrangement,employment_type,compensation,fit_score,recommendation,confidence,priority,why_fits,top_concern,status,user_decision,rejection_reason,closed_date,removal_reason,tier,match_reason,lane,times_shown,last_shown
zillow|principal strategic gtm program manager|remote,Zillow Group,Principal Strategic GTM Program Manager,https://zillow.wd5.myworkdayjobs.com/Zillow_Group_External/job/Remote-USA/Principal-Strategic-GTM-Program-Manager_P751158-1,Zillow Group,2026-08-27,2026-08-27,2026-08-27,Remote-USA,remote,,"$131,700.00 - $210,300.00",65,strong_fit,low,P3,Priority employer Zillow Group,No description; scope unclear,new,,,,,discovery,role family 'program manager' + seniority in title,⭐ Priority employers,0,
zillow|principal sales strategy business partner|remote,Zillow Group,Principal Sales Strategy Business Partner,https://zillow.wd5.myworkdayjobs.com/Zillow_Group_External/job/Remote-USA/Senior-Sales-Strategy-Business-Partner_P750409-1,Zillow Group,2026-08-26,2026-08-27,2026-08-27,Remote-USA,remote,,"$131,700.00 - $210,300.00",60,stretch,low,P3,Priority employer Zillow Group,No description available to confirm scope,new,,,,,core,core title gate,⭐ Priority employers,0,
yokogawa|account manager northeast|remote,Yokogawa,ACCOUNT MANAGER - NORTHEAST,https://himalayas.app/companies/yokogawa/jobs/account-manager-northeast,Himalayas (aggregator),2026-08-27,2026-08-27,2026-08-27,Georgia (Remote),remote,Full Time,,15,not_recommended,medium,P3,Quota-carrying sales account manager role,"Sales-quota ownership, not strategic scope",new,,,,,discovery,"mandate in description (digital transformation, operational excellence); demoted to wildcards by the precision rule 'account manager'",🌎 US-Remote,0,
workwave|marketing operations manager pardot administrator|remote,WorkWave,Marketing Operations Manager (Pardot Administrator),https://jobicy.com/jobs/151894-marketing-operations-manager-pardot-administrator,Jobicy (aggregator),2026-08-27,2026-08-27,2026-08-27,USA (Remote),remote,Full-Time,,32,not_recommended,medium,P3,US-remote practical fit,"Hands-on tool administration, not strategic ownership",new,,,,,core,core title gate,🌎 US-Remote,0,
vanta|senior gtm strategy operations manager top of funnel|remote,Vanta,"Senior GTM Strategy & Operations Manager, Top of Funnel",https://jobs.ashbyhq.com/vanta/ffdee1c4-c463-4e6f-a98a-ef8240e34868,Vanta,2026-08-24,2026-08-27,2026-08-27,Remote U.S.,remote,,$161K – $189K,45,stretch,medium,P3,Remote US role fits location preference,"Heavily sales-ops specific, not her core domain",new,,,,,core,core title gate,🌎 US-Remote,0,
vanta|director of product g c|remote,Vanta,"Director of Product, G&C",https://jobs.ashbyhq.com/vanta/20d2c9aa-19da-4370-9378-491312f6f98a,Vanta,2026-08-27,2026-08-27,2026-08-27,Remote U.S.,remote,,$286K – $336K,30,not_recommended,medium,P3,"Core function is product management, not her domain",Wrong function: product leadership not transformation/ops,new,,,,,discovery,"mandate in description (adoption, governance)",🌎 US-Remote,0,
twilio|senior principal technical program management regulatory compliance|remote,Twilio,"Senior Principal, Technical Program Management - Regulatory Compliance",https://job-boards.greenhouse.io/twilio/jobs/8157707,Twilio,2026-08-27,2026-08-27,2026-08-27,Remote - US,remote,,,55,stretch,medium,P3,US-remote strong practical fit,Needs specialized SaaS regulatory compliance expertise,new,,,,,core,core title gate,🌎 US-Remote,0,
stripe|hardware program manager terminal logistics|remote,Stripe,"Hardware Program Manager, Terminal Logistics",https://stripe.com/jobs/search?gh_jid=8160754,Stripe,2026-08-27,2026-08-27,2026-08-27,"Chicago, Atlanta, US-Remote",remote,,,45,stretch,medium,P3,Program management ownership over supply chain operations,Hardware supply chain domain is niche vs her background,new,,,,,discovery,role family 'program manager' + seniority in title,🌎 US-Remote,0,
stripe|strategic business performance central strategy operations|remote,Stripe,"Strategic Business Performance, Central Strategy & Operations",https://stripe.com/jobs/search?gh_jid=8155580,Stripe,2026-08-27,2026-08-27,2026-08-27,"US-Chicago, US-Remote, US-Seattle, US-San Francisco",remote,,,60,stretch,low,P3,US-remote option fits location preference,Heavily analytical/technical strategist bent,new,,,,,core,core title gate,🌎 US-Remote,0,
salesforce|life sciences portfolio insights analyst|remote,Salesforce,Life Sciences Portfolio Insights Analyst,https://salesforce.wd12.myworkdaysite.com/External_Career_Site/job/Rhode-Island---Remote/Life-Sciences-Portfolio-Insights-Analyst_JR357581-1,Salesforce,2026-08-27,2026-08-27,2026-08-27,Rhode Island - Remote,remote,,,40,stretch,low,P3,Salesforce priority employer with referral advantage,Analyst-level title may lack strategic ownership,new,,,,,discovery,priority employer; role family 'portfolio' in title,⭐ Priority employers,0,
salesforce|program delivery leader multiple levels|remote,Salesforce,Program Delivery Leader (Multiple Levels),https://salesforce.wd12.myworkdaysite.com/External_Career_Site/job/Georgia---Remote/Engagement-Delivery-Director_JR346225,Salesforce,2026-08-27,2026-08-27,2026-08-27,Remote (+5 more),remote,,"$117,400 - $261,500",68,stretch,low,P3,Priority employer Salesforce,No description to verify actual scope,new,,,,,discovery,role family 'program' + seniority in title,⭐ Priority employers,0,
salesforce|human centered change director|remote,Salesforce,Human Centered Change Director,https://salesforce.wd12.myworkdaysite.com/External_Career_Site/job/Illinois---Remote/Human-Centered-Change-Director_JR355654,Salesforce,2026-08-27,2026-08-27,2026-08-27,Remote (+5 more),remote,,"$171,200 - $273,800",78,strong_fit,low,P3,Change management director title matches core domain,No description available to confirm scope,new,,,,,discovery,role family 'change' + seniority in title,⭐ Priority employers,0,
salesforce|engagement delivery leader canadian public sector|remote,Salesforce,Engagement Delivery Leader - Canadian Public Sector,https://salesforce.wd12.myworkdaysite.com/External_Career_Site/job/Canada---Toronto/Engagement-Delivery-Leader---Canadian-Public-Sector_JR355678,Salesforce,2026-08-27,2026-08-27,2026-08-27,Remote (+3 more),remote,,,60,stretch,low,P3,Salesforce is priority employer target,Canadian public sector focus may require clearance/citizenship,new,,,,,discovery,role family 'delivery' + seniority in title,⭐ Priority employers,0,
salesforce|engagement delivery leader public sector|remote,Salesforce,Engagement Delivery Leader - Public Sector,https://salesforce.wd12.myworkdaysite.com/External_Career_Site/job/California---Irvine/Engagement-Delivery-Leader---Public-Sector_JR355677,Salesforce,2026-08-26,2026-08-27,2026-08-27,Remote (+5 more),remote,,"$143,400 - $216,900",66,stretch,low,P3,Professional services/delivery leadership matches core domain,No description available to confirm scope,new,,,,,discovery,role family 'delivery' + seniority in title,⭐ Priority employers,0,
salesforce|business strategy senior manager canadian public sector experience services|remote,Salesforce,Business Strategy Senior Manager - Canadian Public Sector Experience Services,https://salesforce.wd12.myworkdaysite.com/External_Career_Site/job/Ontario---Remote/Business-Strategy-Senior-Manager---Canadian-Public-Sector-Experience-Services_JR357805,Salesforce,2026-08-26,2026-08-27,2026-08-27,Remote (+1 more),remote,,,60,stretch,low,P3,Salesforce is priority employer,No description to verify mandate,new,,,,,core,core title gate,⭐ Priority employers,0,
salesforce|business strategy senior manager public sector experience services|remote,Salesforce,Business Strategy Senior Manager - Public Sector Experience Services,https://salesforce.wd12.myworkdaysite.com/External_Career_Site/job/Virginia---Remote/Business-Strategy-Senior-Manager---Public-Sector-Experience-Services_JR357797,Salesforce,2026-08-26,2026-08-27,2026-08-27,Remote (+2 more),remote,,"$172,500 - $260,100",68,strong_fit,low,P3,Salesforce priority employer,No description to confirm mandate,new,,,,,core,core title gate,⭐ Priority employers,0,
salesforce|customer success manager digital marketing commerce clouds|remote,Salesforce,Customer Success Manager – Digital (Marketing & Commerce) Clouds,https://salesforce.wd12.myworkdaysite.com/External_Career_Site/job/Indiana---Indianapolis/Customer-Success-Manager---Digital--Marketing---Commerce--Clouds_JR332573,Salesforce,2026-08-26,2026-08-27,2026-08-27,Remote (+4 more),remote,,"$123,100 - $186,300",60,stretch,low,P3,Priority employer Salesforce,No description to confirm mandate,new,,,,,discovery,role family 'customer success' + seniority in title; demoted to wildcards by the precision rule 'customer success manager',⭐ Priority employers,0,
salesforce|customer success manager senior manager healthcare life sciences multiple levels|bellevue,Salesforce,"Customer Success Manager, Senior Manager - Healthcare & Life Sciences (Multiple Levels)",https://salesforce.wd12.myworkdaysite.com/External_Career_Site/job/New-York---New-York/Customer-Success-Manager--Senior-Manager---Healthcare---Life-Sciences--Multiple-Levels-_JR326962,Salesforce,2026-08-27,2026-08-27,2026-08-27,Bellevue (+10 more),onsite,,"$123,100 - $273,000",55,stretch,low,P3,Customer success leadership adjacent to CX expertise,No description to confirm strategic scope,new,,,,,discovery,role family 'customer success' + seniority in title; demoted to wildcards by the precision rule 'customer success manager',⭐ Priority employers,0,
salesforce|director market strategy and ecosystem|seattle,Salesforce,"Director, Market Strategy and Ecosystem",https://salesforce.wd12.myworkdaysite.com/External_Career_Site/job/Washington---Seattle/Director--Market-Strategy-and-Ecosystem_JR357621,Salesforce,2026-08-27,2026-08-27,2026-08-27,Seattle (+4 more),onsite,,"$197,300 - $313,700",60,stretch,low,P3,Salesforce is a named priority employer,No description to confirm mandate,new,,,,,core,core title gate,⭐ Priority employers,0,
robert half|it project manager|remote,Robert Half,IT Project Manager,https://www.roberthalf.com/us/en/job/redmond-wa/it-project-manager/04400-0013495171-usen,Robert Half,2026-08-27,2026-08-27,2026-08-27,"Redmond, WA (Remote)",remote,Temp,$65.00–$75.00/hr,50,practical_contract,medium,P2,Washington State location matches preference,"Narrow IT/software implementation focus, less strategic",new,,,,,discovery,role family 'project manager' + seniority in title,🧑‍💼 Contract / Staffing,0,
pluralsight|customer education manager|remote,Pluralsight,Customer Education Manager,https://pluralsight.wd1.myworkdayjobs.com/Careers/job/Remote---USA/Customer-Education-Manager_R0014386,Pluralsight,2026-08-27,2026-08-27,2026-08-27,Remote - USA,remote,,"$91,200 - $120,000",55,stretch,low,P3,Customer/education focus adjacent to CX expertise,"Thin posting, hard to assess real ownership",new,,,,,discovery,role family 'customer' + seniority in title,📍 Local — Silicon Slopes,0,
pluralsight|principal solutions portfolio lead ai|remote,Pluralsight,"Principal Solutions Portfolio Lead, AI",https://pluralsight.wd1.myworkdayjobs.com/Careers/job/Remote---USA/Principal-Solutions-Portfolio-Lead--AI_R0014425,Pluralsight,2026-08-26,2026-08-27,2026-08-27,Remote - USA,remote,,"$133,000 - $175,000",50,stretch,low,P3,AI portfolio leadership aligns with AI enablement interest,No description to confirm scope,new,,,,,discovery,role family 'portfolio' + seniority in title,📍 Local — Silicon Slopes,0,
pluralsight|principal solutions portfolio lead cloud and security|remote,Pluralsight,"Principal Solutions Portfolio Lead, Cloud and Security",https://pluralsight.wd1.myworkdayjobs.com/Careers/job/Remote---USA/Principal-Solutions-Portfolio-Lead--Cloud-and-Security_R0014424,Pluralsight,2026-08-26,2026-08-27,2026-08-27,Remote - USA,remote,,"$133,000 - $175,000",45,stretch,low,P3,Portfolio leadership adjacent to program/PMO experience,No description to confirm transformation/ops mandate,new,,,,,discovery,role family 'portfolio' + seniority in title,📍 Local — Silicon Slopes,0,
plaid|brand marketing program manager|remote,Plaid,Brand Marketing Program Manager,https://jobs.ashbyhq.com/plaid/75512514-c532-44d7-8df2-49b3cfda0ad0,Plaid,2026-08-26,2026-08-27,2026-08-27,San Francisco HQ (Remote),remote,,$152.4K – $189.6K,50,stretch,medium,P3,Marketing ops program management touches operational excellence,"Focused on brand marketing campaigns, not transformation/strategy",new,,,,,discovery,role family 'program manager' + seniority in title,🌎 US-Remote,0,
nice|ai transformation strategist|remote,NICE,AI Transformation Strategist,https://boards.eu.greenhouse.io/nice/jobs/4959402101?gh_jid=4959402101,NICE,2026-08-26,2026-08-27,2026-08-27,USA - Remote,remote,,,68,strong_fit,medium,P2,US-remote AI transformation mandate,Requires hands-on agent-building/technical delivery skills,new,,,,,core,core title gate,📍 Local — Silicon Slopes,0,
nice|senior customer success manager|remote,NICE,Senior Customer Success Manager,https://boards.eu.greenhouse.io/nice/jobs/4959449101?gh_jid=4959449101,NICE,2026-08-26,2026-08-27,2026-08-27,USA - Remote,remote,,,45,stretch,medium,P3,US-remote practical fit,"Quota-driven renewal role, not strategic",new,,,,,discovery,role family 'customer success' + seniority in title; demoted to wildcards by the precision rule 'customer success manager',📍 Local — Silicon Slopes,0,
nice|senior partner enablement manager|usa sandy,NICE,Senior Partner Enablement Manager,https://boards.eu.greenhouse.io/nice/jobs/4962210101?gh_jid=4962210101,NICE,2026-08-27,2026-08-27,2026-08-27,"USA - Sandy, UT",onsite,,,50,stretch,medium,P3,"Utah-local role, strong practical fit","Heavily sales/partner-channel focused, not transformation",new,,,,,discovery,role family 'enablement' + seniority in title,📍 Local — Silicon Slopes,0,
melio|customer success manager|remote,Melio,Customer Success Manager,https://weworkremotely.com/remote-jobs/melio-customer-success-manager,We Work Remotely (aggregator),2026-08-27,2026-08-27,2026-08-27,Anywhere in the World (Remote),remote,Full-Time,,25,not_recommended,medium,P3,US-remote but junior IC CS role,"Individual contributor tactical CS role, not strategic",new,,,,,discovery,role family 'customer success' + seniority in title; demoted to wildcards by the precision rule 'customer success manager',🌎 US-Remote,0,
medely|revenue enablement lead|remote,Medely,Revenue Enablement Lead,https://jobicy.com/jobs/151772-revenue-enablement-lead,Jobicy (aggregator),2026-08-26,2026-08-27,2026-08-27,USA (Remote),remote,Full-Time,,35,not_recommended,medium,P3,US-remote practical fit,Wrong function: sales enablement vs org transformation,new,,,,,discovery,role family 'enablement' + seniority in title,🌎 US-Remote,0,
maven clinic|senior associate rfp implementation projects|remote,Maven Clinic,"Senior Associate, RFP & Implementation Projects",https://job-boards.greenhouse.io/mavenclinic/jobs/8756331002,Maven Clinic,2026-08-27,2026-08-27,2026-08-27,Remote,remote,,,45,stretch,low,P3,Implementation/PM role touches operations,Senior Associate level below typical target seniority,new,,,,,discovery,role family 'implementation' + seniority in title,🌎 US-Remote,0,
marriott international|flex senior manager iga operations service delivery|remote,Marriott International,"FLEX Senior Manager, IGA Operations & Service Delivery",https://careers.marriott.com/flex-senior-manager-iga-operations-service-delivery/job/41718DCC9CF74FFCD5563FED67002940,Marriott International,,2026-08-27,2026-08-27,"Bethesda, MD (Remote)",remote,Full Time,$48.26-$83.17,30,not_recommended,medium,P3,Priority employer Marriott,Requires deep IAM/IGA technical expertise she lacks,new,,,,,core,core title gate,⭐ Priority employers,0,
marriott international|flex senior manager resiliency recoverability|remote,Marriott International,"FLEX Senior Manager, Resiliency & Recoverability",https://careers.marriott.com/flex-senior-manager-resiliency-recoverability/job/6D61E7BF2F02720F4D687590955E1D35,Marriott International,,2026-08-27,2026-08-27,"Bethesda, MD (Remote)",remote,Full Time,$48.26-$80.76,55,stretch,medium,P3,"Priority employer Marriott, referral network advantage",Deep DR/BC/technology risk domain specialization required,new,,,,,discovery,"mandate in description (continuous improvement, governance)",⭐ Priority employers,0,
lvt|success program manager|american fork,LVT,Success Program Manager,https://job-boards.greenhouse.io/liveviewtechnologiesinc/jobs/5405554008,LVT,2026-08-26,2026-08-27,2026-08-27,"American Fork, Utah, United States",onsite,,,55,stretch,medium,P3,"Utah-local role, strong practical fit",May be too individual-contributor/tactical,new,,,,,discovery,role family 'program manager' + seniority in title,📍 Local — Silicon Slopes,0,
kelso industries|building automation project manager|ogden,Kelso Industries,Building Automation Project Manager,https://kelso-industries.com/careers/?gh_jid=5406692008#job-board,Kelso Industries,2026-08-26,2026-08-27,2026-08-27,"Ogden, UT",onsite,,,20,not_recommended,medium,P3,Utah location matches preference,Requires building automation/controls technical expertise,new,,,,,discovery,role family 'project manager' + seniority in title,📍 Local — Silicon Slopes,0,
kelso industries|experienced project manager|ogden,Kelso Industries,Experienced Project Manager,https://kelso-industries.com/careers/?gh_jid=5406991008#job-board,Kelso Industries,2026-08-26,2026-08-27,2026-08-27,"Ogden, UT",onsite,,,20,not_recommended,high,P3,"Construction/mechanical PM role, wrong domain",Requires hands-on construction/HVAC project management expertise,new,,,,,discovery,role family 'project manager' + seniority in title,📍 Local — Silicon Slopes,0,
instacart|cx technology program manager|remote,Instacart,CX Technology Program Manager,https://instacart.careers/job/?gh_jid=8160738,Instacart,2026-08-26,2026-08-27,2026-08-27,United States - Remote,remote,,,72,strong_fit,medium,P2,CX technology program leadership at scale,"Smaller team scope, may be more IC-heavy",new,,,,,discovery,role family 'program manager' + seniority in title,🌎 US-Remote,0,
hinge health|manager legal operations|remote,Hinge Health,"Manager, Legal Operations",https://jobs.ashbyhq.com/hinge-health/60471c3d-2b64-49ae-a256-2903bfdce449,Hinge Health,2026-08-27,2026-08-27,2026-08-27,San Francisco-HQ (Remote),remote,,$198.4K – $297.6K,65,stretch,medium,P3,"Operations/program leadership mandate, GC-facing","Legal-domain specific (contracts, outside counsel) not core background",new,,,,,core,core title gate,🌎 US-Remote,0,
headway|revenue strategy and operations lead insights ai|remote,Headway,Revenue Strategy and Operations Lead (Insights & AI),https://jobs.ashbyhq.com/headway/f33bd5f6-de83-481a-8d06-0f16c8f83907,Headway,2026-08-27,2026-08-27,2026-08-27,Remote,remote,,$105.4K – $155K,45,stretch,low,P3,Remote role fits location preference,Heavy sales analytics focus not core expertise,new,,,,,core,core title gate,🌎 US-Remote,0,
gainsight|lead product security|remote,Gainsight,"Lead, Product Security",https://jobs.ashbyhq.com/gainsight/7a9d0c57-1382-4898-b9c7-47152c5196eb,Gainsight,2026-08-26,2026-08-27,2026-08-27,IND - Hyderabad (Remote),hybrid,,,5,not_recommended,high,P3,Hands-on product/application security engineering role,No strategic/org-effectiveness mandate,new,,,,,discovery,"mandate in description (adoption, executive stakeholders)",🌎 US-Remote,0,
forma ai|principal consultant sales effectiveness|remote,Forma.ai,"Principal Consultant, Sales Effectiveness",https://jobicy.com/jobs/151911-principal-consultant-sales-effectiveness,Jobicy (aggregator),2026-08-27,2026-08-27,2026-08-27,"Canada,  USA (Remote)",remote,Full-Time,,45,stretch,medium,P3,"Remote US role, professional services delivery",Requires deep sales compensation/territory domain expertise,new,,,,,core,core title gate,🌎 US-Remote,0,
filevine|manager data analytics|salt lake city,Filevine,"Manager, Data Analytics",https://jobs.lever.co/filevine/54cdfccc-5535-43d5-8c03-5cf48e75e5d0,Filevine,2026-08-21,2026-08-27,2026-08-27,"Salt Lake City, Utah",onsite,,,40,stretch,medium,P3,"Utah-local role, strong location fit","Role is technical/analytics-heavy, not transformation leadership",new,,,,,discovery,"mandate in description (operational excellence, executive stakeholders)",📍 Local — Silicon Slopes,0,
dropbox|senior solutions consultant fluent in portuguese english|remote,Dropbox,Senior Solutions Consultant - Fluent in Portuguese/English,https://jobs.dropbox.com/listing/8159584?gh_jid=8159584,Dropbox,2026-08-27,2026-08-27,2026-08-27,Remote - US: Select locations,remote,,,12,not_recommended,high,P3,Presales technical security engineering role,Wrong function entirely,new,,,,,discovery,role family 'consultant' + seniority in title,🌎 US-Remote,0,
deepgram|director brand strategy narrative|remote,Deepgram,"Director, Brand Strategy & Narrative",https://jobs.ashbyhq.com/deepgram/d7dc5974-8540-432a-a2ec-2a6691c9bb51,Deepgram,2026-08-26,2026-08-27,2026-08-27,USA | Remote,remote,,$180K – $225K,35,not_recommended,medium,P3,US-remote practical fit is strong,Brand strategy and copywriting expertise not demonstrated,new,,,,,core,core title gate,🌎 US-Remote,0,
customer io|senior recruiter gtm|remote,Customer.io,Senior Recruiter - GTM - USA (Remote),https://job-boards.greenhouse.io/customerio/jobs/8160827,Customer.io,2026-08-26,2026-08-27,2026-08-27,Americas Remote,remote,,,15,not_recommended,high,P3,Wrong function: hands-on technical recruiting/sourcing role,"No strategic/transformation ownership, pure recruiter IC work",new,,,,,discovery,"mandate in description (lean, customer experience)",🌎 US-Remote,0,
chainguard|senior solutions architect pubsec professional services|remote,Chainguard,Senior Solutions Architect - PubSec (Professional Services),https://job-boards.greenhouse.io/chainguard/jobs/4708949006,Chainguard,2026-08-27,2026-08-27,2026-08-27,United States - Remote,remote,,,25,not_recommended,high,P3,US-remote practical fit is strong,"Deep technical solutions architecture, not her domain",new,,,,,discovery,role family 'professional services' + seniority in title,🌎 US-Remote,0,
chainguard|senior technical program manager|remote,Chainguard,Senior Technical Program Manager,https://job-boards.greenhouse.io/chainguard/jobs/4707825006,Chainguard,2026-08-27,2026-08-27,2026-08-27,United States - Remote,remote,,,55,stretch,medium,P3,Program leadership with strategic scope,"Deeply technical security domain, not her background",new,,,,,discovery,role family 'program manager' + seniority in title,🌎 US-Remote,0,
bamboohr|technical program manager|utah hybrid,BambooHR,Technical Program Manager,https://job-boards.greenhouse.io/bamboohr17/jobs/6137945004,BambooHR,2026-08-26,2026-08-27,2026-08-27,Utah | Hybrid,hybrid,,,62,stretch,medium,P3,Utah hybrid location matches preference,Technical program manager scope may skew more IT/engineering than strategic,new,,,,,discovery,role family 'program manager' + seniority in title,📍 Local — Silicon Slopes,0,
atlassian|senior enterprise delivery manager migrations|remote,Atlassian,"Senior Enterprise Delivery Manager, Migrations",https://careers-americas.icims.com/jobs/26851/senior-enterprise-delivery-manager%2c-migrations/job?mode=apply,Atlassian,,2026-08-27,2026-08-27,New York - United States; Remote - Remote,remote,,,62,stretch,medium,P3,Priority employer Atlassian with referral advantage,Requires deep technical cloud migration fluency,new,,,,,discovery,role family 'delivery' + seniority in title,⭐ Priority employers,0,
aquent|real estate and wealth advisory manager|remote,Aquent,Real Estate and Wealth Advisory Manager,https://aquent.com/find-work/212493,Aquent,2026-08-24,2026-08-27,2026-08-27,"Westlake, TX, US (Remote)",remote,,,45,stretch,medium,P3,Cross-functional project leadership,Real estate domain is narrow fit,new,,,,,discovery,role family 'advisory' + seniority in title,🧑‍💼 Contract / Staffing,0,
affirm|manager fraud operations|remote,Affirm,"Manager, Fraud Operations",https://job-boards.greenhouse.io/affirm/jobs/7821076003,Affirm,2026-08-27,2026-08-27,2026-08-27,Remote US,remote,,,55,stretch,medium,P3,Fully remote US role,Deep fraud/compliance specialization not her background,new,,,,,core,core title gate,🌎 US-Remote,0,
adobe|sr business program operations firefly foundry|remote,Adobe,"Sr. Business & Program Operations, Firefly Foundry",https://adobe.wd5.myworkdayjobs.com/external_experienced/job/Remote-Oregon/Principal-Business---Program-Operations--Firefly-Foundry_R168911-1,Adobe,2026-08-27,2026-08-27,2026-08-27,Remote (+4 more),remote,,"$139,700 - $202,250",78,strong_fit,low,P3,Priority employer Adobe with referral advantage,No description to confirm scope,new,,,,,discovery,priority employer; role family 'operations' in title,⭐ Priority employers,0,
adobe|senior global total rewards operations project manager|remote,Adobe,Senior Global Total Rewards Operations & Project Manager,https://adobe.wd5.myworkdayjobs.com/external_experienced/job/San-Jose/Senior-Global-Total-Rewards-Operations---Project-Manager_R167579,Adobe,2026-08-26,2026-08-27,2026-08-27,Remote (+5 more),remote,,"$180,300 - $261,150",45,stretch,low,P3,Adobe priority employer with referral advantage,"No description available, thin posting",new,,,,,core,core title gate,⭐ Priority employers,0,
adobe|finance transformation manager business architecture|remote,Adobe,"Finance Transformation Manager, Business Architecture",https://adobe.wd5.myworkdayjobs.com/external_experienced/job/San-Jose/Finance-Transformation-Manager--Business-Architecture_R170602,Adobe,2026-08-26,2026-08-27,2026-08-27,Remote (+1 more),remote,,"$154,000 - $223,000",62,stretch,low,P3,Transformation/business architecture mandate fits profile,No description; finance domain depth unclear,new,,,,,core,core title gate,⭐ Priority employers,0,
adobe|director change and release management|lehi,Adobe,"Director, Change and Release Management",https://adobe.wd5.myworkdayjobs.com/external_experienced/job/Lehi/Director--Change-and-Release-Management_R169255,Adobe,2026-08-26,2026-08-27,2026-08-27,Lehi (+1 more),onsite,,"$207,900 - $301,050",62,stretch,low,P3,Adobe priority employer with referral advantage,No description; may be technical release management not org change,new,,,,,discovery,role family 'change' + seniority in title,📍 Local — Silicon Slopes,0,
adobe|program manager transformation|lehi,Adobe,"Program Manager, Transformation",https://adobe.wd5.myworkdayjobs.com/external_experienced/job/San-Jose/Program-Manager--Transformation_R171052,Adobe,2026-08-26,2026-08-27,2026-08-27,Lehi (+1 more),onsite,,"$153,600 - $222,450",85,apply_first,medium,P1,Transformation program leadership matches core expertise,"No description available, scope unclear",new,,,,,core,core title gate,📍 Local — Silicon Slopes,0,
adobe|finance transformation manager business architecture|lehi,Adobe,"Finance Transformation Manager, Business Architecture",https://adobe.wd5.myworkdayjobs.com/external_experienced/job/San-Jose/Finance-Transformation-Manager--Business-Architecture_R170602,Adobe,2026-08-26,2026-08-27,2026-08-27,Lehi (+1 more),onsite,,"$154,000 - $223,000",65,stretch,low,P3,Business architecture/transformation mandate fits,No description; unclear finance specialization depth,new,,,,,core,core title gate,📍 Local — Silicon Slopes,0,
adobe|senior global total rewards operations project manager|lehi,Adobe,Senior Global Total Rewards Operations & Project Manager,https://adobe.wd5.myworkdayjobs.com/external_experienced/job/San-Jose/Senior-Global-Total-Rewards-Operations---Project-Manager_R167579,Adobe,2026-08-26,2026-08-27,2026-08-27,Lehi (+5 more),onsite,,"$180,300 - $261,150",55,stretch,low,P3,Adobe priority employer with referral advantage,No description; scope unclear,new,,,,,core,core title gate,📍 Local — Silicon Slopes,0,
zillow|senior sales enablement manager|remote,Zillow Group,Senior Sales Enablement Manager,https://zillow.wd5.myworkdayjobs.com/Zillow_Group_External/job/Remote-USA/Senior-Sales-Enablement-Manager_P751130-1,Zillow Group,2026-08-26,2026-08-26,2026-08-27,Remote-USA,remote,,"$109,000.00 - $174,000.00",50,stretch,low,P3,Zillow is a named priority employer,No job description available,active,,,,,discovery,role family 'enablement' + seniority in title,⭐ Priority employers,0,
zillow|manager customer success enterprise|remote,Zillow Group,"Manager, Customer Success - Enterprise",https://zillow.wd5.myworkdayjobs.com/Zillow_Group_External/job/Remote-USA/Manager--Enterprise-Customer-Success_P750886-1,Zillow Group,2026-08-25,2026-08-26,2026-08-27,Remote-USA,remote,,"$109,700.00 - $175,300.00",68,strong_fit,low,P3,Priority employer Zillow Group,No description to confirm mandate,active,,,,,core,core title gate,⭐ Priority employers,0,
zillow|sales enablement manager|remote,Zillow Group,Sales Enablement Manager,https://zillow.wd5.myworkdayjobs.com/Zillow_Group_External/job/Remote-USA/Sales-Enablement-Manager_P751175-2,Zillow Group,2026-08-25,2026-08-26,2026-08-27,Remote-USA,remote,,"$90,900.00 - $145,100.00",50,stretch,low,P3,Priority employer Zillow Group,No description to confirm strategic scope,active,,,,,discovery,role family 'enablement' + seniority in title,⭐ Priority employers,0,
zillow|senior compensation program manager|remote,Zillow Group,Senior Compensation Program Manager,https://zillow.wd5.myworkdayjobs.com/Zillow_Group_External/job/Remote-USA/Senior-Compensation-Program-Manager_P750797,Zillow Group,2026-08-17,2026-08-26,2026-08-27,Remote-USA,remote,,"$118,600.00 - $189,400.00",45,stretch,low,P3,Priority employer Zillow Group,Compensation specialization not her core domain,aging,,,,,discovery,role family 'program manager' + seniority in title,⭐ Priority employers,0,
zillow|manager customer success strategic|remote,Zillow Group,"Manager, Customer Success, Strategic",https://zillow.wd5.myworkdayjobs.com/Zillow_Group_External/job/Remote-USA/Manager--Customer-Success--Strategic_P750846-1,Zillow Group,2026-08-11,2026-08-26,2026-08-27,Remote-USA,remote,,"$89,700.00 - $143,300.00",72,strong_fit,low,P3,Priority employer Zillow Group,No job description available to confirm mandate,stale,,,,,core,core title gate,⭐ Priority employers,0,
zillow|senior seo product manager streeteasy|remote,Zillow Group,"Senior SEO Product Manager, StreetEasy",https://zillow.wd5.myworkdayjobs.com/Zillow_Group_External/job/Remote-USA/Senior-SEO-Product-Manager--StreetEasy_P751024-1,Zillow Group,2026-08-06,2026-08-26,2026-08-27,Remote-USA,remote,,"$118,600.00 - $189,400.00",45,stretch,low,P3,Priority employer Zillow Group,No description to judge mandate,stale,,,,,core,core title gate,⭐ Priority employers,0,
wpromote|director revenue enablement|remote,Wpromote,"Director, Revenue Enablement",https://jobicy.com/jobs/151689-director-revenue-enablement,Jobicy (aggregator),2026-08-26,2026-08-26,2026-08-27,USA (Remote),remote,Full-Time,"$157,000 - $175,000",68,strong_fit,medium,P2,"Remote US role, strong practical fit",Sales/revenue enablement is narrower than transformation mandate,active,,,,,discovery,role family 'enablement' + seniority in title,🌎 US-Remote,0,
wpromote|director performance creative strategy|remote,Wpromote,"Director, Performance Creative Strategy",https://jobicy.com/jobs/151688-director-performance-creative-strategy,Jobicy (aggregator),2026-08-26,2026-08-26,2026-08-27,USA (Remote),remote,Full-Time,"$120,000 - $130,000",45,stretch,medium,P3,Team leadership and client strategy scope,Requires deep performance-creative/ad specialization she lacks,active,,,,,core,core title gate,🌎 US-Remote,0,
wpromote|director client strategy media director|remote,Wpromote,"Director, Client Strategy (Media Director)",https://jobicy.com/jobs/151683-director-client-strategy-media-director,Jobicy (aggregator),2026-08-26,2026-08-26,2026-08-27,USA (Remote),remote,Full-Time,,45,stretch,medium,P3,Client account leadership and strategic advisory scope,"Media/marketing agency account leadership, not transformation or ops",active,,,,,core,core title gate,🌎 US-Remote,0,
vantage|customer success manager|remote,Vantage,Customer Success Manager,https://jobs.ashbyhq.com/vantage/af4ca152-5b48-4a09-a8aa-f66367e2ad8b,Vantage,2026-08-25,2026-08-26,2026-08-27,USA (Remote),remote,,$110K – $140K,35,not_recommended,medium,P3,Fully remote US role,No transformation/strategy mandate,active,,,,,discovery,role family 'customer success' + seniority in title; demoted to wildcards by the precision rule 'customer success manager',🌎 US-Remote,0,
upwork|chief of staff to gm chief operating officer|remote,Upwork,Chief of Staff to GM & Chief Operating Officer,https://jobicy.com/jobs/151729-chief-of-staff-to-gm-chief-operating-officer,Jobicy (aggregator),2026-08-26,2026-08-26,2026-08-27,USA (Remote),remote,Full-Time,,88,apply_first,medium,P1,True Chief of Staff mandate to COO/GM,High-bar competitive role at public company,active,,,,,core,core title gate,🌎 US-Remote,1,2026-08-26
twilio|senior field enablement business partner|remote,Twilio,Senior Field Enablement Business Partner,https://job-boards.greenhouse.io/twilio/jobs/8155298,Twilio,2026-08-25,2026-08-26,2026-08-27,Remote - US,remote,,,55,stretch,medium,P3,US-remote fits practical constraints well,"Focused on SDR/DSR sales enablement, not core mandate",active,,,,,discovery,role family 'enablement' + seniority in title,🌎 US-Remote,0,
stripe|partner development manager strategic payment partnerships|remote,Stripe,"Partner Development Manager, Strategic Payment Partnerships",https://stripe.com/jobs/search?gh_jid=8155164,Stripe,2026-08-25,2026-08-26,2026-08-27,US-San Francisco; US-New York City; US-Seattle; US-Remote; US-Chicago; CA-Toronto; CA-Remote,remote,,,35,not_recommended,medium,P3,"Partnership/BD role, not transformation or ops",Requires payments/BD domain expertise she lacks,active,,,,,discovery,"mandate in description (adoption, strategic initiatives)",🌎 US-Remote,0,
sourcegraph|customer success manager ic2|remote,Sourcegraph,Customer Success Manager - US [IC2],https://job-boards.greenhouse.io/sourcegraph91/jobs/6146485004,Sourcegraph,2026-08-25,2026-08-26,2026-08-27,Remote,remote,,,40,not_recommended,medium,P3,Fully remote US role,"IC book-of-business role, limited strategic ownership",active,,,,,discovery,role family 'customer success' + seniority in title; demoted to wildcards by the precision rule 'customer success manager',🌎 US-Remote,0,
salesforce|human centered change senior manager public sector|remote,Salesforce,Human Centered Change Senior Manager- Public Sector,https://salesforce.wd12.myworkdaysite.com/External_Career_Site/job/Virginia---Washington-DC-Metro---Remote/Human-Centered-Change-Senior-Manager--Public-Sector_JR352952,Salesforce,2026-08-25,2026-08-26,2026-08-27,Virginia - Washington DC Metro - Remote,remote,,"$150,100 - $227,000",75,strong_fit,low,P3,Change management senior manager mandate,No description to confirm scope,active,,,,,discovery,role family 'change' + seniority in title,⭐ Priority employers,0,
salesforce|communications designer professional services|remote,Salesforce,Communications Designer (Professional Services),https://salesforce.wd12.myworkdaysite.com/External_Career_Site/job/New-York---New-York-City-Metro---Remote/Communications-Designer--Professional-Services-_JR354022,Salesforce,2026-08-25,2026-08-26,2026-08-27,Remote (+25 more),remote,,"$117,400 - $177,600",30,not_recommended,low,P3,Priority employer Salesforce,"Title implies hands-on design work, not transformation leadership",active,,,,,discovery,priority employer; role family 'professional services' in title,⭐ Priority employers,0,
salesforce|migration delivery deployment strategist|remote,Salesforce,"Migration Delivery, Deployment Strategist",https://salesforce.wd12.myworkdaysite.com/External_Career_Site/job/Illinois---Chicago/Migration-Delivery--Deployment-Strategist_JR357407,Salesforce,2026-08-25,2026-08-26,2026-08-27,Remote (+31 more),remote,,"$150,100 - $273,000",60,stretch,low,P3,Priority employer Salesforce,No job description available,active,,,,,discovery,priority employer; role family 'delivery' in title,⭐ Priority employers,0,
salesforce|delivery account management team leader director|remote,Salesforce,"Delivery Account Management Team Leader, Director",https://salesforce.wd12.myworkdaysite.com/External_Career_Site/job/Virginia---Mclean/Delivery-Account-Management-Team-Leader--Director_JR356276,Salesforce,2026-08-25,2026-08-26,2026-08-27,Remote (+4 more),remote,,"$164,000 - $261,500",60,stretch,low,P3,Priority employer Salesforce,No description to confirm mandate,active,,,,,discovery,role family 'delivery' + seniority in title,⭐ Priority employers,0,
salesforce|engagement delivery senior manager missionforce cleared|remote,Salesforce,"Engagement Delivery, Senior Manager- Missionforce (Cleared)",https://salesforce.wd12.myworkdaysite.com/External_Career_Site/job/Virginia---Washington-DC-Metro---Remote/Engagement-Delivery--Senior-Manager--Missionforce-_JR353288,Salesforce,2026-08-24,2026-08-26,2026-08-27,Virginia - Washington DC Metro - Remote,remote,,"$143,400 - $216,900",50,stretch,low,P3,Salesforce priority employer with referral advantage,Requires security clearance she likely lacks,active,,,,,discovery,role family 'delivery' + seniority in title,⭐ Priority employers,0,
salesforce|agentic operations consultant|remote,Salesforce,Agentic Operations Consultant,https://salesforce.wd12.myworkdaysite.com/External_Career_Site/job/Illinois---Chicago/Agentic-Operations-Consultant_JR347839,Salesforce,2026-08-24,2026-08-26,2026-08-27,Remote (+54 more),remote,,"$134,750 - $244,510",62,stretch,low,P3,Priority employer Salesforce with referral advantage,No description to assess actual mandate,active,,,,,discovery,priority employer; role family 'operations' in title,⭐ Priority employers,0,
salesforce|associate technical consultant|remote,Salesforce,Associate Technical Consultant,https://salesforce.wd12.myworkdaysite.com/External_Career_Site/job/India---Hyderabad/Associate-Technical-Consultant_JR357143-1,Salesforce,2026-08-24,2026-08-26,2026-08-27,Remote (+1 more),remote,,,30,not_recommended,low,P3,Priority employer Salesforce raises visibility,Likely too junior/technical for 15yr strategic profile,active,,,,,discovery,priority employer; role family 'consultant' in title,⭐ Priority employers,0,
salesforce|business strategy director services|remote,Salesforce,Business Strategy Director - Services,https://salesforce.wd12.myworkdaysite.com/External_Career_Site/job/Illinois---Remote/Business-Strategy-Director---Services_JR355649,Salesforce,2026-08-21,2026-08-26,2026-08-27,Remote (+5 more),remote,,"$197,300 - $315,700",78,strong_fit,low,P3,Priority employer Salesforce,No description to confirm mandate,active,,,,,core,core title gate,⭐ Priority employers,1,2026-08-26
salesforce|program executive senior director missionforce cleared|remote,Salesforce,Program Executive Senior Director- Missionforce (Cleared),https://salesforce.wd12.myworkdaysite.com/External_Career_Site/job/Virginia---Washington-DC-Metro---Remote/Engagement-Delivery-Senior-Director_JR355806,Salesforce,2026-08-19,2026-08-26,2026-08-27,Virginia - Washington DC Metro - Remote,remote,,"$181,700 - $304,700",45,stretch,low,P3,Salesforce priority employer with referral advantage,"Security clearance likely required, unclear if she has one",aging,,,,,discovery,role family 'program' + seniority in title,⭐ Priority employers,0,
salesforce|customer success manager senior manager global public sector federal civilian|remote,Salesforce,Customer Success Manager - Senior Manager - Global Public Sector - (Federal Civilian),https://salesforce.wd12.myworkdaysite.com/External_Career_Site/job/Virginia---Washington-DC-Metro---Remote/Customer-Success-Manager---Senior-Manager---Global-Public-Sector----Federal-Civilian-_JR332580,Salesforce,2026-08-18,2026-08-26,2026-08-27,Virginia - Washington DC Metro - Remote,remote,,"$123,100 - $186,300",45,stretch,low,P3,Priority employer Salesforce,No description to assess mandate,aging,,,,,discovery,role family 'customer success' + seniority in title; demoted to wildcards by the precision rule 'customer success manager',⭐ Priority employers,0,
salesforce|partner delivery advisor|remote,Salesforce,Partner Delivery Advisor,https://salesforce.wd12.myworkdaysite.com/External_Career_Site/job/California---San-Francisco/Business-Title-Partner-Delivery-Advisor-Sr-Manager_JR355463,Salesforce,2026-08-19,2026-08-26,2026-08-27,Remote (+18 more),remote,,"$143,400 - $216,900",55,stretch,low,P3,Salesforce priority employer target,No description to judge scope or seniority,aging,,,,,discovery,role family 'delivery' + seniority in title,⭐ Priority employers,0,
salesforce|portfolio delivery leader auto automotive|remote,Salesforce,Portfolio Delivery Leader - Auto/ Automotive,https://salesforce.wd12.myworkdaysite.com/External_Career_Site/job/California---Remote/Portfolio-Delivery-Leader---Auto--Automotive_JR355912,Salesforce,2026-08-19,2026-08-26,2026-08-27,Remote (+2 more),remote,,"$181,700 - $304,700",65,stretch,low,P3,Salesforce is a priority employer target,No description to confirm scope or mandate,aging,,,,,discovery,role family 'portfolio' + seniority in title,⭐ Priority employers,0,
salesforce|senior technical consultant pubsec|remote,Salesforce,Senior Technical Consultant - PubSec,https://salesforce.wd12.myworkdaysite.com/External_Career_Site/job/Canada---Toronto/Senior-Technical-Consultant---PubSec_JR355276,Salesforce,2026-08-17,2026-08-26,2026-08-27,Remote (+3 more),remote,,,40,stretch,low,P3,Priority employer Salesforce with referral advantage,Likely requires deep Salesforce technical/config expertise,aging,,,,,discovery,role family 'consultant' + seniority in title,⭐ Priority employers,0,
salesforce|salesforce program executive senior director consumer goods manufacturing|remote,Salesforce,Salesforce Program Executive -  Senior Director (Consumer Goods/ Manufacturing),https://salesforce.wd12.myworkdaysite.com/External_Career_Site/job/Georgia---Atlanta/Program-Executive---Senior-Director--Consumer-Goods-_JR339783,Salesforce,2026-08-14,2026-08-26,2026-08-27,Remote (+7 more),remote,,"$181,700 - $304,700",72,strong_fit,low,P3,Priority employer Salesforce,No description to confirm scope,aging,,,,,discovery,role family 'program' + seniority in title,⭐ Priority employers,0,
salesforce|director customer success management|remote,Salesforce,"Director, Customer Success Management",https://salesforce.wd12.myworkdaysite.com/External_Career_Site/job/Illinois---Chicago/Director--Customer-Success-Manager_JR343227,Salesforce,2026-08-13,2026-08-26,2026-08-27,Remote (+5 more),remote,,"$171,200 - $273,000",68,strong_fit,low,P3,Customer success leadership aligns with CX background,No description to confirm mandate depth,aging,,,,,core,core title gate,⭐ Priority employers,0,
salesforce|solution consultant senior solution consultant pubsec|remote,Salesforce,Solution Consultant/Senior Solution Consultant (PubSec),https://salesforce.wd12.myworkdaysite.com/External_Career_Site/job/Canada---Toronto/Solution-Consultant-Senior-Solution-Consultant--PubSec-_JR355868-1,Salesforce,2026-08-11,2026-08-26,2026-08-27,Remote (+3 more),remote,,,35,not_recommended,low,P3,"Presales/technical solution consulting, not transformation leadership",No description to confirm scope,stale,,,,,discovery,role family 'consultant' + seniority in title,⭐ Priority employers,0,
salesforce|customer success manager senior manager core clouds sales service|remote,Salesforce,"Customer Success Manager, Senior Manager - Core Clouds (Sales & Service)",https://salesforce.wd12.myworkdaysite.com/External_Career_Site/job/Illinois---Chicago/Customer-Success-Manager--Senior-Manager---Core-Clouds--Sales---Service-_JR349284,Salesforce,2026-08-11,2026-08-26,2026-08-27,Remote (+7 more),remote,,"$150,100 - $227,000",55,stretch,low,P3,Priority employer Salesforce,No description to confirm strategic scope,stale,,,,,discovery,role family 'customer success' + seniority in title; demoted to wildcards by the precision rule 'customer success manager',⭐ Priority employers,0,
salesforce|customer success manager global public sector state local government and education|remote,Salesforce,"Customer Success Manager - Global Public Sector (State, Local Government and Education)",https://salesforce.wd12.myworkdaysite.com/External_Career_Site/job/Illinois---Chicago/Customer-Success-Manager---Global-Public-Sector--State---Local-Gov-_JR332446,Salesforce,2026-08-10,2026-08-26,2026-08-27,Remote (+6 more),remote,,"$123,100 - $227,000",60,stretch,low,P3,Customer success leadership adjacent to CX expertise,No description to confirm strategic scope,stale,,,,,discovery,role family 'customer success' + seniority in title; demoted to wildcards by the precision rule 'customer success manager',⭐ Priority employers,0,
salesforce|senior manager customer success manager csm ngo|remote,Salesforce,"Senior Manager, Customer Success Manager (CSM), NGO",https://salesforce.wd12.myworkdaysite.com/External_Career_Site/job/Illinois---Chicago/Senior-Manager--Customer-Success-Manager--CSM---NGO_JR355113,Salesforce,2026-08-10,2026-08-26,2026-08-27,Remote (+4 more),remote,,"$150,100 - $227,000",55,stretch,low,P3,Salesforce priority employer with referral network,No description to confirm mandate depth,stale,,,,,discovery,role family 'customer success' + seniority in title; demoted to wildcards by the precision rule 'customer success manager',⭐ Priority employers,0,
salesforce|senior technical program manager security|bellevue,Salesforce,"Senior Technical Program Manager, Security",https://salesforce.wd12.myworkdaysite.com/External_Career_Site/job/Washington---Bellevue/Senior-Technical-Program-Manager--Security_JR356663,Salesforce,2026-08-24,2026-08-26,2026-08-27,Bellevue (+3 more),onsite,,"$150,100 - $227,000",45,stretch,low,P3,Salesforce priority employer with referral advantage,Likely requires deep security/technical background,active,,,,,discovery,role family 'program manager' + seniority in title,⭐ Priority employers,0,
salesforce|senior manager ai workforce intelligence trust infrastructure operations|bellevue,Salesforce,"Senior Manager, AI & Workforce Intelligence — Trust & Infrastructure Operations",https://salesforce.wd12.myworkdaysite.com/External_Career_Site/job/Washington---Bellevue/Senior-Manager--AI---Workforce-Intelligence---Trust---Infrastructure-Operations_JR356674,Salesforce,2026-08-20,2026-08-26,2026-08-27,Bellevue (+1 more),onsite,,"$143,400 - $216,900",70,strong_fit,low,P3,AI adoption/workforce transformation alignment,No description available to confirm scope,active,,,,,core,core title gate,⭐ Priority employers,0,
salesforce|senior director service strategy core and ai|bellevue,Salesforce,"Senior Director Service Strategy, Core, and AI",https://salesforce.wd12.myworkdaysite.com/External_Career_Site/job/California---San-Francisco/Senior-Director-Service-Strategy--Core--and-AI_JR355117,Salesforce,2026-08-19,2026-08-26,2026-08-27,Bellevue (+1 more),onsite,,"$181,700 - $304,700",82,strong_fit,low,P3,Priority employer Salesforce,No description available to confirm scope,aging,,,,,core,core title gate,⭐ Priority employers,1,2026-08-26
salesforce|principal researcher product advisory councils|seattle,Salesforce,"Principal Researcher, Product Advisory Councils",https://salesforce.wd12.myworkdaysite.com/External_Career_Site/job/California---San-Francisco/Principal-Researcher--Product-Advisory-Councils_JR357336,Salesforce,2026-08-26,2026-08-26,2026-08-27,Seattle (+2 more),onsite,,"$197,300 - $313,700",40,stretch,low,P3,Salesforce is priority employer,"Thin description, unclear mandate",active,,,,,discovery,role family 'advisory' + seniority in title,⭐ Priority employers,0,
salesforce|manager corporate development m a integration|seattle,Salesforce,"Manager, Corporate Development M&A Integration",https://salesforce.wd12.myworkdaysite.com/External_Career_Site/job/California---San-Francisco/Sr-Manager--M-A-Integration_JR339658,Salesforce,2026-08-24,2026-08-26,2026-08-27,Seattle (+2 more),onsite,,"$123,100 - $227,000",82,strong_fit,low,P3,M&A integration is core domain expertise,No description available to confirm mandate,active,,,,,core,core title gate,⭐ Priority employers,1,2026-08-26
salesforce|vp customer success agentforce and data 360|seattle,Salesforce,"VP, Customer Success, Agentforce and Data 360",https://salesforce.wd12.myworkdaysite.com/External_Career_Site/job/New-York---New-York/VP--Customer-Success--Agentforce-and-Data-360_JR356671,Salesforce,2026-08-21,2026-08-26,2026-08-27,Seattle (+5 more),onsite,,"$221,900 - $390,300",78,strong_fit,low,P3,Priority employer Salesforce,No description available to confirm mandate,active,,,,,core,core title gate,⭐ Priority employers,0,
salesforce|lead employee success people consultant|washington seattle,Salesforce,Lead Employee Success People Consultant,https://salesforce.wd12.myworkdaysite.com/External_Career_Site/job/Washington---Seattle/Lead-Employee-Success-People-Consultant_JR356574-1,Salesforce,2026-08-19,2026-08-26,2026-08-27,Washington - Seattle,onsite,,"$94,000 - $142,300",55,stretch,low,P3,Priority employer Salesforce,No description to verify mandate,aging,,,,,core,core title gate,⭐ Priority employers,0,
salesforce|recruiting operations manager|seattle,Salesforce,Recruiting Operations Manager,https://salesforce.wd12.myworkdaysite.com/External_Career_Site/job/Illinois---Chicago/Recruiting-Operations-Manager_JR343767,Salesforce,2026-08-19,2026-08-26,2026-08-26,Seattle (+5 more),onsite,,"$117,400 - $177,600",55,stretch,low,P3,Priority employer Salesforce,No description to confirm strategic scope,removed,,,2026-08-27,not_listed,core,core title gate,⭐ Priority employers,0,
salesforce|director sox advisory process improvement|seattle,Salesforce,"Director, SOX Advisory & Process Improvement",https://salesforce.wd12.myworkdaysite.com/External_Career_Site/job/Georgia---Atlanta/Director--SOX-Advisory---Process-Improvement_JR351058,Salesforce,2026-08-18,2026-08-26,2026-08-27,Seattle (+3 more),onsite,,"$164,000 - $261,500",35,stretch,low,P3,Priority employer Salesforce,Title suggests audit/compliance-heavy mandate,aging,,,,,core,core title gate,⭐ Priority employers,0,
salesforce|campaign planning operations senior manager|seattle,Salesforce,Campaign Planning Operations Senior Manager,https://salesforce.wd12.myworkdaysite.com/External_Career_Site/job/California---San-Francisco/Campaign-Planning-Operations-Senior-Manager_JR355639,Salesforce,2026-08-18,2026-08-26,2026-08-27,Seattle (+3 more),onsite,,"$143,400 - $216,900",55,stretch,low,P3,Marketing/campaign ops adjacent to her operations background,"Thin posting, cannot verify strategic scope",aging,,,,,core,core title gate,⭐ Priority employers,0,
salesforce|senior manager pricing analytics strategy|seattle,Salesforce,"Senior Manager, Pricing Analytics & Strategy",https://salesforce.wd12.myworkdaysite.com/External_Career_Site/job/California---San-Francisco/Senior-Manager--Pricing-Analytics---Strategy_JR354709,Salesforce,2026-08-17,2026-08-26,2026-08-27,Seattle (+1 more),onsite,,"$150,100 - $227,000",40,stretch,low,P3,Priority employer Salesforce,No description to confirm scope,aging,,,,,core,core title gate,⭐ Priority employers,0,
salesforce|product manager enterprise ai portfolio management platforms|seattle,Salesforce,"Product Manager, Enterprise AI & Portfolio Management Platforms",https://salesforce.wd12.myworkdaysite.com/External_Career_Site/job/Washington---Seattle/Product-Manager--Enterprise-AI---Portfolio-Management-Platforms_JR354037,Salesforce,2026-08-14,2026-08-26,2026-08-27,Seattle (+4 more),onsite,,"$148,500 - $223,900",40,stretch,low,P3,Priority employer Salesforce with referral advantage,No description; title suggests hands-on product ownership not strategy leadership,aging,,,,,core,core title gate,⭐ Priority employers,0,
salesforce|customer success manager mulesoft|seattle,Salesforce,"Customer Success Manager, MuleSoft",https://salesforce.wd12.myworkdaysite.com/External_Career_Site/job/Georgia---Atlanta/Customer-Succes-Manager--Senior-Manager-Mulesoft_JR332588-1,Salesforce,2026-08-13,2026-08-26,2026-08-27,Seattle (+3 more),onsite,,"$123,100 - $227,000",40,stretch,low,P3,Customer success aligns with CX domain,No description to confirm strategic scope,aging,,,,,discovery,role family 'customer success' + seniority in title; demoted to wildcards by the precision rule 'customer success manager',⭐ Priority employers,0,
salesforce|sr manager demand generation analytics performance|washington seattle,Salesforce,"Sr. Manager, Demand Generation Analytics & Performance",https://salesforce.wd12.myworkdaysite.com/External_Career_Site/job/Washington---Seattle/Sr-Manager--Demand-Generation-Analytics---Performance_JR354522-1,Salesforce,2026-08-11,2026-08-26,2026-08-27,Washington - Seattle,onsite,,"$143,400 - $216,900",30,not_recommended,low,P3,Priority employer Salesforce raises opportunity slightly,"Title suggests marketing analytics, not transformation/ops leadership",stale,,,,,discovery,role family 'performance' + seniority in title,⭐ Priority employers,0,
salesforce|customer success manager informatica|seattle,Salesforce,Customer Success Manager (Informatica),https://salesforce.wd12.myworkdaysite.com/External_Career_Site/job/Indiana---Indianapolis/Customer-Success-Manager--Informatica-_JR340890,Salesforce,2026-08-11,2026-08-26,2026-08-27,Seattle (+3 more),onsite,,"$99,400 - $186,300",40,stretch,low,P3,Customer success leadership adjacent domain,No description to judge mandate,stale,,,,,discovery,role family 'customer success' + seniority in title; demoted to wildcards by the precision rule 'customer success manager',⭐ Priority employers,0,
salesforce|customer success manager tableau|seattle,Salesforce,Customer Success Manager – Tableau,https://salesforce.wd12.myworkdaysite.com/External_Career_Site/job/Illinois---Chicago/Customer-Success-Manager---Tableau_JR347795,Salesforce,2026-08-10,2026-08-26,2026-08-27,Seattle (+5 more),onsite,,"$123,100 - $186,300",50,stretch,low,P3,Customer success aligns with CX experience,No description to judge actual mandate,stale,,,,,discovery,role family 'customer success' + seniority in title; demoted to wildcards by the precision rule 'customer success manager',⭐ Priority employers,0,
salesforce|senior art director customer brand partnerships creative|seattle,Salesforce,"Senior Art Director, Customer & Brand Partnerships Creative",https://salesforce.wd12.myworkdaysite.com/External_Career_Site/job/Illinois---Chicago/Senior-Art-Director--Customer---Brand-Partnerships-Creative_JR355136,Salesforce,2026-08-07,2026-08-26,2026-08-27,Seattle (+1 more),onsite,,"$143,400 - $216,900",20,not_recommended,medium,P3,"Creative/art direction role, not transformation or ops",No strategic/operations mandate evident,stale,,,,,discovery,role family 'customer' + seniority in title,⭐ Priority employers,0,
salesforce|lead security consultant professional services security assurance pssa|seattle,Salesforce,Lead Security Consultant - Professional Services Security Assurance (PSSA),https://salesforce.wd12.myworkdaysite.com/External_Career_Site/job/California---San-Francisco/Services-Practices-Senior-Manager--Security-_JR351112,Salesforce,2026-08-06,2026-08-26,2026-08-27,Seattle (+7 more),onsite,,"$150,100 - $227,000",20,not_recommended,medium,P3,"Security consulting role, not her domain",No description available to verify scope,stale,,,,,core,core title gate,⭐ Priority employers,0,
robert half|project manager ii|remote,Robert Half,Project Manager II,https://www.roberthalf.com/us/en/job/philadelphia-pa/project-manager-ii/04838-0013493801-usen,Robert Half,2026-08-25,2026-08-26,2026-08-27,"Philadelphia, PA (Remote)",remote,Temp,$35.00–$40.00/hr,45,practical_contract,medium,P2,Transformation initiative with process/change scope,"Highly tactical, documentation-heavy role",active,,,,,discovery,role family 'project manager' + seniority in title,🧑‍💼 Contract / Staffing,0,
robert half|learning and development coordinator|remote,Robert Half,Learning and Development Coordinator,https://www.roberthalf.com/us/en/job/chicago-il/learning-and-development-coordinator/01300-0013492710-usen,Robert Half,2026-08-25,2026-08-26,2026-08-27,"Chicago, IL (Remote)",remote,Temp,$25.00–$30.00/hr,20,not_recommended,high,P3,"Entry-level coordinator role, not leadership",Massive seniority mismatch,active,,,,,discovery,"role family 'learning and development' + mandate in description (organizational change, adoption); demoted to wildcards by the precision rule 'coordinator'",🧑‍💼 Contract / Staffing,0,
recursion|staff ai researcher|remote,Recursion,Staff AI Researcher,https://job-boards.greenhouse.io/recursionpharmaceuticals/jobs/8155679,Recursion,2026-08-25,2026-08-26,2026-08-26,Remote Opportunity - United States,remote,,,8,not_recommended,high,P3,"Deep technical AI research role, not transformation/ops",Requires hands-on AI research expertise she lacks,removed,,,2026-08-27,not_listed,discovery,"mandate in description (digital transformation, lean)",📍 Local — Silicon Slopes,0,
podium|chief of staff sales|lehi,Podium,Chief of Staff - Sales,https://job-boards.greenhouse.io/podium81/jobs/8157904,Podium,2026-08-25,2026-08-26,2026-08-27,"Lehi, Utah",onsite,,,72,strong_fit,medium,P2,"Utah-local role, hybrid/onsite feasible",Sales-specific GTM focus is narrower than core transformation experience,active,,,,,core,core title gate,📍 Local — Silicon Slopes,1,2026-08-26
pbs|platform and content operations associate|remote,PBS,Platform and Content Operations Associate,https://vhr-pbs.wd115.myworkdayjobs.com/PBSCareers/job/Remote/Platform-and-Content-Operations-Associate_JR1000311,PBS,2026-08-18,2026-08-26,2026-08-27,Remote,remote,,,35,stretch,low,P3,Priority employer PBS,"Title suggests associate-level, below her seniority",aging,,,,,discovery,priority employer; role family 'operations' in title,⭐ Priority employers,0,
omada health|senior manager revenue operations|remote,Omada Health,"Senior Manager, Revenue Operations",https://job-boards.greenhouse.io/omadahealth/jobs/8114215,Omada Health,2026-08-25,2026-08-26,2026-08-27,"Remote, USA",remote,,,55,stretch,medium,P3,Fully remote US role,"Heavily analytics/data-modeling focused, less transformation strategy",active,,,,,core,core title gate,🌎 US-Remote,0,
obsidian security|head of gtm enablement|remote,Obsidian Security,Head of GTM Enablement,https://jobicy.com/jobs/151670-head-of-gtm-enablement,Jobicy (aggregator),2026-08-26,2026-08-26,2026-08-27,USA (Remote),remote,Full-Time,,62,stretch,medium,P3,"US-remote, strong practical fit",Heavier sales enablement focus than her core transformation background,active,,,,,discovery,role family 'enablement' + seniority in title,🌎 US-Remote,0,
obsidian security|sr technical marketing manager alliances competitive strategy|remote,Obsidian Security,Sr Technical Marketing Manager - Alliances & Competitive Strategy,https://jobicy.com/jobs/151687-sr-technical-marketing-manager-alliances-competitive-strategy,Jobicy (aggregator),2026-08-26,2026-08-26,2026-08-27,USA (Remote),remote,Full-Time,,30,not_recommended,medium,P3,Fully remote US matches location preference,Requires deep security/technical marketing expertise,active,,,,,core,core title gate,🌎 US-Remote,0,
obsidian security|senior customer marketing manager|remote,Obsidian Security,Senior Customer Marketing Manager,https://jobicy.com/jobs/151648-senior-customer-marketing-manager-4,Jobicy (aggregator),2026-08-26,2026-08-26,2026-08-27,USA (Remote),remote,Full-Time,,30,not_recommended,medium,P3,Fully remote US role,"Marketing-specific IC role, not strategic ownership",active,,,,,discovery,role family 'customer' + seniority in title,🌎 US-Remote,0,
marriott international|architect infrastructure policy automation|remote,Marriott International,Architect – Infrastructure & Policy Automation,https://careers.marriott.com/architect-infrastructure-policy-automation/job/BC0817D6A8A32A5B1874F9A2903F2B67,Marriott International,,2026-08-26,2026-08-27,"Bethesda, MD (Remote)",remote,Full Time,"$127,000-$220,000",10,not_recommended,high,P3,Deep hands-on software/infrastructure engineering role,Requires Terraform/IaC engineering expertise she lacks,active,,,,,discovery,priority employer; role family 'automation' in title,⭐ Priority employers,0,
marriott international|director enterprise office networks|remote,Marriott International,"Director, Enterprise Office Networks",https://careers.marriott.com/director-enterprise-office-networks/job/33F38C8D39E34083B1C306B91461EA09,Marriott International,,2026-08-26,2026-08-27,"Bethesda, MD (Remote)",remote,Full Time,"$119,000-$202,000",20,not_recommended,high,P3,"Deep technical network engineering role, not her domain",Requires hands-on network engineering expertise she lacks,active,,,,,discovery,"mandate in description (operational excellence, governance)",⭐ Priority employers,0,
marriott international|flex director data products shop book|remote,Marriott International,"FLEX Director, Data Products – Shop & Book",https://careers.marriott.com/flex-director-data-products-shop-book/job/DAB38D4176D7B8B3610A2C949967C581,Marriott International,,2026-08-26,2026-08-27,"Bethesda, MD (Remote)",remote,Full Time,$57.21-$95.67,45,stretch,medium,P3,"Priority employer Marriott, remote",Requires deep data engineering/analytics product expertise,active,,,,,discovery,"mandate in description (stakeholder alignment, governance)",⭐ Priority employers,0,
marriott international|flex director product management coach|remote,Marriott International,"FLEX Director, Product Management Coach",https://careers.marriott.com/flex-director-product-management-coach/job/7BCFDD2250380F99712939A010937FF6,Marriott International,,2026-08-26,2026-08-27,"Bethesda, MD (Remote)",remote,Full Time,$57.16-$91.87,66,practical_contract,medium,P2,Priority employer Marriott with named contact,Product management coaching skews more tactical/specialized,active,,,,,discovery,"mandate in description (operating model, continuous improvement, adoption)",⭐ Priority employers,0,
marriott international|flex manager business transformation office deployment|remote,Marriott International,"FLEX Manager, Business Transformation Office - Deployment",https://careers.marriott.com/flex-manager-business-transformation-office-deployment/job/B8C69CDF47DB6DA976A847088D1C1AA0,Marriott International,,2026-08-26,2026-08-27,"Bethesda, MD (Remote)",remote,Full Time,$41.97-$65.86,78,strong_fit,medium,P2,"Priority employer Marriott, named target",Temporary FLEX role through 2027,active,,,,,core,core title gate,⭐ Priority employers,1,2026-08-26
marriott international|flex manager command center digital technology transformation|remote,Marriott International,"FLEX Manager, Command Center, Digital + Technology Transformation",https://careers.marriott.com/flex-manager-command-center-digital-technology-transformation/job/9A988B65A9C7C494616D32441F57F899,Marriott International,,2026-08-26,2026-08-27,"Bethesda, MD (Remote)",remote,Full Time,$41.97-$66.34,20,not_recommended,high,P3,Hands-on technical NOC/IT support role,Wrong function: technical helpdesk/incident response,active,,,,,core,core title gate,⭐ Priority employers,0,
marriott international|flex manager product analyst|remote,Marriott International,"FLEX Manager, Product Analyst",https://careers.marriott.com/flex-manager-product-analyst/job/3765846AE1583F0CEEE5FA681C22B34D,Marriott International,,2026-08-26,2026-08-27,"Bethesda, MD (Remote)",remote,Full Time,$31.73-$47.59,35,stretch,medium,P3,Marriott priority employer target,Far below her seniority/ownership level,active,,,,,discovery,"mandate in description (continuous improvement, adoption, customer experience)",⭐ Priority employers,0,
marriott international|flex manager security architecture and strategy|remote,Marriott International,"FLEX Manager, Security Architecture and Strategy",https://careers.marriott.com/flex-manager-security-architecture-and-strategy/job/23136DED9336D4280306DF72799DE474,Marriott International,,2026-08-26,2026-08-27,"Bethesda, MD (Remote)",remote,Full Time,$41.97-$70.67,30,not_recommended,medium,P3,Priority employer Marriott raises visibility,Requires IT/security architecture expertise she lacks,active,,,,,core,core title gate,⭐ Priority employers,0,
marriott international|flex problem manager itsm|remote,Marriott International,"FLEX Problem Manager, ITSM",https://careers.marriott.com/flex-problem-manager-itsm/job/4CB63EBB04521AE2B2E98EBAB4EB8F63,Marriott International,,2026-08-26,2026-08-27,"Bethesda, MD (Remote)",remote,Full Time,$41.97-$66.34,35,stretch,medium,P3,"Priority employer Marriott, referral advantage",Requires deep ITIL/ServiceNow technical expertise not demonstrated,active,,,,,discovery,"mandate in description (operational excellence, continuous improvement, adoption)",⭐ Priority employers,0,
marriott international|flex sales catering systems program manager support facilitation|remote,Marriott International,FLEX Sales & Catering Systems Program Manager (Support & Facilitation),https://careers.marriott.com/flex-sales-catering-systems-program-manager-support-facilitation/job/67C76005796B87E720FC7144B502AE0E,Marriott International,,2026-08-26,2026-08-27,"Bethesda, MD (Remote)",remote,Full Time,$31.25-$39.90,20,not_recommended,medium,P3,Priority employer Marriott but wrong function,Requires deep CI/TY system tool expertise,active,,,,,discovery,role family 'program manager' + seniority in title,⭐ Priority employers,0,
marriott international|flex sales manager|remote,Marriott International,FLEX Sales Manager,https://careers.marriott.com/flex-sales-manager/job/3688D110803745D6DB399FB8098117FF,Marriott International,,2026-08-26,2026-08-26,"Bethesda, MD (Remote)",remote,Full Time,$35.58-$44.71,12,not_recommended,high,P3,"Hotel group sales quota role, wrong function","No transformation, ops, or leadership scope",removed,,,2026-08-27,not_listed,core,core title gate,⭐ Priority employers,0,
marriott international|flex senior director ecommerce boutiques|remote,Marriott International,"FLEX Senior Director, Ecommerce Boutiques",https://careers.marriott.com/flex-senior-director-ecommerce-boutiques/job/EBB5936DB84CAD2B8FF83B5D1C24CF35,Marriott International,,2026-08-26,2026-08-27,"Bethesda, MD (Remote)",remote,Full Time,$72.64-$107.21,60,stretch,medium,P3,"Priority employer Marriott, named target",Requires deep ecommerce product/platform expertise not her core,active,,,,,core,core title gate,⭐ Priority employers,0,
marriott international|flex senior program specialist lodging product services|remote,Marriott International,FLEX Senior Program Specialist - Lodging Product & Services,https://careers.marriott.com/flex-senior-program-specialist-lodging-product-services/job/76CBE1CAB949FD6E30197907349543D2,Marriott International,,2026-08-26,2026-08-27,"Bethesda, MD (Remote)",remote,Full Time,$22.64-$39.71,45,practical_contract,medium,P2,Priority employer Marriott raises visibility,"Temporary role, expires 2026",active,,,,,discovery,role family 'program' + seniority in title,⭐ Priority employers,0,
marriott international|senior director information security compliance program|remote,Marriott International,"Senior Director, Information Security – Compliance Program",https://careers.marriott.com/senior-director-information-security-compliance-program/job/4E6288EF9BAB682F74DDB38CCF7D0F01,Marriott International,,2026-08-26,2026-08-27,"Bethesda, MD (Remote)",remote,Full Time,"$151,100-$239,100",30,not_recommended,medium,P3,Priority employer Marriott,Requires deep cybersecurity/compliance domain expertise,active,,,,,discovery,role family 'program' + seniority in title,⭐ Priority employers,0,
marriott international|senior manager customer marketing boutiques|remote,Marriott International,"Senior Manager, Customer Marketing Boutiques",https://careers.marriott.com/senior-manager-customer-marketing-boutiques/job/8317368351650C08F7002B9FDBE0DD0A,Marriott International,,2026-08-26,2026-08-27,"Bethesda, MD (Remote)",remote,Full Time,"$110,400-$159,000",45,stretch,medium,P3,Priority employer Marriott,"Heavily CRM/lifecycle marketing execution, not transformation/ops",active,,,,,discovery,role family 'customer' + seniority in title,⭐ Priority employers,0,
marriott international|senior manager guest voice survey governance|remote,Marriott International,"Senior Manager, Guest Voice & Survey Governance",https://careers.marriott.com/senior-manager-guest-voice-survey-governance/job/D149FD23E2FDD2FA78FED52A4782ED9E,Marriott International,,2026-08-26,2026-08-27,"Bethesda, MD (Remote)",remote,Full Time,"$110,400-$186,000",75,strong_fit,medium,P2,Priority employer Marriott,"Remote noted but based in Bethesda MD, not Utah/WA",active,,,,,discovery,"mandate in description (customer experience, governance)",⭐ Priority employers,1,2026-08-26
marriott international|sr manager technology product management unified experience layer uxl|remote,Marriott International,"Sr Manager, Technology Product Management - Unified Experience Layer (UXL)",https://careers.marriott.com/sr-manager-technology-product-management-unified-experience-layer-uxl/job/8E6370686AEBC193B128BC5CB44F8809,Marriott International,,2026-08-26,2026-08-27,"Bethesda, MD (Remote)",remote,Full Time,"$110,400-$157,000",45,stretch,medium,P3,Priority employer Marriott,Requires deep technical API/platform product background,active,,,,,core,core title gate,⭐ Priority employers,0,
marriott international|vp luxury client relationship management|remote,Marriott International,"VP, Luxury Client Relationship Management",https://careers.marriott.com/vp-luxury-client-relationship-management/job/29BAEC62EB4A864E576FE682205AB7B7,Marriott International,,2026-08-26,2026-08-27,"Bethesda, MD (Remote)",remote,Full Time,"$216,000-$390,000",68,strong_fit,medium,P2,Operating model design and enterprise transformation mandate,CRM/luxury clienteling domain is a specialty gap,active,,,,,discovery,"mandate in description (operating model, adoption)",⭐ Priority employers,1,2026-08-26
instacart|bilingual customer experience specialist|remote,Instacart,Bilingual Customer Experience Specialist,https://instacart.careers/job/?gh_jid=8157774,Instacart,2026-08-25,2026-08-26,2026-08-27,United States - Remote,remote,,,25,not_recommended,high,P3,"Frontline bilingual support role, not leadership",No strategic ownership or transformation mandate,active,,,,,discovery,"role family 'customer experience' + mandate in description (operational excellence, continuous improvement, customer experience)",🌎 US-Remote,0,
hinge health|business operations strategy manager|remote,Hinge Health,Business Operations & Strategy Manager,https://jobs.ashbyhq.com/hinge-health/d307173d-281d-4d9a-b7cf-75c3066ef09b,Hinge Health,2026-08-25,2026-08-26,2026-08-27,San Francisco-HQ (Remote),remote,,$137.6K – $206.4K,68,strong_fit,medium,P2,Cross-functional strategy/operations mandate fits core domains,Manager title may be more junior/analytical than her level,active,,,,,core,core title gate,🌎 US-Remote,1,2026-08-26
hinge health|project manager growth operations|remote,Hinge Health,"Project Manager, Growth Operations",https://jobs.ashbyhq.com/hinge-health/a2583315-2f5d-4f69-a96a-87c362d54c1d,Hinge Health,2026-08-25,2026-08-26,2026-08-27,San Francisco-HQ (Remote),remote,,$121K – $165K,68,strong_fit,medium,P2,Operating model and process design mandate,Title reads as tactical PM not strategic leader,active,,,,,core,core title gate,🌎 US-Remote,1,2026-08-26
hilton|development operations analyst|remote,Hilton,Development Operations Analyst,https://efet.fa.us2.oraclecloud.com/hcmUI/CandidateExperience/en/sites/CX_1/job/212896,Hilton,2026-08-13,2026-08-26,2026-08-27,"Los Angeles, CA, United States (Remote)",remote,,,40,stretch,medium,P3,Priority employer Hilton,"Analyst-level, not clear ownership role",aging,,,,,discovery,priority employer; role family 'operations' in title,⭐ Priority employers,0,
hightouch|senior product enablement manager|remote,Hightouch,Senior Product Enablement Manager,https://job-boards.greenhouse.io/hightouch/jobs/6162104004,Hightouch,2026-08-25,2026-08-26,2026-08-27,Remote (North America),remote,,,30,not_recommended,medium,P3,"Sales/GTM enablement, not org transformation or ops","Product marketing/sales enablement mandate, wrong function",active,,,,,discovery,role family 'enablement' + seniority in title,🌎 US-Remote,0,
headway|senior associate payer strategy ops|remote,Headway,"Senior Associate, Payer Strategy & Ops",https://jobs.ashbyhq.com/headway/3fa4cb70-1839-4c63-824e-6e1ee96e6139,Headway,2026-08-25,2026-08-26,2026-08-27,Remote - New York,remote,,"$90,440 – $133,000",40,stretch,low,P3,Ops/strategy enablement role adjacent to her PMO skills,Title and level suggest junior scope vs her Director-level experience,active,,,,,core,core title gate,🌎 US-Remote,0,
gopuff|senior director of fresh grocery produce meat seafood|remote,Gopuff,"Senior Director of Fresh Grocery (Produce, Meat & Seafood)",https://jobicy.com/jobs/151631-senior-director-of-fresh-grocery-produce-meat-seafood,Jobicy (aggregator),2026-08-25,2026-08-26,2026-08-27,USA (Remote),remote,Full-Time,"$180,000 - $240,000 K",40,stretch,medium,P3,Full P&L ownership and cross-functional leadership,Requires deep fresh food/grocery merchandising domain expertise,active,,,,,discovery,"mandate in description (cross-functional leadership, p&l)",🌎 US-Remote,0,
gitlab|customer success architect|remote,GitLab,Customer Success Architect,https://job-boards.greenhouse.io/gitlab/jobs/8742716002,GitLab,2026-08-24,2026-08-26,2026-08-27,"Remote, United States",remote,,,45,stretch,medium,P3,"Remote US role, strong practical fit","Highly technical, engineering-adjacent role",active,,,,,discovery,"role family 'customer success' + mandate in description (digital transformation, adoption)",🌎 US-Remote,0,
gitlab|senior program manager enterprise technology ai|remote,GitLab,"Senior Program Manager, Enterprise Technology & AI",https://job-boards.greenhouse.io/gitlab/jobs/8742113002,GitLab,2026-08-25,2026-08-26,2026-08-27,"Remote, United States",remote,,,76,strong_fit,medium,P2,Cross-functional program leadership mandate,May be more technical/DevSecOps-specific than her background,active,,,,,discovery,role family 'program manager' + seniority in title,🌎 US-Remote,0,
gitlab|senior technical program manager|remote,GitLab,Senior Technical Program Manager,https://job-boards.greenhouse.io/gitlab/jobs/8693068002,GitLab,2026-08-25,2026-08-26,2026-08-27,"Remote, Canada; Remote, United States",remote,,,60,strong_fit,medium,P2,Fully remote US-based role,Highly technical DevSecOps/engineering domain,active,,,,,discovery,role family 'program manager' + seniority in title,🌎 US-Remote,0,
datadog|partner manager channels|remote,Datadog,Partner Manager - Channels,https://jobicy.com/jobs/151733-partner-manager-channels,Jobicy (aggregator),2026-08-26,2026-08-26,2026-08-27,USA (Remote),remote,Full-Time,,25,not_recommended,medium,P3,Fully remote US role,"Sales/partner quota ownership, not strategy/ops",active,,,,,discovery,"mandate in description (adoption, professional services)",🌎 US-Remote,0,
atlassian|smb solution sales executive jsm|remote,Atlassian,"SMB Solution Sales Executive, JSM",https://careers-americas.icims.com/jobs/26012/smb-solution-sales-executive%2c-jsm/job?mode=apply,Atlassian,,2026-08-26,2026-08-27,Remote - Americas; Remote - Remote; San Francisco - United States; Austin - United States; Mountain View - United States or Remote,remote,,,15,not_recommended,high,P3,This is a quota-carrying AE sales role,Sales-quota ownership explicitly outside her fit,active,,,,,discovery,priority employer; mandate in responsibilities (customer experience),⭐ Priority employers,0,
atlassian|smb solution sales executive latam|remote,Atlassian,"SMB Solution Sales Executive, LATAM",https://careers-americas.icims.com/jobs/26007/smb-solution-sales-executive%2c-latam/job?mode=apply,Atlassian,,2026-08-26,2026-08-27,New York - United States; Remote - Remote; Austin - United States; Washington DC - United States; Remote - Americas,remote,,,15,not_recommended,high,P3,"Quota-carrying sales role, not transformation/ops",Sales-quota ownership explicitly excluded from fit,active,,,,,discovery,priority employer; mandate in responsibilities (customer experience),⭐ Priority employers,0,
atlassian|associate customer success manager|salt lake city united states,Atlassian,Associate Customer Success Manager,https://careers-americas.icims.com/jobs/25384/associate-customer-success-manager/job?mode=apply,Atlassian,,2026-08-26,2026-08-27,Salt Lake City - United States,onsite,,,45,stretch,medium,P3,Atlassian priority employer with SLC onsite,Title and scope are junior/IC-level for her experience,active,,,,,discovery,role family 'customer success' + seniority in title; demoted to wildcards by the precision rule 'customer success manager',⭐ Priority employers,0,
atlassian|customer success manager|remote,Atlassian,Customer Success Manager,https://careers-americas.icims.com/jobs/25395/customer-success-manager/job?mode=apply,Atlassian,,2026-08-26,2026-08-27,Remote - Americas; Remote - Remote,remote,,,55,stretch,medium,P3,Priority employer Atlassian with referral advantage,"Individual account management, not strategic leadership",active,,,,,discovery,role family 'customer success' + seniority in title; demoted to wildcards by the precision rule 'customer success manager',⭐ Priority employers,0,
atlassian|performance marketing manager dx|remote,Atlassian,"Performance Marketing Manager, DX",https://careers-americas.icims.com/jobs/26354/performance-marketing-manager%2c-dx/job?mode=apply,Atlassian,,2026-08-26,2026-08-27,Remote - Americas; Remote - Remote,remote,,,25,not_recommended,high,P3,Hands-on paid media execution role,Requires SEM/CRO execution skills not her focus,active,,,,,discovery,role family 'performance' + seniority in title,⭐ Priority employers,0,
atlassian|principal enterprise delivery manager migrations|remote,Atlassian,"Principal Enterprise Delivery Manager, Migrations",https://careers-americas.icims.com/jobs/25321/principal-enterprise-delivery-manager%2c-migrations/job?mode=apply,Atlassian,,2026-08-26,2026-08-27,Remote - Americas; Remote - Remote; San Francisco - United States; New York - United States; Seattle - United States,remote,,,55,stretch,medium,P3,Remote US role,Requires deep technical cloud/migration fluency,active,,,,,discovery,role family 'delivery' + seniority in title,⭐ Priority employers,0,
atlassian|principal hrbp gtm|remote,Atlassian,"Principal HRBP, GTM",https://careers-americas.icims.com/jobs/26772/principal-hrbp%2c-gtm/job?mode=apply,Atlassian,,2026-08-26,2026-08-27,Remote - Americas; Remote - Remote,remote,,,55,stretch,medium,P3,Org design and workforce planning mandate fits her strengths,"Core function is HRBP, not her demonstrated background",active,,,,,discovery,"mandate in description (organizational design, org design, workforce planning)",⭐ Priority employers,0,
atlassian|principal strategist ai sales strategy|remote,Atlassian,"Principal Strategist, AI Sales Strategy",https://careers-americas.icims.com/jobs/25128/principal-strategist%2c-ai-sales-strategy/job?mode=apply,Atlassian,,2026-08-26,2026-08-27,San Francisco - United States; Remote - Remote,remote,,,58,stretch,medium,P3,Priority employer Atlassian with referral advantage,"Deeply sales-strategy/SaaS quantitative focus, not her core",active,,,,,core,core title gate,⭐ Priority employers,0,
atlassian|principal value advisor value management office|remote,Atlassian,"Principal Value Advisor, Value Management Office",https://careers-americas.icims.com/jobs/25377/principal-value-advisor%2c-value-management-office/job?mode=apply,Atlassian,,2026-08-26,2026-08-27,Washington DC - United States; Remote - Remote; New York - United States,remote,,,75,strong_fit,medium,P2,Value realization mandate matches core domain,"IC role, not leadership title",active,,,,,discovery,role family 'value' + seniority in title,⭐ Priority employers,1,2026-08-26
atlassian|principal success portfolio design transformation|remote,Atlassian,"Principal, Success Portfolio Design & Transformation",https://careers-americas.icims.com/jobs/26037/principal%2c-success-portfolio-design-%26-transformation/job?mode=apply,Atlassian,,2026-08-26,2026-08-27,Mountain View - United States or Remote; Remote - Remote,remote,,,88,apply_first,medium,P1,"Priority employer Atlassian, remote-eligible",Heavier CS/GTM specialization than her past scope,active,,,,,core,core title gate,⭐ Priority employers,1,2026-08-26
atlassian|product solutions enablement manager|remote,Atlassian,Product & Solutions Enablement Manager,https://careers-americas.icims.com/jobs/25371/product-%26-solutions-enablement-manager/job?mode=apply,Atlassian,,2026-08-26,2026-08-27,Remote - Americas; Remote - Remote,remote,,,65,strong_fit,medium,P2,Atlassian priority employer with real connections,Narrower scope than her transformation/strategy focus,active,,,,,discovery,role family 'enablement' + seniority in title,⭐ Priority employers,0,
atlassian|senior corporate finance analyst|remote,Atlassian,Senior Corporate Finance Analyst,https://careers-americas.icims.com/jobs/26293/senior-corporate-finance-analyst/job?mode=apply,Atlassian,,2026-08-26,2026-08-27,San Francisco - United States; Remote - Remote; Remote - Americas,remote,,,30,not_recommended,high,P3,"FP&A/corporate finance analyst role, not transformation",Requires financial modeling/FP&A expertise not her background,active,,,,,discovery,"mandate in description (strategic initiatives, board)",⭐ Priority employers,0,
atlassian|senior design manager jira ai|remote,Atlassian,"Senior Design Manager, Jira AI",https://careers-americas.icims.com/jobs/24872/senior-design-manager%2c-jira-ai/job?mode=apply,Atlassian,,2026-08-26,2026-08-27,San Francisco - United States; Remote - Remote,remote,,,30,not_recommended,high,P3,"Requires hands-on UX/design leadership, not her background","Role is design/product craft, not org/ops transformation",active,,,,,discovery,priority employer; mandate in responsibilities (ai transformation),⭐ Priority employers,0,
atlassian|senior manager onboarding twc|remote,Atlassian,"Senior Manager, Onboarding, TWC",https://careers-americas.icims.com/jobs/26297/senior-manager%2c-onboarding%2c-twc/job?mode=apply,Atlassian,,2026-08-26,2026-08-27,Mountain View - United States or Remote; Remote - Remote,remote,,,76,strong_fit,medium,P2,Priority employer Atlassian with referral advantage,Senior Manager scope may be narrower than prior Sr Director roles,active,,,,,core,core title gate,⭐ Priority employers,1,2026-08-26
atlassian|senior sales compensation analyst|remote,Atlassian,Senior Sales Compensation Analyst,https://careers-americas.icims.com/jobs/26038/senior-sales-compensation-analyst/job?mode=apply,Atlassian,,2026-08-26,2026-08-27,Remote - Americas; Remote - Remote,remote,,,30,not_recommended,high,P3,"Priority employer Atlassian, fully remote US",Not a strategy/ops leadership role,active,,,,,discovery,priority employer; mandate in responsibilities (change management),⭐ Priority employers,0,
atlassian|senior solution architect|remote,Atlassian,Senior Solution Architect,https://careers-americas.icims.com/jobs/25389/senior-solution-architect/job?mode=apply,Atlassian,,2026-08-26,2026-08-27,Austin - United States; Remote - Remote,remote,,,68,strong_fit,medium,P2,Operating model adoption and value realization mandate,Requires deep technical product architecture depth,active,,,,,discovery,"mandate in description (operating model, adoption, value realization)",⭐ Priority employers,1,2026-08-26
atlassian|senior solution consultant teamwork foundations ai|remote,Atlassian,"Senior Solution Consultant, Teamwork Foundations + AI",https://careers-americas.icims.com/jobs/25307/senior-solution-consultant%2c-teamwork-foundations-%2b-ai/job?mode=apply,Atlassian,,2026-08-26,2026-08-27,Remote - Americas; Remote - Remote,remote,,,65,stretch,medium,P3,Value realization mandate fits background,Requires deep Atlassian product expertise she may lack,active,,,,,discovery,role family 'consultant' + seniority in title,⭐ Priority employers,0,
atlassian|senior value advisor value management office|remote,Atlassian,"Senior Value Advisor, Value Management Office",https://careers-americas.icims.com/jobs/25236/senior-value-advisor%2c-value-management-office/job?mode=apply,Atlassian,,2026-08-26,2026-08-27,Austin - United States; Remote - Remote,remote,,,78,strong_fit,medium,P2,Value realization/enablement mandate matches core domains,Heavy financial modeling/business case emphasis may be gap,active,,,,,discovery,role family 'value' + seniority in title,⭐ Priority employers,1,2026-08-26
atlassian|services solutions advocate|remote,Atlassian,Services Solutions Advocate,https://careers-americas.icims.com/jobs/25740/services-solutions-advocate/job?mode=apply,Atlassian,,2026-08-26,2026-08-27,New York - United States; Remote - Remote; San Francisco - United States; Washington DC - United States,remote,,,60,stretch,medium,P3,Priority employer with referral advantage,Sales-cycle/pipeline ownership resembles quota role,active,,,,,discovery,priority employer; mandate in responsibilities (professional services),⭐ Priority employers,0,
aquent|digital project manager|remote,Aquent,Digital Project Manager,https://aquent.com/find-work/212538,Aquent,2026-08-25,2026-08-26,2026-08-27,"New York, NY, US (Remote)",remote,,,30,not_recommended,medium,P3,"Part-time tactical PM work, not strategic",Very narrow creative-ops scope,active,,,,,discovery,role family 'project manager' + seniority in title,🧑‍💼 Contract / Staffing,0,
aquent|business program manager junior ii|remote,Aquent,Business Program Manager (Junior II),https://aquent.com/find-work/212450,Aquent,2026-08-20,2026-08-26,2026-08-27,"San Francisco, CA, US (Remote)",remote,,up to $58.31/hr,25,not_recommended,medium,P3,"Junior-level, administrative compliance tracking, not strategic","Junior title matches junior actual scope, not misleading",active,,,,,discovery,role family 'program manager' + seniority in title,🧑‍💼 Contract / Staffing,0,
adobe|senior solutions enablement manager c p|remote,Adobe,"Senior Solutions Enablement Manager, C&P",https://adobe.wd5.myworkdayjobs.com/external_experienced/job/Remote-Colorado/Senior-Solutions-Enablement-Manager--C-P_R170960,Adobe,2026-08-24,2026-08-26,2026-08-27,Remote Colorado,remote,,"$132,500 - $191,900",45,stretch,low,P3,Adobe priority employer with referral advantage,No job description available to verify scope,active,,,,,discovery,role family 'enablement' + seniority in title,⭐ Priority employers,0,
adobe|project manager professional services|remote,Adobe,Project Manager (Professional Services),https://adobe.wd5.myworkdayjobs.com/external_experienced/job/Chicago/Project-Manager--Professional-Services-_R170971,Adobe,2026-08-05,2026-08-26,2026-08-26,Remote (+4 more),remote,,"$118,100 - $171,100",68,strong_fit,low,P3,Professional services PM aligns with delivery leadership background,No description; scope and seniority unclear,removed,,,2026-08-27,not_listed,core,core title gate,⭐ Priority employers,0,
adobe|senior project manager global talent acquisition|remote,Adobe,"Senior Project Manager, Global Talent Acquisition",https://adobe.wd5.myworkdayjobs.com/external_experienced/job/San-Jose/Senior-Project-Manager--Global-Talent-Acquisition_R169824,Adobe,2026-08-06,2026-08-26,2026-08-27,Remote (+4 more),remote,,"$139,700 - $202,250",55,stretch,low,P3,Adobe priority employer with referral advantage,No description to confirm scope or seniority,stale,,,,,discovery,role family 'project manager' + seniority in title,⭐ Priority employers,0,
adobe|principal strategy and operations|remote,Adobe,"Principal, Strategy and Operations",https://adobe.wd5.myworkdayjobs.com/external_experienced/job/Lehi/Principal--Strategy-and-Operations_R170949,Adobe,2026-08-14,2026-08-26,2026-08-27,Remote (+1 more),remote,,,78,strong_fit,low,P3,Strategy/Ops mandate fits core domains,No description to confirm scope,aging,,,,,core,core title gate,⭐ Priority employers,1,2026-08-26
adobe|ai studio content operations lead genstudio firefly|remote,Adobe,AI Studio - Content Operations Lead (GenStudio & Firefly),https://adobe.wd5.myworkdayjobs.com/external_experienced/job/Bangalore/AI-Studio---Content-Operations-Lead--GenStudio---Firefly-_R169730-1,Adobe,2026-08-14,2026-08-26,2026-08-27,Remote (+1 more),remote,,,68,strong_fit,low,P3,Adobe priority employer with referral advantage,"No description available, scope unclear",aging,,,,,core,core title gate,⭐ Priority employers,0,
adobe|technology asset planning analyst|lehi,Adobe,Technology Asset Planning Analyst,https://adobe.wd5.myworkdayjobs.com/external_experienced/job/Lehi/Purchasing-Analyst_R170317,Adobe,2026-08-11,2026-08-26,2026-08-27,Lehi,onsite,,,30,not_recommended,low,P3,Adobe priority employer with referral advantage,No description to confirm scope,stale,,,,,discovery,priority employer; role family 'planning' in title,📍 Local — Silicon Slopes,0,
actian|enterprise sales director southeast region|remote,Actian,Enterprise Sales Director- Southeast Region,https://jobicy.com/jobs/151623-enterprise-sales-director-southeast-region,Jobicy (aggregator),2026-08-25,2026-08-26,2026-08-26,USA (Remote),hybrid,Full-Time,,,,,P3,,,removed,,,2026-08-27,not_listed,discovery,"mandate in description (roi, governance)",🌎 US-Remote,0,
verra mobility|project manager|remote,Verra Mobility,Project Manager,https://jobicy.com/jobs/151512-project-manager-4,Jobicy (aggregator),2026-08-24,2026-08-25,2026-08-27,USA (Remote),remote,Full-Time,,45,stretch,medium,P3,"US-remote, practical fit strong",Junior scope (2-5 yrs exp target),active,,,,,discovery,role family 'project manager' + seniority in title,🌎 US-Remote,1,2026-08-25
robert half|senior project program manager|remote,Robert Half,Senior Project / Program Manager,https://www.roberthalf.com/us/en/job/chicago-il/senior-project-program-manager/01300-0013440601-usen,Robert Half,2026-08-24,2026-08-25,2026-08-25,"Chicago, IL (Remote)",remote,Temp,$61.25–$72.50/hr,45,practical_contract,medium,P2,Program leadership fits background,"IT delivery-heavy, less strategic/transformation scope",removed,,,2026-08-26,not_listed,discovery,role family 'program manager' + seniority in title,🧑‍💼 Contract / Staffing,1,2026-08-25
replit|director of compensation strategy|remote,Replit,Director of Compensation Strategy,https://jobs.ashbyhq.com/replit/6b9b25d2-cf44-446e-8e1f-dacb5ade7b6c,Replit,2026-08-24,2026-08-25,2026-08-27,"Foster City, CA (Remote)",remote,,$171K – $270K,20,not_recommended,high,P3,Deep compensation specialization outside core expertise,Requires deep comp/total rewards technical expertise she lacks,active,,,,,core,core title gate,🌎 US-Remote,0,
ramp|senior manager strategic technical consulting|remote,Ramp,"Senior Manager, Strategic Technical Consulting",https://jobs.ashbyhq.com/ramp/ac7edc29-103a-420f-9002-5d4d43afb159,Ramp,2026-08-24,2026-08-25,2026-08-27,"New York, NY (HQ) (Remote)",remote,,$235K – $358K,62,stretch,medium,P3,Post-sales transformation leadership for strategic accounts,Highly technical accounting/ERP/integration depth may not match background,active,,,,,core,core title gate,🌎 US-Remote,1,2026-08-25
qventus|product operations lead|remote,Qventus,Product Operations Lead,https://jobicy.com/jobs/151492-product-operations-lead,Jobicy (aggregator),2026-08-24,2026-08-25,2026-08-27,USA (Remote),remote,Full-Time,,74,strong_fit,medium,P2,"US-remote role, strong practical fit",Product/R&D domain specificity may be a stretch,active,,,,,core,core title gate,🌎 US-Remote,1,2026-08-25
qventus|senior technical implementation partner|remote,Qventus,Senior Technical Implementation Partner,https://jobicy.com/jobs/151516-senior-technical-implementation-partner,Jobicy (aggregator),2026-08-24,2026-08-25,2026-08-27,USA (Remote),remote,Full-Time,,55,stretch,medium,P3,Remote US role,Requires deep technical/clinical implementation expertise,active,,,,,discovery,role family 'implementation' + seniority in title,🌎 US-Remote,1,2026-08-25
notion|technical program manager finance systems compliance|remote,Notion,"Technical Program Manager, Finance Systems & Compliance",https://jobs.ashbyhq.com/notion/7ec83090-7c5b-4691-bf20-e11e892cede1,Notion,2026-08-24,2026-08-25,2026-08-27,"San Francisco, California (Remote)",remote,,,58,stretch,medium,P3,Program leadership across finance/eng systems transformation,Highly finance/accounting-systems specific domain,active,,,,,discovery,role family 'program manager' + seniority in title,🌎 US-Remote,0,
nice|renewal account manager cx|remote,NICE,"Renewal Account Manager, CX",https://boards.eu.greenhouse.io/nice/jobs/4856476101?gh_jid=4856476101,NICE,2026-08-24,2026-08-25,2026-08-27,USA - Remote,remote,,,25,not_recommended,medium,P3,US-remote practical fit is strong,"Account management/renewal sales, weak fit",active,,,,,discovery,role family 'cx' + seniority in title; demoted to wildcards by the precision rule 'account manager',📍 Local — Silicon Slopes,0,
magicschool ai|sr people operations manager|remote,MagicSchool AI,Sr People Operations Manager,https://jobicy.com/jobs/151487-sr-people-operations-manager,Jobicy (aggregator),2026-08-24,2026-08-25,2026-08-26,USA (Remote),remote,Full-Time,,45,stretch,medium,P3,Remote US role fits location preference,"Heavily HR systems/payroll focused, not transformation strategy",removed,,,2026-08-27,not_listed,core,core title gate,🌎 US-Remote,0,
launchdarkly|strategic gtm programs director|remote,LaunchDarkly,Strategic GTM Programs Director,https://job-boards.greenhouse.io/launchdarkly/jobs/7933604003,LaunchDarkly,2026-08-24,2026-08-25,2026-08-26,Remote - US,remote,,,72,strong_fit,medium,P2,Program leadership across revenue org,"Chief-of-staff style scope, less transformation-heavy",removed,,,2026-08-27,not_listed,discovery,"mandate in description (annual planning, okrs)",🌎 US-Remote,1,2026-08-25
gitlab|chief of staff cro|remote,GitLab,"Chief of Staff, CRO",https://job-boards.greenhouse.io/gitlab/jobs/8700245002,GitLab,2026-08-24,2026-08-25,2026-08-27,"Remote, United States",remote,,,88,apply_first,high,P1,Chief of Staff mandate matches target titles directly,Sales/revenue org context is somewhat adjacent to core expertise,active,,,,,core,core title gate,🌎 US-Remote,2,2026-08-26
gitlab|customer success manager|remote,GitLab,Customer Success Manager,https://job-boards.greenhouse.io/gitlab/jobs/8742716002,GitLab,2026-08-24,2026-08-25,2026-08-25,"Remote, United States",remote,,,45,stretch,medium,P3,US-remote practical fit is strong,Requires deep technical/DevOps fluency,removed,,,2026-08-26,not_listed,discovery,role family 'customer success' + seniority in title; demoted to wildcards by the precision rule 'customer success manager',🌎 US-Remote,0,
everai|senior performance marketer full worldwide|remote,EverAI,Senior Performance Marketer (Full Remote - Worldwide),https://jobicy.com/jobs/151456-senior-performance-marketer-full-remote-worldwide,Jobicy (aggregator),2026-08-24,2026-08-25,2026-08-25,Anywhere (Remote),remote,Full-Time,,12,not_recommended,high,P3,Hands-on performance marketing execution role,Requires hands-on ad-platform execution not leadership,removed,,,2026-08-26,not_listed,discovery,role family 'performance' + seniority in title,🌎 US-Remote,0,
eliassen|product manager ai enabled member experience|remote,Eliassen,"Product Manager, AI-Enabled Member Experience",https://careers.eliassen.com/W3Lbm9/product-manager-ai-enabled-member-experience-product-management-anywhere-a1wuq000001ptgd2aq,Eliassen,2026-08-24,2026-08-25,2026-08-27,Remote,remote,,$65.00 to $75.00,50,practical_contract,medium,P2,AI-enabled member experience aligns with AI adoption interest,Requires hands-on product management/technical fluency not her core strength,active,,,,,core,core title gate,🧑‍💼 Contract / Staffing,1,2026-08-25
datagrail|senior product marketing manager|remote,DataGrail,Senior Product Marketing Manager,https://jobicy.com/jobs/151531-senior-product-marketing-manager-3,Jobicy (aggregator),2026-08-24,2026-08-25,2026-08-25,USA (Remote),remote,Full-Time,,30,not_recommended,medium,P3,"Product marketing function, not transformation/ops",Wrong core function - PMM not her domain,removed,,,2026-08-26,not_listed,discovery,"mandate in description (adoption, governance)",🌎 US-Remote,0,
cresta|engagement manager professional services sales|remote,Cresta,Engagement Manager (Professional Services Sales),https://job-boards.greenhouse.io/cresta/jobs/5400255008,Cresta,2026-08-24,2026-08-25,2026-08-27,United States (Remote),remote,,,65,stretch,medium,P3,Professional services leadership matches core domain,Heavy sales/quota component atypical for her background,active,,,,,discovery,role family 'professional services' + seniority in title; demoted to wildcards by the precision rule 'engagement manager',🌎 US-Remote,0,
cresta|event field marketing manager east|remote,Cresta,Event & Field Marketing Manager - East,https://job-boards.greenhouse.io/cresta/jobs/5396281008,Cresta,2026-08-19,2026-08-25,2026-08-27,United States (Remote),remote,,,25,not_recommended,medium,P3,"Field marketing execution, not transformation/ops",Not a strategy/operations/transformation mandate,aging,,,,,discovery,"mandate in description (roi, customer experience)",🌎 US-Remote,0,
coinbase|staff it technical program manager|remote,Coinbase,Staff IT Technical Program Manager,https://www.coinbase.com/careers/positions/8148396?gh_jid=8148396,Coinbase,2026-08-24,2026-08-25,2026-08-27,Remote - USA,remote,,,35,not_recommended,medium,P3,Remote US role,Requires deep eDiscovery/regulatory technical expertise,active,,,,,discovery,role family 'program manager' + seniority in title,🌎 US-Remote,0,
brain|president of government strategy partnerships|remote,Brain Co.,President of Government Strategy & Partnerships,https://jobicy.com/jobs/151471-president-of-government-strategy-partnerships,Jobicy (aggregator),2026-08-24,2026-08-25,2026-08-25,USA (Remote),remote,Full-Time,,35,not_recommended,medium,P3,"Government sales/partnerships mandate, not ops/transformation fit",Wrong function: government sales/partnerships not transformation ops,removed,,,2026-08-26,not_listed,core,core title gate,🌎 US-Remote,0,
byu|writing programs project manager|provo,BYU,Writing Programs Project Manager - part-time,https://byu.wd1.myworkdayjobs.com/byu-careers/job/Provo-UT/Writing-Programs-Project-Manager---part-time_JR-11754,BYU,2026-08-24,2026-08-25,2026-08-27,"Provo, UT",onsite,,$20.25-$26.50,25,not_recommended,low,P3,Utah location matches preference,No description available to assess scope,active,,,,,discovery,role family 'project manager' + seniority in title,📍 Local — Silicon Slopes,0,
aquent|business transformation associate|remote,Aquent,Business Transformation Associate,https://aquent.com/find-work/212497,Aquent,2026-08-24,2026-08-25,2026-08-27,"Atlanta, GA, US (Remote)",remote,,,55,practical_contract,medium,P2,Operational transformation and AI enablement mandate,Associate-level title suggests junior scope,active,,,,,core,core title gate,🧑‍💼 Contract / Staffing,1,2026-08-25
affirm|operations enablement lead|remote,Affirm,Operations Enablement Lead,https://job-boards.greenhouse.io/affirm/jobs/7860703003,Affirm,2026-08-24,2026-08-25,2026-08-27,Remote US,remote,,,80,strong_fit,medium,P2,"Operations strategy, enablement, program leadership mandate",Title suggests more tactical/execution-only role,active,,,,,core,core title gate,🌎 US-Remote,1,2026-08-25
robert half|project manager strategic operations|remote,Robert Half,Project Manager - Strategic Operations,https://www.roberthalf.com/us/en/job/charlotte-nc/project-manager-strategic-operations/03200-0013491659-usen,Robert Half,2026-08-24,2026-08-24,2026-08-27,"Charlotte, NC (Remote)",remote,Temp,$76.00–$88.00/hr,50,practical_contract,medium,P2,Operational program leadership and executive support,"Temp/contract via staffing agency, not permanent",active,,,,,core,core title gate,🧑‍💼 Contract / Staffing,1,2026-08-24
ramp|account manager mid market|remote,Ramp,Account Manager | Mid-Market,https://jobicy.com/jobs/151434-account-manager-mid-market,Jobicy (aggregator),2026-08-23,2026-08-24,2026-08-25,USA (Remote),remote,Full-Time,,20,not_recommended,high,P3,"Quota-carrying account management, not transformation work",Sales-quota ownership explicitly listed as weak fit,removed,,,2026-08-26,not_listed,discovery,"mandate in description (operational excellence, adoption); demoted to wildcards by the precision rule 'account manager'",🌎 US-Remote,0,
eliassen|senior pmo and finance controls consultants|remote,Eliassen,Senior PMO and Finance Controls Consultants,https://careers.eliassen.com/C2NXC2/senior-pmo-and-finance-controls-consultants-accounting-finance-anywhere-a1wuq000001o5wn2aa,Eliassen,2026-08-20,2026-08-24,2026-08-24,Remote,remote,,$75.00 to $100.00,42,practical_contract,medium,P2,PMO leadership role with real program ownership,Heavy SOX/finance controls specialization outside her core,removed,,,2026-08-25,not_listed,discovery,role family 'pmo' + seniority in title,🧑‍💼 Contract / Staffing,1,2026-08-24
cologix|director utility delivery coordination|remote,"Cologix, Inc.","Director, Utility Delivery & Coordination",https://jobicy.com/jobs/151435-director-utility-delivery-coordination,Jobicy (aggregator),2026-08-23,2026-08-24,2026-08-27,USA (Remote),remote,Full-Time,,25,not_recommended,medium,P3,US-remote practical fit,Highly specialized utility/energy engineering domain,active,,,,,discovery,role family 'delivery' + seniority in title,🌎 US-Remote,0,
apex service partners|general manager nationwide location tbd|remote,Apex Service Partners,General Manager - (Nationwide / Location TBD),https://himalayas.app/companies/apex-service-partners/jobs/general-manager-nationwide-location-tbd,Himalayas (aggregator),2026-08-24,2026-08-24,2026-08-24,United States (Remote),remote,Full Time,"$150,000–$200,000",50,stretch,medium,P3,P&L ownership and M&A growth mandate,Location TBD could mean relocation required,removed,,,2026-08-25,not_listed,core,core title gate,🌎 US-Remote,1,2026-08-24
wpromote|group director client strategy group media director|remote,Wpromote,"Group Director, Client Strategy (Group Media Director)",https://jobicy.com/jobs/149584-group-director-client-strategy-group-media-director,Jobicy (aggregator),2026-08-23,2026-08-23,2026-08-25,USA (Remote),remote,Full-Time,,45,stretch,medium,P3,Senior leadership scope with P&L accountability,"Deep digital media/paid channel expertise required, not her background",removed,,,2026-08-26,not_listed,core,core title gate,🌎 US-Remote,1,2026-08-24
twin health|senior revenue cycle operations analyst|remote,Twin Health,Senior Revenue Cycle Operations Analyst,https://himalayas.app/companies/twinhealth/jobs/senior-revenue-cycle-operations-analyst-306516232,Himalayas (aggregator),2026-08-23,2026-08-23,2026-08-23,United States (Remote),remote,Full Time,"$80,000–$95,000",20,not_recommended,high,P3,"Healthcare billing/claims domain, not transformation or strategy","Wrong function - revenue cycle billing, not operations leadership",removed,,,2026-08-24,not_listed,discovery,role family 'operations' + seniority in title,🌎 US-Remote,0,
samsara|sr manager new products strategy|remote,Samsara,"Sr. Manager, New Products Strategy",https://jobicy.com/jobs/149608-sr-manager-new-products-strategy,Jobicy (aggregator),2026-08-23,2026-08-23,2026-08-27,USA (Remote),remote,Full-Time,,62,stretch,medium,P3,Strategy/BizOps leadership with exec-facing scope,Heavy sales-strategy/BizOps focus vs her transformation/CX background,active,,,,,core,core title gate,🌎 US-Remote,1,2026-08-23
scana energy|manager customer care sales enablement|remote,SCANA Energy,"Manager, Customer Care & Sales Enablement",https://himalayas.app/companies/scana-energy/jobs/manager-customer-care-sales-enablement,Himalayas (aggregator),2026-08-23,2026-08-23,2026-08-23,United States (Remote),remote,Full Time,"$81,250–$130,000",58,stretch,medium,P3,US-remote role matches practical needs,Player-coach hands-on training/QA execution below her level,removed,,,2026-08-24,not_listed,discovery,role family 'enablement' + seniority in title,🌎 US-Remote,1,2026-08-23
eliassen|senior finance transformation consultant|remote,Eliassen,Senior Finance Transformation Consultant,https://careers.eliassen.com/lfGEEx/senior-finance-transformation-consultant-programproject-management-anywhere-a1wuq000001o6012aa,Eliassen,2026-08-20,2026-08-23,2026-08-25,Remote,remote,,$85.00 to $100.00,40,stretch,medium,P3,PMO and transformation program leadership,Heavy SOX/regulatory reporting finance specialization not her background,removed,,,2026-08-26,not_listed,core,core title gate,🧑‍💼 Contract / Staffing,0,
dun bradstreet|client success director r 19218|remote,Dun & Bradstreet,Client Success Director (R-19218),https://himalayas.app/companies/dun-bradstreet/jobs/client-success-director-r-19218,Himalayas (aggregator),2026-08-23,2026-08-23,2026-08-23,United States (Remote),remote,Full Time,"$123,100–$206,800",55,stretch,medium,P3,Customer success/retention leadership overlaps CX experience,"Sales/renewal quota-driven role, not strategic transformation",removed,,,2026-08-24,not_listed,discovery,"mandate in description (adoption, roi)",🌎 US-Remote,1,2026-08-23
canonical|cloud professional services manager|remote,Canonical Ltd.,Cloud Professional Services Manager,https://jobicy.com/jobs/149548-cloud-professional-services-manager,Jobicy (aggregator),2026-08-22,2026-08-23,2026-08-27,Anywhere (Remote),remote,Full-Time,,40,stretch,medium,P3,Professional services leadership mandate fits background,Needs strong technical/engineering depth she lacks,active,,,,,core,core title gate,🌎 US-Remote,1,2026-08-25
canonical|enterprise project manager|remote,Canonical Ltd.,Enterprise Project Manager,https://jobicy.com/jobs/149549-enterprise-project-manager,Jobicy (aggregator),2026-08-22,2026-08-23,2026-08-27,Anywhere (Remote),remote,Full-Time,,45,stretch,medium,P3,Fully remote US-eligible role,"Tactical PM scope, less strategic transformation mandate",active,,,,,discovery,role family 'project manager' + seniority in title,🌎 US-Remote,1,2026-08-24
western governors university|project manager iii technical|salt lake city,Western Governors University,Project Manager III - Technical,https://wgu.wd5.myworkdayjobs.com/External/job/Salt-Lake-City-UT/Project-Manager-III---Technical_JR-025980,Western Governors University,2026-08-21,2026-08-22,2026-08-27,"Salt Lake City, UT",onsite,,"$108,200.00 - $162,400.00",45,stretch,low,P3,Utah-local role fits location preference,No description available to judge scope,active,,,,,discovery,role family 'project manager' + seniority in title,📍 Local — Silicon Slopes,0,
vanta|operations manager signal systems|remote,Vanta,"Operations Manager, Signal Systems",https://jobs.ashbyhq.com/vanta/94ac5ae9-c749-468c-99d6-935267a25883,Vanta,2026-08-21,2026-08-22,2026-08-27,Remote U.S.,remote,,$176K – $207K,30,not_recommended,medium,P3,Fully remote US matches location preference,Requires technical data engineering skills not in profile,active,,,,,core,core title gate,🌎 US-Remote,0,
smartsheet|vp strategic finance|remote,Smartsheet,"VP, Strategic Finance",https://job-boards.greenhouse.io/smartsheet/jobs/8148577,Smartsheet,2026-08-21,2026-08-22,2026-08-27,"-REMOTE, USA-",remote,,,35,not_recommended,medium,P3,Fully remote US role,"This is a finance leadership role, not ops/transformation",active,,,,,core,core title gate,🌎 US-Remote,0,
osano|gtm enablement specialist|remote,Osano,GTM Enablement Specialist,https://jobicy.com/jobs/151360-gtm-enablement-specialist,Jobicy (aggregator),2026-08-22,2026-08-22,2026-08-25,USA (Remote),remote,Full-Time,,30,not_recommended,medium,P3,"Remote US role, practical fit good","Tactical IC sales-enablement role, not strategic",removed,,,2026-08-26,not_listed,discovery,"role family 'enablement' + mandate in description (adoption, customer experience)",🌎 US-Remote,0,
netbox|senior manager gtm enablement|remote,NetBox Labs,"Senior Manager, GTM Enablement",https://jobicy.com/jobs/151381-senior-manager-gtm-enablement,Jobicy (aggregator),2026-08-22,2026-08-22,2026-08-25,USA (Remote),remote,Full-Time,,42,stretch,medium,P3,US-remote fits practical constraints,Explicitly wants someone who carried a number,removed,,,2026-08-26,not_listed,discovery,role family 'enablement' + seniority in title,🌎 US-Remote,1,2026-08-25
net at work|senior support consultant|remote,Net at Work,Senior Support Consultant,https://himalayas.app/companies/net-at-work/jobs/senior-support-consultant,Himalayas (aggregator),2026-08-22,2026-08-22,2026-08-22,United States (Remote),remote,Full Time,"$83,000–$96,000",15,not_recommended,high,P3,"Hands-on software support role, not strategic scope","Wrong function - technical support, not consulting leadership",removed,,,2026-08-23,not_listed,discovery,role family 'consultant' + seniority in title,🌎 US-Remote,0,
launchdarkly|vp partnerships alliances|remote,LaunchDarkly,"VP, Partnerships & Alliances",https://job-boards.greenhouse.io/launchdarkly/jobs/7932255003,LaunchDarkly,2026-08-21,2026-08-22,2026-08-27,Remote - US,remote,,,40,not_recommended,medium,P3,Fully remote US role,"Heavily sales/channel-revenue mandate, not transformation",active,,,,,core,core title gate,🌎 US-Remote,0,
included health|marketing communications program manager|remote,Included Health,Marketing & Communications Program Manager,https://jobs.lever.co/includedhealth/3bc2c0e7-a47d-4013-929d-778646c91e57,Included Health,2026-08-21,2026-08-22,2026-08-27,Remote,remote,,,72,strong_fit,medium,P2,Operational backbone/program leadership role,Marketing-specific scope narrower than transformation mandate,active,,,,,discovery,role family 'program manager' + seniority in title,🌎 US-Remote,1,2026-08-22
included health|quality improvement lead|remote,Included Health,Quality Improvement Lead,https://jobs.lever.co/includedhealth/bca9b0dd-3d84-414e-9d91-c0b3dfec7456,Included Health,2026-08-21,2026-08-22,2026-08-26,Remote,remote,,,50,stretch,medium,P3,Continuous improvement and CX analytics mandate,Title/scope reads more tactical/analyst than strategic leadership,removed,,,2026-08-27,not_listed,discovery,"mandate in description (continuous improvement, service delivery)",🌎 US-Remote,1,2026-08-22
eliassen|infrastructure project manager|remote,Eliassen,Infrastructure Project Manager,https://careers.eliassen.com/FdQJvH/infrastructure-project-manager-programproject-management-anywhere-a1wuq000001lh2x2aq,Eliassen,2026-08-22,2026-08-22,2026-08-27,Remote,remote,,$54.00 to $58.00,30,not_recommended,medium,P3,Remote contract PM role,Requires deep IT infrastructure/security technical expertise,active,,,,,discovery,role family 'project manager' + seniority in title,🧑‍💼 Contract / Staffing,0,
eliassen|product manager portfolio management|remote,Eliassen,Product Manager – Portfolio Management,https://careers.eliassen.com/OEqOic/product-manager-portfolio-management-product-management-anywhere-a1wuq000001qrht2ae,Eliassen,2026-08-21,2026-08-22,2026-08-27,Remote,remote,,$75.00 to $90.00,68,practical_contract,medium,P2,Portfolio/operating model design matches strategy background,"Contract/temporary via staffing firm, not permanent",active,,,,,core,core title gate,🧑‍💼 Contract / Staffing,1,2026-08-22
dropbox|people partner g a|remote,Dropbox,"People Partner, G&A",https://jobs.dropbox.com/listing/8144136?gh_jid=8144136,Dropbox,2026-08-21,2026-08-22,2026-08-27,Remote - US: Select locations,remote,,,42,stretch,medium,P3,Employee experience focus aligns loosely,"Core function is HR/ER, not strategy or transformation",active,,,,,discovery,"mandate in description (adoption, employee experience)",🌎 US-Remote,0,
discord|advertising operations manager|remote,Discord,Advertising Operations Manager,https://job-boards.greenhouse.io/discord/jobs/8686353002,Discord,2026-08-06,2026-08-22,2026-08-27,San Francisco Bay Area or New York (Remote),remote,,,30,not_recommended,medium,P3,"Ad campaign operations, not org/transformation work",Wrong function - hands-on ad ops not strategic transformation,stale,,,,,core,core title gate,🌎 US-Remote,0,
cresta|deal strategy operations manager|remote,Cresta,Deal Strategy & Operations Manager,https://job-boards.greenhouse.io/cresta/jobs/5398116008,Cresta,2026-08-21,2026-08-22,2026-08-27,United States (Remote),remote,,,45,stretch,medium,P3,US-remote strong practical fit,Deal desk/pricing specialization not her core expertise,active,,,,,core,core title gate,🌎 US-Remote,1,2026-08-23
baseten|product marketing manager training|remote,Baseten,"Product Marketing Manager, Training",https://jobs.ashbyhq.com/baseten/36a76195-a9fc-4b10-9963-532e8c168e6a,Baseten,2026-08-12,2026-08-22,2026-08-27,San Francisco (Remote),remote,,$170K – $220K,20,not_recommended,medium,P3,"Product marketing, not transformation/ops leadership",Wrong function - marketing not operations/strategy,stale,,,,,discovery,"mandate in description (adoption, roi)",🌎 US-Remote,0,
american century services|vp regional wealth management consultant michigan|remote,"American Century Services, LLC","VP, Regional Wealth Management Consultant - Michigan",https://himalayas.app/companies/american-century-services-llc/jobs/vp-regional-wealth-management-consultant-michigan,Himalayas (aggregator),2026-08-22,2026-08-22,2026-08-22,United States (Remote),remote,Full Time,,10,not_recommended,high,P3,"Wholesaler/sales quota role, not transformation or ops",Sales-quota ownership explicitly listed as weak fit,removed,,,2026-08-23,not_listed,core,core title gate,🌎 US-Remote,0,
american cancer society|director itsm|remote,American Cancer Society,Director ITSM,https://himalayas.app/companies/american-cancer-society/jobs/director-itsm,Himalayas (aggregator),2026-08-22,2026-08-22,2026-08-22,United States (Remote),remote,Full Time,"$130,000–$140,000",45,stretch,medium,P3,Operational excellence and governance mandate,"Heavily IT-service-desk technical scope, not her core domain",removed,,,2026-08-23,not_listed,core,core title gate,🌎 US-Remote,0,
affirm|director customer operations vendor strategy execution|remote,Affirm,"Director, Customer Operations Vendor Strategy & Execution",https://job-boards.greenhouse.io/affirm/jobs/7907793003,Affirm,2026-08-21,2026-08-22,2026-08-27,Remote US,remote,,,80,strong_fit,medium,P2,Fully remote US role,Vendor/BPO management is more operational than strategic transformation,active,,,,,core,core title gate,🌎 US-Remote,1,2026-08-22
workwhile|field operations manager associate|remote,WorkWhile,Field Operations Manager / Associate,https://jobicy.com/jobs/151250-field-operations-manager-associate,Jobicy (aggregator),2026-08-20,2026-08-21,2026-08-26,USA (Remote),remote,Full-Time,,15,not_recommended,high,P3,"Ground-level shift lead oversight, not strategic scope",Wrong seniority and function for candidate,removed,,,2026-08-27,not_listed,core,core title gate,🌎 US-Remote,0,
te connectivity|commercial project manager customer management|remote,TE Connectivity,Commercial Project Manager - Customer Management,https://jobicy.com/jobs/149440-commercial-project-manager-customer-management,Jobicy (aggregator),2026-08-21,2026-08-21,2026-08-27,USA (Remote),remote,Full-Time,,68,strong_fit,medium,P2,Fully US-remote role,Manufacturing/aerospace domain is unfamiliar territory,active,,,,,discovery,role family 'project manager' + seniority in title,🌎 US-Remote,1,2026-08-21
supabase|founding technical program manager|remote,Supabase,Founding Technical Program Manager,https://jobs.ashbyhq.com/supabase/7a5d81a2-c586-4d7f-a179-89c95869ca33,Supabase,2026-08-21,2026-08-21,2026-08-27,"Remote, Anywhere",remote,,,55,stretch,medium,P3,Program leadership and cross-functional delivery ownership,"Deeply technical EPD-focused TPM role, not her core domain",active,,,,,discovery,role family 'program manager' + seniority in title,🌎 US-Remote,1,2026-08-22
smartsheet|manager consulting central east|remote,Smartsheet,"Manager, Consulting - Central/East",https://job-boards.greenhouse.io/smartsheet/jobs/8145080,Smartsheet,2026-08-20,2026-08-21,2026-08-27,"-REMOTE, USA-",remote,,,84,apply_first,medium,P1,Professional services leadership mandate,Manager title may underlevel scope,active,,,,,core,core title gate,🌎 US-Remote,3,2026-08-26
smartsheet|solutions consultant central east|remote,Smartsheet,Solutions Consultant - Central/East,https://job-boards.greenhouse.io/smartsheet/jobs/8109667,Smartsheet,2026-08-05,2026-08-21,2026-08-26,"-REMOTE, USA-",remote,,,58,stretch,medium,P3,Professional services/consulting delivery role,Heavily technical/platform implementation focus vs strategic leadership,removed,,,2026-08-27,not_listed,core,core title gate,🌎 US-Remote,0,
robert half|global trade compliance|remote,Robert Half,Global Trade Compliance,https://www.roberthalf.com/us/en/job/charlotte-nc/global-trade-compliance/03200-0013490602-usen,Robert Half,2026-08-20,2026-08-21,2026-08-25,"Charlotte, NC (Remote)",remote,Temp,$34.00–$37.00/hr,15,not_recommended,high,P3,"Specialized customs/trade compliance role, not her domain",Wrong function - trade compliance specialist not transformation/ops leadership,removed,,,2026-08-26,not_listed,discovery,"mandate in description (continuous improvement, strategic initiatives)",🧑‍💼 Contract / Staffing,0,
replit|aeo geo seo lead|remote,Replit,AEO/GEO/SEO Lead,https://jobs.ashbyhq.com/replit/72866fb1-d377-4d3e-9851-f3d705449190,Replit,2026-08-20,2026-08-21,2026-08-27,"Foster City, CA (Remote)",remote,,$125K – $170K,15,not_recommended,high,P3,"SEO/AEO/GEO channel ownership, not transformation or ops","No org design, M&A, or operating model mandate",active,,,,,core,core title gate,🌎 US-Remote,0,
ramp|director customer experience|remote,Ramp,"Director, Customer Experience",https://jobs.ashbyhq.com/ramp/1285aefc-d2c4-4f7c-8357-6e8f97fb22d4,Ramp,2026-08-20,2026-08-21,2026-08-27,"New York, NY (HQ) (Remote)",remote,,$190K – $290K,66,strong_fit,medium,P2,Director-level CX ownership with scaling org,Heavy contact-center/ops focus vs strategic transformation,active,,,,,core,core title gate,🌎 US-Remote,1,2026-08-21
pendo|director customer growth lifecycle|remote,Pendo,"Director, Customer Growth & Lifecycle",https://weworkremotely.com/remote-jobs/pendo-director-customer-growth-lifecycle,We Work Remotely (aggregator),2026-08-21,2026-08-21,2026-08-27,Anywhere in the World (Remote),remote,Full-Time,,50,stretch,medium,P3,Customer lifecycle/growth ownership fits CX background,Product-analytics/growth-hacking skew not core strength,active,,,,,discovery,role family 'customer' + seniority in title,🌎 US-Remote,1,2026-08-22
mixpanel|senior people operations manager|remote,Mixpanel,Senior People Operations Manager,https://job-boards.greenhouse.io/mixpanel/jobs/8140707,Mixpanel,2026-08-21,2026-08-21,2026-08-27,"San Francisco, US (Remote)",remote,,,55,stretch,medium,P3,Process transformation and systems ownership mandate,"Heavily HRIS/HR-tech operational focus, narrower than her core scope",active,,,,,core,core title gate,🌎 US-Remote,1,2026-08-23
launchdarkly|head of customer marketing|remote,LaunchDarkly,Head of Customer Marketing,https://jobicy.com/jobs/149443-head-of-customer-marketing,Jobicy (aggregator),2026-08-21,2026-08-21,2026-08-24,USA (Remote),remote,Full-Time,,40,stretch,medium,P3,US-remote fits practical constraints,"Heavy customer marketing/PR specialization, not her core",removed,,,2026-08-25,not_listed,discovery,role family 'customer' + seniority in title,🌎 US-Remote,0,
kelso industries|benefits manager kelso industries|draper,Kelso Industries,Benefits Manager @ Kelso Industries,https://kelso-industries.com/careers/?gh_jid=5396976008#job-board,Kelso Industries,2026-08-20,2026-08-21,2026-08-27,"Draper, UT",hybrid,,,20,not_recommended,high,P3,"Hands-on benefits administration, not strategy/transformation",Requires deep benefits/compliance expertise she lacks,active,,,,,discovery,"mandate in description (continuous improvement, strategic initiatives)",📍 Local — Silicon Slopes,0,
instacart|customer experience systems senior associate|remote,Instacart,Customer Experience Systems Senior Associate,https://instacart.careers/job/?gh_jid=8142341,Instacart,2026-08-20,2026-08-21,2026-08-21,United States - Remote,remote,,,30,not_recommended,medium,P3,US-remote practical fit,"Technical Salesforce configuration role, not strategy",removed,,,2026-08-22,not_listed,discovery,role family 'customer experience' + seniority in title,🌎 US-Remote,0,
instacart|program manager contingent workforce|remote,Instacart,Program Manager Contingent Workforce,https://instacart.careers/job/?gh_jid=8145958,Instacart,2026-08-20,2026-08-21,2026-08-27,United States - Remote,remote,,,55,stretch,medium,P3,Program governance and operating model build,Specialized contingent workforce/VMS domain expertise may be required,active,,,,,discovery,role family 'program manager' + seniority in title,🌎 US-Remote,1,2026-08-21
grow therapy|commercial strategy senior manager|remote,Grow Therapy,Commercial Strategy Senior Manager,https://jobs.ashbyhq.com/grow-therapy/e147bc25-009b-40b2-ad02-2f8a957a7398,Grow Therapy,2026-08-20,2026-08-21,2026-08-27,New York City (Remote),remote,,$134K – $215K,55,stretch,medium,P3,Strategic partnership ownership resembles operating model design,Payor/health-plan commercial negotiation not her core background,active,,,,,core,core title gate,🌎 US-Remote,0,
eliassen|team lead|remote,Eliassen,Team Lead,https://careers.eliassen.com/2EH3ea/team-lead-regulatorycompliance-anywhere-a1wuq000001qwcj2ae,Eliassen,2026-08-20,2026-08-21,2026-08-27,Remote,remote,,$75.00 to $80.00,40,practical_contract,medium,P2,"Remote contract, governance/documentation leadership",Narrow documentation-writer team leadership,active,,,,,discovery,"mandate in description (operational excellence, governance)",🧑‍💼 Contract / Staffing,0,
eliassen|security program manager|remote,Eliassen,Security Program Manager,https://careers.eliassen.com/tJo7nr/security-program-manager-programproject-management-anywhere-a1wuq000001qjxr2a2,Eliassen,2026-08-20,2026-08-21,2026-08-27,Remote,remote,,$70.00 to $80.00,50,practical_contract,medium,P2,"Program governance, executive reporting, value realization align with skills",Requires cybersecurity technical background,active,,,,,discovery,role family 'program manager' + seniority in title,🧑‍💼 Contract / Staffing,1,2026-08-22
dropbox|director of marketing strategy|remote,Dropbox,Director of Marketing Strategy,https://jobs.dropbox.com/listing/8142720?gh_jid=8142720,Dropbox,2026-08-20,2026-08-21,2026-08-27,Remote - US: Select locations,remote,,,65,stretch,medium,P3,Chief of staff-like operating partner to CMO,"Heavy quantitative finance modeling (NPV, LTV/CAC) not core strength",active,,,,,core,core title gate,🌎 US-Remote,1,2026-08-21
dropbox|renewals strategy principal program manager|remote,Dropbox,Renewals Strategy Principal Program Manager,https://jobs.dropbox.com/listing/8094537?gh_jid=8094537,Dropbox,2026-08-20,2026-08-21,2026-08-27,Remote - US: Select locations,remote,,,82,strong_fit,medium,P2,Operating model design and transformation mandate,Renewals/revenue-ops specifics are less proven in her background,active,,,,,core,core title gate,🌎 US-Remote,2,2026-08-26
docker|senior manager sales operations|remote,Docker,"Senior Manager, Sales Operations",https://jobs.ashbyhq.com/docker/80c2300a-75c6-4e8f-bc61-7342ff8061b4,Docker,2026-08-20,2026-08-21,2026-08-27,United States (Remote),remote,,$128.1K – $183K,45,stretch,medium,P3,Revenue operations adjacency to core domains,Requires deep sales ops technical expertise (quota/territory design),active,,,,,core,core title gate,🌎 US-Remote,1,2026-08-23
digimarc|director revenue operations|remote,Digimarc,"Director, Revenue Operations",https://jobicy.com/jobs/151280-director-revenue-operations-2,Jobicy (aggregator),2026-08-21,2026-08-21,2026-08-25,USA (Remote),remote,Full-Time,,45,stretch,medium,P3,US-remote practical fit strong,Heavy deal-desk/sales-ops specialization not her background,removed,,,2026-08-26,not_listed,core,core title gate,🌎 US-Remote,1,2026-08-24
clickup|staff social strategy operations manager|remote,ClickUp,Staff Social Strategy & Operations Manager,https://jobicy.com/jobs/151262-staff-social-strategy-operations-manager,Jobicy (aggregator),2026-08-20,2026-08-21,2026-08-24,USA (Remote),remote,Full-Time,,25,not_recommended,high,P3,Social media strategy/execution not her domain,Wrong function: social media ops not transformation/ops leadership,removed,,,2026-08-25,not_listed,core,core title gate,🌎 US-Remote,0,
circle|manager risk management ai transformation|remote,Circle,"Manager, Risk Management - AI Transformation",https://circle.wd1.myworkdayjobs.com/Circle/job/San-Francisco---remote-first-in-US/Manager--Risk-Management---AI-Transformation_JR101118/apply,Circle,2026-08-20,2026-08-21,2026-08-27,"San Francisco, California, United States of America (Remote)",remote,,,60,stretch,low,P3,AI transformation mandate fits core interest,Risk management domain expertise unclear,active,,,,,core,core title gate,🌎 US-Remote,5,2026-08-25
astronomer|service delivery manager|remote,Astronomer,Service Delivery Manager,https://jobicy.com/jobs/151309-service-delivery-manager-2,Jobicy (aggregator),2026-08-21,2026-08-21,2026-08-27,USA (Remote),remote,Full-Time,,58,stretch,medium,P3,Program/delivery leadership matches PMO and ops background,Fairly tactical PM/coordination scope vs strategic transformation,active,,,,,core,core title gate,🌎 US-Remote,1,2026-08-21
ashby|strategy operations customer success|remote,Ashby,"Strategy & Operations, Customer Success",https://jobicy.com/jobs/149439-strategy-operations-customer-success,Jobicy (aggregator),2026-08-21,2026-08-21,2026-08-24,"Canada,  USA (Remote)",remote,Full-Time,,62,strong_fit,medium,P2,CS strategy/ops mandate fits transformation background,"Reports to Sr Manager, may be below her seniority level",removed,,,2026-08-25,not_listed,core,core title gate,🌎 US-Remote,1,2026-08-21
aquent|worldwide program coordinator|remote,Aquent,Worldwide Program Coordinator,https://aquent.com/find-work/212426,Aquent,2026-08-20,2026-08-21,2026-08-27,"Cupertino, CA, US (Remote)",remote,,up to $51.98/hr,35,not_recommended,medium,P3,"Coordinator-level, no real ownership or strategic scope",Below her seniority stance despite framing,active,,,,,discovery,"role family 'program' + mandate in description (operational excellence, governance); demoted to wildcards by the precision rule 'coordinator'",🧑‍💼 Contract / Staffing,0,
aquent|product manager product owner|remote,Aquent,Product Manager / Product Owner,https://aquent.com/find-work/212414,Aquent,2026-08-19,2026-08-21,2026-08-27,"New York, NY, US (Remote)",hybrid,,,55,stretch,medium,P3,AI adoption/enablement mandate in customer ops,Heavily tactical Agile/PO duties vs strategic leadership,aging,,,,,core,core title gate,🧑‍💼 Contract / Staffing,1,2026-08-21
aquent|operations manager ii|remote,Aquent,Operations Manager (II),https://aquent.com/find-work/212365,Aquent,2026-08-17,2026-08-21,2026-08-27,"Boulder, CO, US (Remote)",remote,,,66,practical_contract,medium,P3,Operational excellence and process design mandate,Contract/temporary via staffing agency,aging,,,,,core,core title gate,🧑‍💼 Contract / Staffing,1,2026-08-21
angi|senior sales enablement strategist|remote,Angi,Senior Sales Enablement Strategist,https://jobs.ashbyhq.com/angi/8f25c229-a480-4093-ae02-b96c64aa467b,Angi,2026-08-17,2026-08-21,2026-08-27,Remote - United States,remote,,,62,stretch,medium,P3,Program ownership with strategic scope,"IC role, sales-enablement focus not core transformation",aging,,,,,discovery,role family 'enablement' + seniority in title,🌎 US-Remote,1,2026-08-21
name|ai first product manager ops transformation|remote,name,AI-First Product Manager (Ops Transformation),https://himalayas.app/companies/trusting-social-kompato-ai/jobs/ai-first-product-manager-ops-transformation,Himalayas (aggregator),2026-08-20,2026-08-20,2026-08-20,United States (Remote),remote,Full Time,,45,stretch,medium,P3,AI enablement and process transformation mandate,Requires hands-on prototyping/coding in Cursor/Claude,removed,,,2026-08-21,not_listed,core,core title gate,🌎 US-Remote,0,
name|delivery excellence manager east|remote,name,Delivery Excellence Manager- East,https://himalayas.app/companies/glean/jobs/delivery-excellence-manager-east,Himalayas (aggregator),2026-08-20,2026-08-20,2026-08-20,United States (Remote),remote,Full Time,"$140,000–$200,000",68,strong_fit,low,P3,Delivery/customer success operations at fast-growing AI company,"Description truncated, scope unclear",removed,,,2026-08-21,not_listed,discovery,role family 'delivery' + seniority in title,🌎 US-Remote,1,2026-08-20
name|sr manager marketing tech enablement|remote,name,Sr Manager Marketing Tech Enablement,https://himalayas.app/companies/cdw/jobs/sr-manager-marketing-tech-enablement,Himalayas (aggregator),2026-08-20,2026-08-20,2026-08-20,United States (Remote),remote,Full Time,"$143,000–$214,000",30,not_recommended,high,P3,US-remote practical fit strong,Requires hands-on API/architecture expertise,removed,,,2026-08-21,not_listed,discovery,role family 'enablement' + seniority in title,🌎 US-Remote,0,
western governors university|technical program manager 1|salt lake city,Western Governors University,Technical Program Manager-1,https://wgu.wd5.myworkdayjobs.com/External/job/Salt-Lake-City-UT/Technical-Program-Manager-1_JR-025922,Western Governors University,2026-08-19,2026-08-20,2026-08-27,"Salt Lake City, UT",onsite,,"$130,900.00 - $196,300.00",45,stretch,low,P3,Program management role in Utah,"Title suggests technical/engineering PM, not strategic transformation",aging,,,,,discovery,role family 'program manager' + seniority in title,📍 Local — Silicon Slopes,0,
western governors university|project manager ii|salt lake city,Western Governors University,Project Manager II,https://wgu.wd5.myworkdayjobs.com/External/job/Salt-Lake-City-UT/Project-Manager-II_JR-025576,Western Governors University,2026-08-19,2026-08-20,2026-08-25,"Salt Lake City, UT",onsite,,"$75,200.00 - $112,700.00",45,stretch,low,P3,"Utah-based employer, matches location preference",No description to assess scope or seniority,removed,,,2026-08-26,not_listed,discovery,role family 'project manager' + seniority in title,📍 Local — Silicon Slopes,0,
smartsheet|marketing platform operations manager|remote,Smartsheet,Marketing Platform Operations Manager,https://job-boards.greenhouse.io/smartsheet/jobs/8142799,Smartsheet,2026-08-19,2026-08-20,2026-08-27,"-REMOTE, USA-",remote,,,35,not_recommended,medium,P3,US-remote practical fit is strong,Highly technical CRM/MAP data hygiene role,aging,,,,,core,core title gate,🌎 US-Remote,0,
samsara|enterprise select implementation consultant west|remote,Samsara,Enterprise Select Implementation Consultant (West),https://www.samsara.com/company/careers/roles/8121327?gh_jid=8121327,Samsara,2026-08-13,2026-08-20,2026-08-27,Remote - US,remote,,,40,stretch,medium,P3,Customer implementation/onboarding overlaps with CX leadership,"IC-level deployment role, not leadership scope",aging,,,,,discovery,role family 'implementation' + seniority in title,🌎 US-Remote,0,
qventus|director revenue operations|remote,Qventus,"Director, Revenue Operations",https://jobicy.com/jobs/151160-director-revenue-operations,Jobicy (aggregator),2026-08-19,2026-08-20,2026-08-25,USA (Remote),remote,Full-Time,,62,stretch,medium,P3,US-remote foundational operating role,Heavy RevOps/sales-systems specialization not core strength,removed,,,2026-08-26,not_listed,core,core title gate,🌎 US-Remote,1,2026-08-20
mixpanel|customer value architect|remote,Mixpanel,Customer Value Architect,https://job-boards.greenhouse.io/mixpanel/jobs/8138185,Mixpanel,2026-08-18,2026-08-20,2026-08-27,"San Francisco, US (Remote)",remote,,,45,stretch,medium,P3,Customer value/adoption mandate overlaps CX experience,Seniority mismatch - entry-level book-of-accounts role,aging,,,,,discovery,"role family 'customer' + mandate in description (adoption, roi)",🌎 US-Remote,0,
mixpanel|customer value architect iii|remote,Mixpanel,Customer Value Architect III,https://job-boards.greenhouse.io/mixpanel/jobs/8138187,Mixpanel,2026-08-18,2026-08-20,2026-08-27,"San Francisco, US (Remote)",remote,,,55,stretch,medium,P3,Customer value/adoption ownership aligns with CX background,"Individual account ownership, less strategic/org scope",aging,,,,,discovery,"role family 'customer' + mandate in description (adoption, roi)",🌎 US-Remote,1,2026-08-20
life360|seo aso manager|remote,Life360,SEO/ASO Manager,https://jobicy.com/jobs/151174-seo-aso-manager,Jobicy (aggregator),2026-08-19,2026-08-20,2026-08-22,USA (Remote),remote,Full-Time,,20,not_recommended,high,P3,"SEO/ASO tactical marketing role, not strategic transformation",No organizational strategy or ops mandate,removed,,,2026-08-23,not_listed,core,core title gate,🌎 US-Remote,0,
kelso industries|assistant project manager|ogden,Kelso Industries,Assistant Project Manager,https://kelso-industries.com/careers/?gh_jid=5396087008#job-board,Kelso Industries,2026-08-19,2026-08-20,2026-08-27,"Ogden, UT",onsite,,,12,not_recommended,high,P3,"Entry-level construction PM, not strategic scope","No transformation, strategy, or leadership mandate",aging,,,,,discovery,role family 'project manager' + seniority in title,📍 Local — Silicon Slopes,0,
kelso industries|bas service operations manager|ogden,Kelso Industries,BAS Service Operations Manager,https://kelso-industries.com/careers/?gh_jid=5396102008#job-board,Kelso Industries,2026-08-19,2026-08-20,2026-08-26,"Ogden, UT",onsite,,,25,not_recommended,medium,P3,Utah onsite location matches preference,Deeply technical BAS/HVAC field service domain,removed,,,2026-08-27,not_listed,core,core title gate,📍 Local — Silicon Slopes,0,
instacart|marketing manager ii media excellence|remote,Instacart,"Marketing Manager II, Media Excellence",https://instacart.careers/job/?gh_jid=8142143,Instacart,2026-08-19,2026-08-20,2026-08-27,United States - Remote,remote,,,68,strong_fit,medium,P2,Operating model/process design mandate fits ops-excellence background,Marketing Manager title may signal narrower scope than described,aging,,,,,discovery,role family 'excellence' + seniority in title,🌎 US-Remote,1,2026-08-20
gusto|relationship manager cx|remote,Gusto,"Relationship Manager, CX",https://job-boards.greenhouse.io/gusto/jobs/8143034,Gusto,2026-08-20,2026-08-20,2026-08-27,"Chicago, IL - Remote; Denver, CO - Hybrid",hybrid,,,30,not_recommended,medium,P3,"CX title but frontline account management, not strategy","Tier 2 support/account management, not strategic CX leadership",active,,,,,discovery,role family 'cx' + seniority in title,🌎 US-Remote,0,
grove collaborative|merchandising operations manager|remote,Grove Collaborative,Merchandising Operations Manager,https://jobicy.com/jobs/151122-merchandising-operations-manager,Jobicy (aggregator),2026-08-19,2026-08-20,2026-08-23,USA (Remote),remote,Full-Time,,70,strong_fit,medium,P2,Process redesign and operating model ownership,"Requires hands-on technical build, not just strategy",removed,,,2026-08-24,not_listed,core,core title gate,🌎 US-Remote,1,2026-08-20
great minds|principal product manager content authoring delivery cms|remote,Great Minds,"Principal Product Manager (Content Authoring, Delivery & CMS)",https://weworkremotely.com/remote-jobs/great-minds-principal-product-manager-content-authoring-delivery-cms,We Work Remotely (aggregator),2026-08-19,2026-08-20,2026-08-27,Anywhere in the World (Remote),remote,Full-Time,,20,not_recommended,medium,P3,"Hands-on product management, not transformation/ops leadership","Wrong function - technical product management, not strategy/ops",aging,,,,,discovery,role family 'delivery' + seniority in title,🌎 US-Remote,0,
gitlab|ai transformation owner product design|remote,GitLab,"AI Transformation Owner, Product & Design",https://job-boards.greenhouse.io/gitlab/jobs/8716179002,GitLab,2026-08-19,2026-08-20,2026-08-27,"Remote, Canada; Remote, United Kingdom; Remote, United States",remote,,,68,strong_fit,medium,P2,AI enablement/transformation mandate matches core interest,May skew toward Product/Design domain expertise,aging,,,,,core,core title gate,🌎 US-Remote,2,2026-08-26
gartner|vp analyst analyst relations strategy|remote,Gartner,VP Analyst - Analyst Relations Strategy,https://jobicy.com/jobs/143967-vp-analyst-analyst-relations-remote-western-europe,Jobicy (aggregator),2026-08-20,2026-08-20,2026-08-22,USA (Remote),remote,Full-Time,,42,stretch,medium,P3,US-remote practical fit,"Highly specialized analyst/research role, not ops leadership",removed,,,2026-08-23,not_listed,core,core title gate,🌎 US-Remote,0,
goat|head of supply operations|remote,GOAT Group,"Head of Supply, Operations",https://jobicy.com/jobs/151125-head-of-supply-operations,Jobicy (aggregator),2026-08-19,2026-08-20,2026-08-25,USA (Remote),remote,Full-Time,,55,stretch,medium,P3,Ops/process architecture aligns with operational excellence background,Heavy sales-pipeline/CAC focus is more sales ops than transformation,removed,,,2026-08-26,not_listed,core,core title gate,🌎 US-Remote,1,2026-08-20
emplifi|general manager north america|remote,Emplifi,General Manager - North America,https://jobicy.com/jobs/151123-general-manager-north-america,Jobicy (aggregator),2026-08-19,2026-08-20,2026-08-21,USA (Remote),remote,Full-Time,,25,not_recommended,medium,P3,Remote US location fits practical constraints,"Core mandate is sales quota/P&L, not her domain",removed,,,2026-08-22,not_listed,core,core title gate,🌎 US-Remote,0,
clover health|commercial partnerships operations director|remote,Clover Health,Commercial Partnerships & Operations Director,https://jobicy.com/jobs/151145-commercial-partnerships-operations-director,Jobicy (aggregator),2026-08-19,2026-08-20,2026-08-27,USA (Remote),remote,Full-Time,,76,strong_fit,medium,P2,Fully remote US role,Healthcare-specific domain unfamiliarity,aging,,,,,core,core title gate,🌎 US-Remote,1,2026-08-20
clickup|seo director|remote,ClickUp,SEO Director,https://jobicy.com/jobs/151171-seo-director,Jobicy (aggregator),2026-08-19,2026-08-20,2026-08-22,USA (Remote),remote,Full-Time,,35,not_recommended,medium,P3,US-remote practical fit,Requires deep hands-on SEO/technical expertise,removed,,,2026-08-23,not_listed,core,core title gate,🌎 US-Remote,0,
chime|program manager member experience|remote,Chime,"Program Manager, Member Experience",https://boards.greenhouse.io/chime/jobs/8728271002?gh_jid=8728271002,Chime,2026-08-19,2026-08-20,2026-08-27,"Remote, USA",remote,,,78,strong_fit,medium,P2,"US-remote, strong practical fit",Salary band lower than senior-level scope,aging,,,,,core,core title gate,🌎 US-Remote,1,2026-08-20
chime|program manager voice of the member|remote,Chime,"Program Manager, Voice of the Member",https://boards.greenhouse.io/chime/jobs/8731531002?gh_jid=8731531002,Chime,2026-08-19,2026-08-20,2026-08-26,"Remote, USA",remote,,,55,stretch,medium,P3,CX/VoC insight work aligns with experience mandate,Seems more IC analytics than strategic leadership,removed,,,2026-08-27,not_listed,discovery,role family 'program manager' + seniority in title,🌎 US-Remote,1,2026-08-20
best egg|associate product operations manager|remote,Best Egg,Associate Product Operations Manager,https://jobicy.com/jobs/151180-associate-product-operations-manager,Jobicy (aggregator),2026-08-19,2026-08-20,2026-08-25,USA (Remote),remote,Full-Time,,45,stretch,medium,P3,US-remote practical fit,"Associate-level, works 'at direction of' others",removed,,,2026-08-26,not_listed,core,core title gate,🌎 US-Remote,1,2026-08-23
bcd travel|senior travel consultant|remote,BCD Travel,Senior Travel Consultant,https://jobicy.com/jobs/146992-senior-travel-consultant-4,Jobicy (aggregator),2026-08-20,2026-08-20,2026-08-26,"LATAM,  USA (Remote)",remote,Full-Time,,8,not_recommended,high,P3,"Hands-on travel booking role, not strategic","Wrong function entirely, no transformation or leadership scope",removed,,,2026-08-27,not_listed,discovery,role family 'consultant' + seniority in title,🌎 US-Remote,0,
angi|senior manager sales operations|remote,Angi,"Senior Manager, Sales Operations",https://jobs.ashbyhq.com/angi/356a3836-97a6-452d-853e-ac7a554ecd5c,Angi,2026-08-19,2026-08-20,2026-08-27,Remote - United States,remote,,,62,stretch,medium,P3,Change management and adoption ownership fits background,Heavier Salesforce/sales-tech specialization than her core expertise,aging,,,,,core,core title gate,🌎 US-Remote,1,2026-08-20
angi|senior associate care operations|remote,Angi,"Senior Associate, Care Operations",https://jobs.ashbyhq.com/angi/94d42660-a981-405d-9717-1d5072113168,Angi,2026-08-19,2026-08-20,2026-08-27,Remote - United States,remote,,,55,stretch,medium,P3,US-remote role,Senior Associate title suggests limited seniority/ownership,aging,,,,,discovery,role family 'operations' + seniority in title,🌎 US-Remote,1,2026-08-22
6sense|benefits partner|remote,6sense,Benefits Partner,https://weworkremotely.com/remote-jobs/6sense-benefits-partner,We Work Remotely (aggregator),2026-08-20,2026-08-20,2026-08-27,Anywhere in the World (Remote),remote,Full-Time,,15,not_recommended,high,P3,"Benefits administration is HR specialist function, not her domain",Wrong function entirely,active,,,,,discovery,"mandate in description (service delivery, governance)",🌎 US-Remote,0,
vanta|revenue enablement manager account management|remote,Vanta,"Revenue Enablement Manager, Account Management",https://jobs.ashbyhq.com/vanta/3caab04a-8548-442c-8c22-d670e7be2931,Vanta,2026-08-18,2026-08-19,2026-08-27,Remote U.S.,remote,,$133K – $156K,50,stretch,medium,P3,Remote US role fits location preference,"Sales enablement niche, not her core domain",aging,,,,,discovery,role family 'enablement' + seniority in title,🌎 US-Remote,1,2026-08-19
stripe|strategic program manager support|remote,Stripe,"Strategic Program Manager, Support",https://stripe.com/jobs/search?gh_jid=8112456,Stripe,2026-08-18,2026-08-19,2026-08-24,Remote,remote,,,84,apply_first,medium,P1,Strategic program leadership over CX operating model,"Title generic, unclear seniority level",removed,,,2026-08-25,not_listed,core,core title gate,🌎 US-Remote,3,2026-08-24
smartsheet|regional customer marketing manager|remote,Smartsheet,Regional Customer Marketing Manager,https://job-boards.greenhouse.io/smartsheet/jobs/8139540,Smartsheet,2026-08-18,2026-08-19,2026-08-24,"-REMOTE, USA-",remote,,,42,stretch,medium,P3,"Customer marketing, not experience/transformation ownership","Narrow marketing execution role, not strategic transformation",removed,,,2026-08-25,not_listed,discovery,role family 'customer' + seniority in title,🌎 US-Remote,1,2026-08-24
samsara|senior strategic implementation consultant|remote,Samsara,Senior Strategic Implementation Consultant,https://www.samsara.com/company/careers/roles/8104151?gh_jid=8104151,Samsara,2026-08-18,2026-08-19,2026-08-27,Remote - US,remote,,,50,stretch,medium,P3,Customer-facing implementation leadership aligns with CX background,"Likely individual customer account execution, not org-wide mandate",aging,,,,,discovery,role family 'implementation' + seniority in title,🌎 US-Remote,1,2026-08-19
robert half|project manager systems|remote,Robert Half,Project Manager - Systems,https://www.roberthalf.com/us/en/job/irvine-ca/project-manager-systems/02960-0013490653-usen,Robert Half,2026-08-18,2026-08-19,2026-08-27,"Irvine, CA (Remote)",hybrid,Temp to Perm,$59.38–$68.75/hr,35,practical_contract,medium,P3,Cross-functional PM leadership matches operations background,Hands-on system implementation/configuration is more IT-execution than her focus,aging,,,,,discovery,role family 'project manager' + seniority in title,🧑‍💼 Contract / Staffing,1,2026-08-24
robert half|project manager sr consultant|remote,Robert Half,Project Manager/Sr. Consultant,https://www.roberthalf.com/us/en/job/chicago-il/project-managersr-consultant/01300-0013490681-usen,Robert Half,2026-08-17,2026-08-19,2026-08-26,"Chicago, IL (Remote)",remote,Temp to Perm,$51.46–$59.59/hr,45,practical_contract,medium,P3,"PM/delivery leadership role, cross-functional coordination",Narrow eCommerce/Shopify technical focus,removed,,,2026-08-27,not_listed,core,core title gate,🧑‍💼 Contract / Staffing,1,2026-08-23
robert half|senior change consultant|remote,Robert Half,Senior Change Consultant,https://www.roberthalf.com/us/en/job/minneapolis-mn/senior-change-consultant/02300-0013489376-usen,Robert Half,2026-08-19,2026-08-19,2026-08-25,"Minneapolis, MN (Remote)",remote,Temp,$60.00–$70.00/hr,82,strong_fit,medium,P2,Enterprise change and transformation mandate,Temp/contract engagement not permanent,removed,,,2026-08-26,not_listed,core,core title gate,🧑‍💼 Contract / Staffing,1,2026-08-19
relx|implementation manager|remote,RELX,Implementation Manager,https://himalayas.app/companies/relx/jobs/implementation-manager,Himalayas (aggregator),2026-08-19,2026-08-19,2026-08-19,United States (Remote),remote,Full Time,"$95,300–$158,800",55,stretch,medium,P3,US-remote fits location needs,Narrower technical implementation scope than strategic transformation,removed,,,2026-08-20,not_listed,core,core title gate,🌎 US-Remote,1,2026-08-19
pluralsight|vp marketing operations digital platform|remote,Pluralsight,"VP, Marketing Operations & Digital Platform",https://pluralsight.wd1.myworkdayjobs.com/Careers/job/Remote---USA/VP--Marketing-Operations---Digital-Platform_R0014395,Pluralsight,2026-08-18,2026-08-19,2026-08-27,Remote - USA,remote,,"$227,000-$270,000",62,stretch,low,P3,Marketing operations aligns with adjacent domain expertise,No description to confirm mandate or scope,aging,,,,,core,core title gate,📍 Local — Silicon Slopes,7,2026-08-25
pluralsight|senior manager marketing operations|remote,Pluralsight,"Senior Manager, Marketing Operations",https://pluralsight.wd1.myworkdayjobs.com/Careers/job/Remote---USA/Senior-Manager--Marketing-Operations_R0014281,Pluralsight,2026-08-18,2026-08-19,2026-08-27,Remote - USA,remote,,"$121,500-$160,000",65,strong_fit,low,P3,Marketing operations is named adjacent domain,No description to confirm scope or mandate,aging,,,,,core,core title gate,📍 Local — Silicon Slopes,6,2026-08-24
perfectserve|customer field marketing manager|remote,PerfectServe,Customer & Field Marketing Manager - US Remote,https://jobicy.com/jobs/151087-customer-field-marketing-manager-us-remote,Jobicy (aggregator),2026-08-19,2026-08-19,2026-08-21,USA (Remote),remote,Full-Time,,40,stretch,medium,P3,US-remote fits practical constraints,"Tactical marketing role, not strategic transformation",removed,,,2026-08-22,not_listed,discovery,role family 'customer' + seniority in title,🌎 US-Remote,0,
oscar health|senior manager market strategy advisory|remote,Oscar Health,"Senior Manager, Market Strategy Advisory",http://www.hioscar.com/careers/8069503?gh_jid=8069503,Oscar Health,2026-08-18,2026-08-19,2026-08-27,Remote,remote,,"$149,040- $195,615",55,stretch,medium,P3,Strategic market analysis and cross-functional leadership,Utah excluded from remote-eligible states list,aging,,,,,core,core title gate,🌎 US-Remote,1,2026-08-19
mixpanel|revenue strategy operations manager|remote,Mixpanel,Revenue Strategy & Operations Manager,https://weworkremotely.com/remote-jobs/mixpanel-revenue-strategy-operations-manager,We Work Remotely (aggregator),2026-08-19,2026-08-19,2026-08-27,Anywhere in the World (Remote),remote,Full-Time,,55,stretch,medium,P3,Fully remote US role,Heavy sales-metrics/quant analytics focus not core strength,aging,,,,,core,core title gate,🌎 US-Remote,1,2026-08-19
integrated hire|account manager client services|remote,Integrated Hire,Account Manager – Client Services,https://weworkremotely.com/remote-jobs/integrated-hire-account-manager-client-services,We Work Remotely (aggregator),2026-08-18,2026-08-19,2026-08-27,Anywhere in the World (Remote),remote,Full-Time,"$2,500–$3,500",12,not_recommended,high,P3,"Low-level client success role, not strategic",Compensation $2500-3500/mo far below market for her level,aging,,,,,discovery,role family 'client services' + seniority in title; demoted to wildcards by the precision rule 'account manager',🌎 US-Remote,0,
hinge health|growth marketing manager|remote,Hinge Health,Growth Marketing Manager,https://jobs.ashbyhq.com/hinge-health/cd67cd2f-3a94-4eaf-9ad8-d067fdd18bf0,Hinge Health,2026-08-18,2026-08-19,2026-08-27,San Francisco-HQ (Remote),remote,,$150K – $210K,35,not_recommended,medium,P3,"Remote US role, practically workable",Wrong function: tactical channel marketing not strategy/ops leadership,aging,,,,,discovery,"mandate in description (operational excellence, roi)",🌎 US-Remote,0,
headway|senior manager technical recruiting|remote,Headway,"Senior Manager, Technical Recruiting",https://jobs.ashbyhq.com/headway/a79f6feb-afac-4f96-84e2-3cb7369d6c34,Headway,2026-08-18,2026-08-19,2026-08-27,Remote - New York,remote,,$180K – $225K,30,not_recommended,medium,P3,"Technical recruiting function, not her domain",Requires deep technical recruiting expertise she lacks,aging,,,,,core,core title gate,🌎 US-Remote,0,
headway|chief of staff r d|remote,Headway,"Chief of Staff, R&D",https://jobs.ashbyhq.com/headway/18261737-fed6-4203-aeaa-6068545f9f1e,Headway,2026-08-18,2026-08-19,2026-08-27,"New York, NY (Remote)",remote,,$230K – $300K,82,strong_fit,medium,P2,Chief of Staff mandate with real operating ownership,R&D/engineering-specific context may require ramp-up,aging,,,,,core,core title gate,🌎 US-Remote,6,2026-08-26
gusto|expansion account manager leader|remote,Gusto,Expansion Account Manager Leader,https://job-boards.greenhouse.io/gusto/jobs/8069947,Gusto,2026-08-03,2026-08-19,2026-08-24,"Atlanta, GA - Remote; Denver, CO - Hybrid; Phoenix, AZ - Remote",hybrid,,,42,stretch,medium,P3,"People-leadership, value realization, retention mandate","Heavily sales/revenue-quota oriented, not core fit",removed,,,2026-08-25,not_listed,discovery,"mandate in description (adoption, value realization); demoted to wildcards by the precision rule 'account manager'",🌎 US-Remote,0,
eliassen|team operations integration lead|remote,Eliassen,Team Operations Integration Lead,https://careers.eliassen.com/LC4xjW/team-operations-integration-lead-programproject-management-anywhere-a1wuq000001q2et2ai,Eliassen,2026-08-18,2026-08-19,2026-08-27,Remote,remote,,$75.00 to $85.00,68,strong_fit,medium,P2,Change management and operating model design mandate,Contract-to-hire with W2 conversion required,aging,,,,,core,core title gate,🧑‍💼 Contract / Staffing,1,2026-08-19
eliassen|regulatory operations project manager global submissions planning management|remote,Eliassen,"Regulatory Operations Project Manager, Global Submissions Planning/ Management",https://careers.eliassen.com/N4Y9xx/regulatory-operations-project-manager-global-submissions-planning-management-qr-anywhere-a1wuq000001pzs52aa,Eliassen,2026-08-18,2026-08-19,2026-08-27,Remote,remote,,$65.00 to $75.00,15,not_recommended,high,P3,"Highly specialized regulatory affairs/eCTD domain, not her field",Wrong function - regulatory submissions expertise required,aging,,,,,core,core title gate,🧑‍💼 Contract / Staffing,0,
docker|staff product manager infrastructure ai dev tools seattle wa west coast preferred|remote,Docker,"Staff Product Manager, Infrastructure & AI Dev Tools (Seattle, WA / West Coast Preferred)",https://jobs.ashbyhq.com/docker/3de22da1-17d1-4887-a08e-c2177c1cd9f7,Docker,2026-08-18,2026-08-19,2026-08-27,United States (Remote),remote,,,20,not_recommended,high,P3,"Deep technical PM role, infra/Kubernetes/AI dev tools",Wrong function - technical product management not operations/transformation,aging,,,,,discovery,"mandate in description (adoption, governance)",🌎 US-Remote,0,
colgate palmolive|customer development manager wakefern|remote,Colgate-Palmolive,Customer Development Manager - Wakefern,https://jobicy.com/jobs/146924-customer-development-manager-wakefern,Jobicy (aggregator),2026-08-19,2026-08-19,2026-08-20,USA (Remote),remote,Full-Time,,20,not_recommended,medium,P3,"Sales account management, not transformation/ops leadership",Wrong function: quota/account sales role,removed,,,2026-08-21,not_listed,discovery,role family 'customer' + seniority in title,🌎 US-Remote,0,
alphasense|sales enablement lead|remote,AlphaSense,Sales Enablement Lead,https://jobicy.com/jobs/151052-sales-enablement-lead,Jobicy (aggregator),2026-08-18,2026-08-19,2026-08-20,USA (Remote),remote,Full-Time,,42,stretch,medium,P3,Enablement/program-building overlaps operational excellence skills,"Heavily sales-org specific, not strategic transformation",removed,,,2026-08-21,not_listed,discovery,role family 'enablement' + seniority in title,🌎 US-Remote,0,
affirm|gtm strategy operations lead|remote,Affirm,GTM Strategy & Operations Lead,https://job-boards.greenhouse.io/affirm/jobs/7833171003,Affirm,2026-08-18,2026-08-19,2026-08-27,Remote US,remote,,,55,stretch,medium,P3,Fully remote US role,Sales-enablement/GTM focus is more revenue-ops than her core transformation mandate,aging,,,,,core,core title gate,🌎 US-Remote,1,2026-08-19
name|material project manager|remote,name,Material Project Manager,https://himalayas.app/companies/leidos/jobs/material-project-manager,Himalayas (aggregator),2026-08-18,2026-08-18,2026-08-18,United States (Remote),remote,Full Time,"$92,300–$166,850",20,not_recommended,medium,P3,"Supply chain/material procurement, not transformation or ops strategy",No overlap with transformation/CX/change mandate,removed,,,2026-08-19,not_listed,discovery,role family 'project manager' + seniority in title,🌎 US-Remote,0,
western governors university|technical project manager iii|salt lake city,Western Governors University,Technical Project Manager III,https://wgu.wd5.myworkdayjobs.com/External/job/Salt-Lake-City-UT/Technical-Project-Manager-III_JR-025928,Western Governors University,2026-08-17,2026-08-18,2026-08-27,"Salt Lake City, UT",onsite,,"$108,200.00 - $162,400.00",40,stretch,low,P3,Utah local role,No posting details to assess strategic scope,aging,,,,,discovery,role family 'project manager' + seniority in title,📍 Local — Silicon Slopes,0,
western governors university|project manager iv transformation|salt lake city,Western Governors University,"Project Manager IV, Transformation",https://wgu.wd5.myworkdayjobs.com/External/job/Salt-Lake-City-UT/Project-Manager-IV--Transformation_JR-025721,Western Governors University,2026-08-17,2026-08-18,2026-08-26,"Salt Lake City, UT",onsite,,"$109,900.00 - $170,400.00",65,stretch,low,P3,"Utah-based, transformation title fits core domain",No description to confirm mandate scope,removed,,,2026-08-27,not_listed,core,core title gate,📍 Local — Silicon Slopes,3,2026-08-25
vanta|sr manager commercial customer success east region|remote,Vanta,"Sr. Manager, Commercial Customer Success (East Region)",https://jobs.ashbyhq.com/vanta/a0090ea4-5e19-439c-91e3-eb8a3f117eee,Vanta,2026-08-17,2026-08-18,2026-08-27,Remote U.S.,remote,,$198K – $233K,55,stretch,medium,P3,CX/CS leadership aligns with experience/employee experience focus,Quota-adjacent revenue retention metrics differ from her core transformation focus,aging,,,,,core,core title gate,🌎 US-Remote,1,2026-08-18
supabase|partner enablement program manager startups|remote,Supabase,"Partner Enablement + Program Manager, Startups",https://jobs.ashbyhq.com/supabase/f8fc6aae-d2b4-456a-97db-012a1970c398,Supabase,2026-08-17,2026-08-18,2026-08-23,"San Francisco, CA (Remote)",remote,,,30,not_recommended,medium,P3,Program management skills transfer partially,"Onsite SF required, not remote/Utah",removed,,,2026-08-24,not_listed,discovery,role family 'program manager' + seniority in title,🌎 US-Remote,0,
stripe|program manager performance and talent planning|remote,Stripe,"Program Manager, Performance and Talent Planning",https://stripe.com/jobs/search?gh_jid=8127890,Stripe,2026-08-17,2026-08-18,2026-08-27,US-Remote,remote,,,55,stretch,medium,P3,Program management ownership of talent/performance systems,Deep HR/talent-systems specialization vs her generalist transformation profile,aging,,,,,discovery,role family 'program manager' + seniority in title,🌎 US-Remote,1,2026-08-18
samsara|senior ams field enablement activation partner bilingual spanish|remote,Samsara,Senior AMS Field Enablement Activation Partner (Bilingual Spanish),https://www.samsara.com/company/careers/roles/8124366?gh_jid=8124366,Samsara,2026-08-17,2026-08-18,2026-08-27,Remote - US,remote,,,40,stretch,medium,P3,Enablement/change adjacent but sales-specific,Requires firsthand sales quota experience,aging,,,,,discovery,role family 'enablement' + seniority in title,🌎 US-Remote,0,
replit|dispute and chargebacks program manager|remote,Replit,"Dispute and Chargebacks, Program Manager",https://jobs.ashbyhq.com/replit/84b7682e-0732-4e7d-a9de-97032534bb91,Replit,2026-08-17,2026-08-18,2026-08-27,"Foster City, CA (Remote)",remote,,$161K – $212K,32,not_recommended,medium,P3,Program management title but narrow payments/chargeback domain,Requires deep dispute/chargeback subject expertise,aging,,,,,discovery,role family 'program manager' + seniority in title,🌎 US-Remote,0,
phaidra|technical program manager|remote,Phaidra,Technical Program Manager,https://jobicy.com/jobs/145850-technical-program-manager-2,Jobicy (aggregator),2026-08-18,2026-08-18,2026-08-27,"Canada,  USA (Remote)",remote,Full-Time,,45,stretch,low,P3,"Program manager role, remote US/Canada",Highly technical industrial AI context,aging,,,,,discovery,role family 'program manager' + seniority in title,🌎 US-Remote,0,
liberty mutual|wholesale operations leader grs north america|remote,Liberty Mutual,Wholesale Operations Leader - GRS North America,https://jobicy.com/jobs/149406-wholesale-operations-leader-grs-north-america,Jobicy (aggregator),2026-08-18,2026-08-18,2026-08-25,USA (Remote),remote,Full-Time,,87,apply_first,medium,P1,Strategic operations leadership bridging strategy and execution,Insurance/underwriting domain specificity unproven,removed,,,2026-08-26,not_listed,core,core title gate,🌎 US-Remote,6,2026-08-25
instructure|director ai center of excellence|remote,Instructure,"Director, AI Center of Excellence",https://jobicy.com/jobs/150914-director-ai-center-of-excellence,Jobicy (aggregator),2026-08-17,2026-08-18,2026-08-24,USA (Remote),remote,Full-Time,,87,apply_first,medium,P1,AI enablement/transformation core strength match,May want deeper technical AI/data infra background,removed,,,2026-08-25,not_listed,core,core title gate,🌎 US-Remote,7,2026-08-24
instructure|principal business operations manager|remote,Instructure,Principal Business Operations Manager - Remote (USA),https://jobicy.com/jobs/150900-principal-business-operations-manager-remote-usa,Jobicy (aggregator),2026-08-17,2026-08-18,2026-08-20,USA (Remote),remote,Full-Time,,85,apply_first,high,P1,US-remote operational excellence leadership role,Title generic but scope strong,removed,,,2026-08-21,not_listed,core,core title gate,🌎 US-Remote,1,2026-08-18
instructure|manager marketing customer marketing noram k 12|remote,Instructure,"Manager Marketing, Customer Marketing NORAM K-12",https://jobicy.com/jobs/150906-manager-marketing-customer-marketing-noram-k-12,Jobicy (aggregator),2026-08-17,2026-08-18,2026-08-18,USA (Remote),remote,Full-Time,,40,stretch,medium,P3,Customer lifecycle/retention overlaps CX experience,"Marketing-specific role, not transformation/operations leadership",removed,,,2026-08-19,not_listed,discovery,role family 'customer' + seniority in title,🌎 US-Remote,0,
eightfold|sr client partner services sales|remote,Eightfold,Sr. Client Partner (Services Sales),https://jobicy.com/jobs/146697-sr-client-partner-services-sales,Jobicy (aggregator),2026-08-18,2026-08-18,2026-08-20,USA (Remote),remote,Full-Time,,45,stretch,medium,P3,Value realization and professional services mandate,"Core function is services sales/quota-carrying, not her strength",removed,,,2026-08-21,not_listed,discovery,"mandate in description (value realization, professional services)",🌎 US-Remote,0,
circle|manager know your customer kyc|remote,Circle,"Manager, Know Your Customer (KYC)",https://circle.wd1.myworkdayjobs.com/Circle/job/San-Francisco---remote-first-in-US/Manager--Know-Your-Customer_JR100895-1/apply,Circle,2026-08-17,2026-08-18,2026-08-27,"San Francisco, California, United States of America (Remote)",remote,,,15,not_recommended,high,P3,"KYC/compliance role, not transformation or ops leadership","Wrong function - compliance/risk, not strategy or experience",aging,,,,,discovery,role family 'customer' + seniority in title,🌎 US-Remote,0,
aquent|pharma project manager|remote,Aquent,Pharma - Project Manager,https://aquent.com/find-work/212358,Aquent,2026-08-17,2026-08-18,2026-08-27,"Philadelphia, PA, US (Remote)",remote,,,30,not_recommended,medium,P3,"Project coordination role, narrow pharma marketing scope",Highly specialized pharma/medical education domain,aging,,,,,discovery,role family 'project manager' + seniority in title,🧑‍💼 Contract / Staffing,0,
aquent|creative project manager|remote,Aquent,Creative Project Manager,https://aquent.com/find-work/212357,Aquent,2026-08-17,2026-08-18,2026-08-27,"New York, NY, US (Remote)",remote,,,30,not_recommended,medium,P3,"Tactical creative project management, not strategic transformation",Lacks strategic ownership or transformation mandate,aging,,,,,discovery,role family 'project manager' + seniority in title,🧑‍💼 Contract / Staffing,0,
aquent|merchandise planning allocation analyst|remote,Aquent,Merchandise Planning & Allocation Analyst,https://aquent.com/find-work/212023,Aquent,2026-08-03,2026-08-18,2026-08-27,"Reynoldsburg, OH, US (Remote)",remote,,,20,not_recommended,medium,P3,"Tactical merchandise allocation, not strategic transformation",Wrong function - retail inventory analytics,stale,,,,,discovery,"role family 'planning' + mandate in description (operational excellence, customer experience)",🧑‍💼 Contract / Staffing,0,
angi|director large pro operations|remote,Angi,"Director, Large Pro Operations",https://jobs.ashbyhq.com/angi/73e63e99-3da9-43ac-9317-c61bd549c172,Angi,2026-08-17,2026-08-18,2026-08-27,Remote - United States,remote,,,80,strong_fit,medium,P2,Fully remote US role,Sales/account-partner focus differs from core transformation background,aging,,,,,core,core title gate,🌎 US-Remote,1,2026-08-18
angi|senior program delivery strategist|remote,Angi,Senior Program Delivery Strategist,https://jobs.ashbyhq.com/angi/8f25c229-a480-4093-ae02-b96c64aa467b,Angi,2026-08-17,2026-08-18,2026-08-20,Remote - United States,remote,,,62,stretch,medium,P3,Program ownership with strategic scope,"IC role, sales-enablement focus not core transformation",removed,,,2026-08-21,not_listed,discovery,role family 'program' + seniority in title,🌎 US-Remote,1,2026-08-18
aecom|site strategy manager data center sites u s|remote,AECOM,"Site Strategy Manager, Data Center Sites - Remote (U.S.)",https://jobicy.com/jobs/147583-site-strategy-manager-data-center-sites-remote-u-s,Jobicy (aggregator),2026-08-18,2026-08-18,2026-08-21,USA (Remote),remote,Full-Time,,30,not_recommended,medium,P3,US-remote is practical,Requires land development and utility infrastructure expertise,removed,,,2026-08-22,not_listed,core,core title gate,🌎 US-Remote,0,
samsara|senior analyst gtm business operations public sector|remote,Samsara,"Senior Analyst, GTM Business Operations – Public Sector",https://www.samsara.com/company/careers/roles/8115905?gh_jid=8115905,Samsara,2026-08-17,2026-08-17,2026-08-27,Remote - US,remote,,,45,stretch,medium,P3,"GTM analytics role, not transformation/org leadership",Senior Analyst title lacks seniority/scope she targets,aging,,,,,discovery,role family 'business operations' + seniority in title,🌎 US-Remote,1,2026-08-23
robert half|senior benefits workday implementation consultant|remote,Robert Half,Senior Benefits Workday Implementation Consultant- remote,https://www.roberthalf.com/us/en/job/atlanta-ga/senior-benefits-workday-implementation-consultant-remote/02302-0013486271-usen,Robert Half,2026-08-10,2026-08-17,2026-08-17,"Atlanta, GA (Remote)",remote,Temp,$50.00–$65.00/hr,35,stretch,medium,P3,Remote temp role,Requires hands-on Workday benefits configuration expertise,removed,,,2026-08-18,not_listed,core,core title gate,🧑‍💼 Contract / Staffing,0,
ox security|marketing operations manager|remote,OX Security,Marketing Operations Manager,https://himalayas.app/companies/ox-security/jobs/marketing-operations-manager,Himalayas (aggregator),2026-08-17,2026-08-17,2026-08-17,United States (Remote),remote,Full Time,,35,not_recommended,medium,P3,US-remote practical fit,"Requires 2-3 yrs level, junior for her seniority",removed,,,2026-08-18,not_listed,core,core title gate,🌎 US-Remote,0,
m9 solutions|director integration data migration|remote,M9 Solutions,"Director, Integration & Data Migration",https://himalayas.app/companies/m9-solutions/jobs/director-integration-data-migration,Himalayas (aggregator),2026-08-17,2026-08-17,2026-08-17,United States (Remote),remote,Full Time,"$60,000–$180,000",25,not_recommended,medium,P3,"Technical data migration/architecture role, not org integration",Deeply technical IT/data migration mandate,removed,,,2026-08-18,not_listed,discovery,role family 'integration' + seniority in title,🌎 US-Remote,0,
braze|customer success manager ii|remote,Braze,Customer Success Manager II,https://weworkremotely.com/remote-jobs/braze-customer-success-manager-ii,We Work Remotely (aggregator),2026-08-17,2026-08-17,2026-08-27,Anywhere in the World (Remote),remote,Full-Time,,30,not_recommended,medium,P3,CSM II is individual quota-bearing account role,"Renewal/retention quota ownership, not strategic mandate",aging,,,,,discovery,role family 'customer success' + seniority in title; demoted to wildcards by the precision rule 'customer success manager',🌎 US-Remote,0,
aquent|program manager tech|remote,Aquent,Program Manager Tech,https://aquent.com/find-work/212284,Aquent,2026-08-13,2026-08-17,2026-08-27,"REDMOND, WA, US (Remote)",remote,,,20,not_recommended,medium,P3,Program manager title but pure network infrastructure deployment,Technical low-voltage cabling/network deployment focus,aging,,,,,discovery,role family 'program manager' + seniority in title,🧑‍💼 Contract / Staffing,0,
name|managing director financial planning|remote,name,"Managing Director, Financial Planning",https://himalayas.app/companies/cambridge-investment-research/jobs/managing-director-financial-planning,Himalayas (aggregator),2026-08-16,2026-08-16,2026-08-16,United States (Remote),remote,Full Time,,40,stretch,low,P3,Executive leadership and business development scope,Requires CFP/financial planning domain credentials she lacks,removed,,,2026-08-17,not_listed,discovery,role family 'planning' + seniority in title; demoted to wildcards by the precision rule 'financial planning',🌎 US-Remote,0,
livinghr|hr technology consultant|remote,livingHR,HR Technology Consultant (Contract),https://jobicy.com/jobs/150723-hr-technology-consultant-contract,Jobicy (aggregator),2026-08-15,2026-08-16,2026-08-27,USA (Remote),remote,Contract,$50 - $75,50,practical_contract,medium,P3,Contract HR tech consulting fits professional services background,"Not a guaranteed opening, just a talent pool",aging,,,,,core,core title gate,🌎 US-Remote,1,2026-08-23
dscout|enterprise account director|remote,dscout,Enterprise Account Director,https://jobicy.com/jobs/150766-enterprise-account-director,Jobicy (aggregator),2026-08-15,2026-08-16,2026-08-18,USA (Remote),remote,Full-Time,,22,not_recommended,medium,P3,Core function is quota-carrying enterprise sales,"Wrong function - sales/account management, not strategy or ops",removed,,,2026-08-19,not_listed,discovery,"mandate in description (adoption, roi)",🌎 US-Remote,0,
typeform|customer success manager|remote,Typeform,Customer Success Manager,https://weworkremotely.com/remote-jobs/typeform-customer-success-manager,We Work Remotely (aggregator),2026-08-16,2026-08-16,2026-08-27,Anywhere in the World (Remote),remote,Full-Time,,40,not_recommended,medium,P3,Remote fits location needs,"Individual contributor CSM, not leadership",aging,,,,,discovery,role family 'customer success' + seniority in title; demoted to wildcards by the precision rule 'customer success manager',🌎 US-Remote,0,
mural|senior product manager customer insights|remote,Mural,"Senior Product Manager, Customer Insights",https://jobicy.com/jobs/150740-senior-product-manager-customer-insights,Jobicy (aggregator),2026-08-15,2026-08-16,2026-08-24,"Canada,  UK,  USA (Remote)",remote,Full-Time,,30,not_recommended,high,P3,This is a hands-on product management IC role,"Wrong function: core PM/data product role, not transformation/ops leadership",removed,,,2026-08-25,not_listed,discovery,role family 'customer' + seniority in title,🌎 US-Remote,0,
launchdarkly|ai specialist enterprise strategic accounts agentcontrol|remote,LaunchDarkly,"AI Specialist - Enterprise & Strategic Accounts, AgentControl",https://jobicy.com/jobs/150738-ai-specialist-enterprise-strategic-accounts-agentcontrol,Jobicy (aggregator),2026-08-15,2026-08-16,2026-08-17,USA (Remote),remote,Full-Time,,12,not_recommended,high,P3,"Quota-carrying sales role, not transformation/ops",No strategic/operational ownership,removed,,,2026-08-18,not_listed,discovery,"mandate in description (stakeholder alignment, business case)",🌎 US-Remote,0,
givedirectly|chief of staff emergency cash senior manager|remote,GiveDirectly,"Chief of Staff, Emergency Cash (Senior Manager)",https://jobicy.com/jobs/150791-chief-of-staff-emergency-cash-senior-manager,Jobicy (aggregator),2026-08-15,2026-08-16,2026-08-24,"UK,  USA (Remote)",remote,Full-Time,,82,strong_fit,medium,P2,Chief of Staff mandate with strategy+ops scope,Nonprofit/humanitarian sector shift from corporate,removed,,,2026-08-25,not_listed,core,core title gate,🌎 US-Remote,1,2026-08-16
angi|manager retail partnerships|remote,ANGI,"Manager, Retail Partnerships",https://jobicy.com/jobs/150789-manager-retail-partnerships,Jobicy (aggregator),2026-08-15,2026-08-16,2026-08-22,USA (Remote),remote,Full-Time,,55,stretch,medium,P3,Cross-functional partnership management with strategic scope,Narrower operational/account focus vs transformation mandate,removed,,,2026-08-23,not_listed,core,core title gate,🌎 US-Remote,1,2026-08-17
zapier|senior manager it|remote,Zapier,"Senior Manager, IT",https://jobs.ashbyhq.com/zapier/879ca65b-4034-4319-ae29-fff030247b09,Zapier,2026-08-14,2026-08-15,2026-08-21,NAMER (Remote),remote,,$191.5K – $287.3K,45,stretch,medium,P3,Employee experience and governance mandate,"Heavily IT/technical (Okta, Jamf, zero-trust) skew",removed,,,2026-08-22,not_listed,discovery,"mandate in description (employee experience, governance)",🌎 US-Remote,1,2026-08-19
teladoc health|staff technical program manager devices|remote,Teladoc Health,Staff Technical Program Manager - Devices,https://himalayas.app/companies/teladoc-health/jobs/staff-technical-program-manager-devices,Himalayas (aggregator),2026-08-15,2026-08-15,2026-08-15,United States (Remote),remote,Full Time,"$180,000–$200,000",,,,P3,,,removed,,,2026-08-16,not_listed,discovery,role family 'program manager' + seniority in title,🌎 US-Remote,0,
sanity|director people operations|remote,Sanity,"Director, People Operations",https://jobs.ashbyhq.com/sanity/f7488d1b-1542-4812-867b-b77fcc3bccc6,Sanity,2026-08-14,2026-08-15,2026-08-26,Remote in the United States,remote,,,65,stretch,medium,P3,Operating model and ops scaling mandate,"Heavily HR/People-ops specific, not core domain",removed,,,2026-08-27,not_listed,core,core title gate,🌎 US-Remote,1,2026-08-15
samsara|enterprise core implementation consultant east central|remote,Samsara,Enterprise Core Implementation Consultant - East/Central,https://www.samsara.com/company/careers/roles/8121318?gh_jid=8121318,Samsara,2026-08-14,2026-08-15,2026-08-27,Remote - US,remote,,,40,stretch,medium,P3,Customer implementation/onboarding leadership overlaps CX ownership,"Individual customer deployment role, limited strategic scope",aging,,,,,discovery,role family 'implementation' + seniority in title,🌎 US-Remote,0,
samsara|enterprise core implementation consultant west|remote,Samsara,Enterprise Core Implementation Consultant - West,https://www.samsara.com/company/careers/roles/8121312?gh_jid=8121312,Samsara,2026-08-14,2026-08-15,2026-08-27,Remote - US,remote,,,45,stretch,medium,P3,Customer implementation/onboarding leadership fits CX background,More execution/account-management than strategic transformation,aging,,,,,discovery,role family 'implementation' + seniority in title,🌎 US-Remote,1,2026-08-19
samsara|enterprise customer success manager public sector|remote,Samsara,Enterprise Customer Success Manager - Public Sector,https://www.samsara.com/company/careers/roles/8029099?gh_jid=8029099,Samsara,2026-08-14,2026-08-15,2026-08-27,Remote - US,remote,,,45,stretch,medium,P3,CX/customer success adjacent to her CX leadership background,"Individual contributor CSM role, limited strategic scope",aging,,,,,discovery,role family 'customer success' + seniority in title; demoted to wildcards by the precision rule 'customer success manager',🌎 US-Remote,0,
samsara|enterprise select implementation consultant east central|remote,Samsara,Enterprise Select Implementation Consultant East/Central,https://www.samsara.com/company/careers/roles/8121329?gh_jid=8121329,Samsara,2026-08-13,2026-08-15,2026-08-19,Remote - US,remote,,,42,stretch,medium,P3,Customer-facing deployment/adoption ownership,"Individual-contributor implementation role, not strategic transformation",removed,,,2026-08-20,not_listed,discovery,role family 'implementation' + seniority in title,🌎 US-Remote,0,
samsara|enterprise select implementation consultant west central|remote,Samsara,Enterprise Select Implementation Consultant West/Central,https://www.samsara.com/company/careers/roles/8121327?gh_jid=8121327,Samsara,2026-08-13,2026-08-15,2026-08-19,Remote - US,remote,,,40,stretch,medium,P3,Customer implementation/onboarding overlaps with CX leadership,"IC-level deployment role, not leadership scope",removed,,,2026-08-20,not_listed,discovery,role family 'implementation' + seniority in title,🌎 US-Remote,0,
robert half|project manager|remote,Robert Half,Project Manager,https://www.roberthalf.com/us/en/job/san-diego-ca/project-manager/00400-0013487684-usen,Robert Half,2026-08-13,2026-08-15,2026-08-25,"San Diego, CA (Remote)",remote,Temp,$61.75–$71.50/hr,62,practical_contract,medium,P3,Marketing ops/program leadership matches background,"Temp/contract, not strategic transformation scope",removed,,,2026-08-26,not_listed,core,core title gate,🧑‍💼 Contract / Staffing,1,2026-08-15
replit|sales leader new york|remote,Replit,Sales Leader (New York),https://jobs.ashbyhq.com/replit/fe171a6b-ebbb-4ecb-bc74-01b2131bc0c6,Replit,2026-08-14,2026-08-15,2026-08-27,NYC (SoHo) (Remote),remote,,$350K – $400K,15,not_recommended,high,P3,"Sales quota-carrying leadership role, wrong function","Core mandate is sales quota ownership, explicitly weak fit",aging,,,,,discovery,"mandate in description (business case, board)",🌎 US-Remote,0,
qualtrics|principal analyst ii revenue strategy operations enterprise north america|remote,Qualtrics,"Principal Analyst II Revenue Strategy & Operations, Enterprise (North America)",https://www.qualtrics.com/careers/us/en/job/8099208?gh_jid=8099208,Qualtrics,2026-07-31,2026-08-15,2026-08-18,United States (Remote),remote,,,55,stretch,low,P3,Revenue ops strategy overlaps operations background,Sales quota/analytics slant not core strength,removed,,,2026-08-19,not_listed,core,core title gate,📍 Local — Silicon Slopes,0,
o c tanner|director of operations jewelry store|usa utah salt lake city jewelry store,O.C. Tanner,"Director of Operations, Jewelry Store",https://octanner.wd501.myworkdayjobs.com/O_C_Tanner/job/USA---Utah-Salt-Lake-City-Jewelry-Store/Director-of-Operations--Jewelry-Store_JR26-243,O.C. Tanner,2026-08-14,2026-08-15,2026-08-27,USA - Utah-Salt Lake City-Jewelry Store,onsite,,,30,not_recommended,low,P3,Utah local location,"Likely retail store operations, not enterprise scope",aging,,,,,core,core title gate,📍 Local — Silicon Slopes,0,
mercury|senior customer support controls governance program manager|remote,Mercury,Senior Customer Support Controls & Governance Program Manager,https://job-boards.greenhouse.io/mercury/jobs/6144590004,Mercury,2026-08-14,2026-08-15,2026-08-27,"San Francisco, CA, New York, NY, Portland, OR, or Remote within Canada or United States",remote,,,66,stretch,medium,P3,Operating model/governance build during scaling transformation,Requires banking/regulatory compliance depth not in background,aging,,,,,discovery,role family 'program manager' + seniority in title,🌎 US-Remote,1,2026-08-15
mercury|senior customer support operations readiness program manager|remote,Mercury,Senior Customer Support Operations Readiness Program Manager,https://job-boards.greenhouse.io/mercury/jobs/6144592004,Mercury,2026-08-14,2026-08-15,2026-08-27,"San Francisco, CA, New York, NY, Portland, OR, or Remote within Canada or United States",remote,,,72,strong_fit,medium,P2,Program/operational readiness leadership fits core PMO/ops skillset,Fintech/support ops focus narrower than typical transformation mandate,aging,,,,,core,core title gate,🌎 US-Remote,1,2026-08-15
marqeta|senior manager benefits|remote,Marqeta,"Senior Manager, Benefits",https://job-boards.greenhouse.io/marqeta/jobs/8080804,Marqeta,2026-08-14,2026-08-15,2026-08-18,"Remote, USA",remote,,,30,not_recommended,medium,P3,US-remote practical fit is strong,Specialized HR benefits domain expertise required,removed,,,2026-08-19,not_listed,discovery,"mandate in description (operational excellence, lean)",🌎 US-Remote,0,
kelso industries|national bas operations manager|ogden,Kelso Industries,National BAS Operations Manager,https://kelso-industries.com/careers/?gh_jid=5390597008#job-board,Kelso Industries,2026-08-14,2026-08-15,2026-08-27,"Ogden, UT; Phoenix, AZ",onsite,,,40,stretch,medium,P3,National operations leadership scope,Deeply technical BAS/HVAC field service domain,aging,,,,,core,core title gate,📍 Local — Silicon Slopes,0,
instacart|vendor operations senior associate|remote,Instacart,Vendor Operations Senior Associate,https://instacart.careers/job/?gh_jid=8130849,Instacart,2026-08-14,2026-08-15,2026-08-27,United States - Remote,remote,,,50,stretch,medium,P3,Vendor/BPO operations oversight aligns with ops excellence background,Associate-level title suggests limited strategic scope,aging,,,,,discovery,role family 'operations' + seniority in title,🌎 US-Remote,1,2026-08-17
grow therapy|senior manager marketing operations|remote,Grow Therapy,"Senior Manager, Marketing Operations",https://jobs.ashbyhq.com/grow-therapy/3b5eabca-f87b-4118-b82e-4f715cb11a46,Grow Therapy,2026-08-14,2026-08-15,2026-08-27,New York City (Remote),remote,,$155K – $190K,58,stretch,medium,P3,"Operations/process leadership role, remote",Narrower creative-production focus than her transformation mandate,aging,,,,,core,core title gate,🌎 US-Remote,1,2026-08-17
gitlab|manager customer success|remote,GitLab,"Manager, Customer Success",https://job-boards.greenhouse.io/gitlab/jobs/8691859002,GitLab,2026-08-14,2026-08-15,2026-08-27,"Remote, United States",remote,,,65,strong_fit,medium,P2,Fully remote US role,Manager-level scope narrower than prior director roles,aging,,,,,core,core title gate,🌎 US-Remote,1,2026-08-15
coinbase|chief of staff|remote,Coinbase,Chief of Staff,https://www.coinbase.com/careers/positions/8131316?gh_jid=8131316,Coinbase,2026-08-14,2026-08-15,2026-08-27,Remote - USA,remote,,,80,strong_fit,medium,P2,True Chief of Staff mandate with executive scope,Ties closely to HR/People function specifically,aging,,,,,core,core title gate,🌎 US-Remote,1,2026-08-15
chime|global workforce planning transformation|remote,Chime,Global Workforce Planning & Transformation,https://boards.greenhouse.io/chime/jobs/8715079002?gh_jid=8715079002,Chime,2026-08-14,2026-08-15,2026-08-27,"Remote, USA",remote,,,65,stretch,medium,P3,Remote US role,"Heavily WFM/scheduling specialty, less strategic transformation",aging,,,,,core,core title gate,🌎 US-Remote,1,2026-08-15
baseten|marketing operations manager|remote,Baseten,Marketing Operations Manager,https://jobs.ashbyhq.com/baseten/43b6c299-d5df-4cf4-a816-142ba3014a9d,Baseten,2026-08-15,2026-08-15,2026-08-27,New York (Remote),remote,,$190K – $210K,20,not_recommended,high,P3,"Marketing tech/systems ownership, not transformation or strategy",Wrong function: hands-on marketing ops tooling not strategic ops,aging,,,,,core,core title gate,🌎 US-Remote,0,
byu|building operations manager female on campus resident hall|provo,BYU,Building Operations Manager – Female On Campus Resident Hall,https://byu.wd1.myworkdayjobs.com/byu-careers/job/Provo-UT/Building-Operations-Manager---Female-On-Campus-Resident-Hall_JR-11471,BYU,2026-08-14,2026-08-15,2026-08-21,"Provo, UT",onsite,,$22.50 to $29.25,20,not_recommended,low,P3,"Facilities/residence hall operations, not org transformation",No description to confirm scope,removed,,,2026-08-22,not_listed,core,core title gate,📍 Local — Silicon Slopes,0,
archive|customer growth director|remote,Archive,"Customer Growth, Director",https://jobicy.com/jobs/150709-customer-growth-director,Jobicy (aggregator),2026-08-15,2026-08-15,2026-08-27,USA (Remote),remote,Full-Time,,40,stretch,medium,P3,US-remote practical fit is strong,"Primarily GMV/quota-driven, not transformation",aging,,,,,discovery,role family 'customer' + seniority in title,🌎 US-Remote,0,
aquent|figma migration program lead|remote,Aquent,Figma Migration Program Lead,https://aquent.com/find-work/212332,Aquent,2026-08-14,2026-08-15,2026-08-27,"Culver City, CA, US (Remote)",remote,,,40,stretch,medium,P3,Program lead + change management + adoption strategy aligns with skills,Highly tool-specific (Figma) scope narrower than her strategic mandate,aging,,,,,discovery,role family 'program' + seniority in title,🧑‍💼 Contract / Staffing,0,
aquent|creative ai innovation enablement|remote,Aquent,Creative AI & Innovation Enablement,https://aquent.com/find-work/212219,Aquent,2026-08-10,2026-08-15,2026-08-27,"Alpharetta, GA, US (Remote)",remote,,$62.90 / hourly as W2,62,stretch,medium,P3,AI enablement + transformation mandate matches core interests,Creative production domain is more specialized than her core background,stale,,,,,discovery,"role family 'enablement' + mandate in description (business transformation, operational excellence)",🧑‍💼 Contract / Staffing,1,2026-08-15
vanta|customer success manager commercial east|remote,Vanta,"Customer Success Manager, Commercial East",https://jobs.ashbyhq.com/vanta/72c428b2-eaf0-4fc4-8509-8616d4be1a38,Vanta,2026-08-13,2026-08-14,2026-08-27,Remote U.S.,remote,,$138K – $162K,30,not_recommended,medium,P3,Remote US practical fit,No strategic/operational ownership,aging,,,,,discovery,role family 'customer success' + seniority in title; demoted to wildcards by the precision rule 'customer success manager',🌎 US-Remote,0,
twilio|sr strategy operations analyst deal desk|remote,Twilio,"Sr. Strategy & Operations Analyst, Deal Desk",https://job-boards.greenhouse.io/twilio/jobs/8128863,Twilio,2026-08-13,2026-08-14,2026-08-27,Remote - US,remote,,,40,stretch,medium,P3,Remote US role fits location preference,"Analyst-level, deal-desk finance focus not her core strength",aging,,,,,core,core title gate,🌎 US-Remote,0,
stripe|head of aeo seo|remote,Stripe,Head of AEO & SEO,https://stripe.com/jobs/search?gh_jid=8128634,Stripe,2026-08-13,2026-08-14,2026-08-27,US Remote; Canada,remote,,,35,not_recommended,medium,P3,US remote practical fit,Highly specialized SEO/AEO technical function,aging,,,,,core,core title gate,🌎 US-Remote,0,
samsara|enterprise implementation consultant|remote,Samsara,Enterprise Implementation Consultant,https://www.samsara.com/company/careers/roles/8121332?gh_jid=8121332,Samsara,2026-08-13,2026-08-14,2026-08-27,Remote - US,remote,,,42,stretch,medium,P3,US-remote practical fit,More individual-contributor deployment role than strategic transformation,aging,,,,,discovery,role family 'implementation' + seniority in title,🌎 US-Remote,1,2026-08-24
samsara|enterprise select implementation consultant et ct zone|remote,Samsara,Enterprise Select Implementation Consultant - ET/CT Zone,https://www.samsara.com/company/careers/roles/8121329?gh_jid=8121329,Samsara,2026-08-13,2026-08-14,2026-08-14,Remote - US,remote,,,42,stretch,medium,P3,Customer-facing deployment/adoption ownership,"Individual-contributor implementation role, not strategic transformation",removed,,,2026-08-15,not_listed,discovery,role family 'implementation' + seniority in title,🌎 US-Remote,0,
samsara|enterprise select implementation consultant pt mt zone|remote,Samsara,Enterprise Select Implementation Consultant - PT/MT Zone,https://www.samsara.com/company/careers/roles/8121327?gh_jid=8121327,Samsara,2026-08-13,2026-08-14,2026-08-14,Remote - US,remote,,,40,stretch,medium,P3,Customer implementation/onboarding overlaps with CX leadership,"IC-level deployment role, not leadership scope",removed,,,2026-08-15,not_listed,discovery,role family 'implementation' + seniority in title,🌎 US-Remote,0,
ramp|director brand operations|remote,Ramp,"Director, Brand Operations",https://jobs.ashbyhq.com/ramp/2c101be9-f4b8-4a63-a634-9798d9a09eaa,Ramp,2026-08-13,2026-08-14,2026-08-27,"New York, NY (HQ) (Remote)",remote,,$200K – $352K,74,strong_fit,medium,P2,Operating-system/process design mandate fits ops strength,"Brand/creative domain is adjacent, not core",aging,,,,,core,core title gate,🌎 US-Remote,1,2026-08-14
notion|marketing strategy operations manager|remote,Notion,Marketing Strategy & Operations Manager,https://jobs.ashbyhq.com/notion/f1585b12-8ae1-4807-85e0-800446c46ffc,Notion,2026-08-13,2026-08-14,2026-08-27,"San Francisco, California (Remote)",remote,,,40,stretch,medium,P3,"Marketing ops involves process/systems building, adjacent skill","Heavy marketing-tech tooling specialization (Marketo, SFDC)",aging,,,,,core,core title gate,🌎 US-Remote,0,
nice|vp customer success|remote,NICE,"VP, Customer Success",https://boards.eu.greenhouse.io/nice/jobs/4952619101?gh_jid=4952619101,NICE,2026-08-13,2026-08-14,2026-08-27,USA - Remote,remote,,,68,strong_fit,medium,P2,US-remote VP role with real P&L and team scope,Heavier account/CS metrics focus than transformation,aging,,,,,core,core title gate,📍 Local — Silicon Slopes,1,2026-08-14
headway|revenue strategy operations manager insights ai|remote,Headway,Revenue Strategy & Operations Manager (Insights & AI),https://jobs.ashbyhq.com/headway/64998174-15cc-46e4-8a51-e67c131b94af,Headway,2026-08-12,2026-08-14,2026-08-27,Remote,remote,,$121.6K – $190K,55,stretch,medium,P3,AI enablement and revenue ops touch her domains,"Heavily analytical/IC RevOps role, not transformation leadership",stale,,,,,core,core title gate,🌎 US-Remote,1,2026-08-16
eliassen|supplier operations manager|remote,Eliassen,Supplier Operations Manager,https://careers.eliassen.com/qQ0QUW/supplier-operations-manager-manufacturing-supply-chain-anywhere-a1wuq000001ovrf2au,Eliassen,2026-08-13,2026-08-14,2026-08-25,Remote,remote,,$75.00 to $85.00,30,not_recommended,medium,P3,"Remote, some ops coordination overlap","Tactical procurement/PO tracking, not org strategy",removed,,,2026-08-26,not_listed,core,core title gate,🧑‍💼 Contract / Staffing,0,
coinbase|senior talent program manager|remote,Coinbase,Senior Talent Program Manager,https://www.coinbase.com/careers/positions/8126484?gh_jid=8126484,Coinbase,2026-08-13,2026-08-14,2026-08-27,Remote - USA,remote,,,45,stretch,medium,P3,Program management and change management overlap,Deep talent acquisition/HR specialization not her core domain,aging,,,,,discovery,role family 'program manager' + seniority in title,🌎 US-Remote,1,2026-08-18
brex|senior manager supplier enablement spend conversion|salt lake city,Brex,"Senior Manager, Supplier Enablement & Spend Conversion",https://www.brex.com/careers/8659951002?gh_jid=8659951002,Brex,2026-07-30,2026-08-14,2026-08-20,"Salt Lake City, Utah, United States",onsite,,,45,stretch,low,P3,"Utah-based role, strong location fit",Highly specific fintech/payments domain expertise may be required,removed,,,2026-08-21,not_listed,discovery,role family 'enablement' + seniority in title,📍 Local — Silicon Slopes,0,
aquent|creative operations manager packaging|remote,Aquent,"Creative Operations Manager, Packaging",https://aquent.com/find-work/212302,Aquent,2026-08-13,2026-08-14,2026-08-27,"New York, NY, US (Remote)",remote,,,35,not_recommended,medium,P3,"Creative production management, not strategic transformation",Below her strategic/transformation mandate level,aging,,,,,core,core title gate,🧑‍💼 Contract / Staffing,0,
aquent|seo geo manager beauty|remote,Aquent,SEO/GEO Manager- BEAUTY,https://aquent.com/find-work/212168,Aquent,2026-08-07,2026-08-14,2026-08-25,"New York City, NY, US (Remote)",remote,,,30,not_recommended,medium,P3,SEO/GEO is adjacent but too specialized/technical,Highly specialized SEO/AI-search technical role,removed,,,2026-08-26,not_listed,core,core title gate,🧑‍💼 Contract / Staffing,0,
adobe|principal strategy and operations|lehi,Adobe,"Principal, Strategy and Operations",https://adobe.wd5.myworkdayjobs.com/external_experienced/job/Lehi/Principal--Strategy-and-Operations_R170949,Adobe,2026-08-14,2026-08-14,2026-08-27,Lehi (+1 more),onsite,,,78,strong_fit,low,P3,Strategy & Ops mandate fits core domains,No description to confirm scope,aging,,,,,core,core title gate,📍 Local — Silicon Slopes,11,2026-08-25
name|manager it service desk|remote,name,"Manager, IT Service Desk",https://himalayas.app/companies/carrington/jobs/manager-it-service-desk,Himalayas (aggregator),2026-08-13,2026-08-13,2026-08-13,United States (Remote),remote,Full Time,,25,not_recommended,medium,P3,"IT service desk management, not strategic transformation","Purely IT helpdesk operations, no transformation mandate",removed,,,2026-08-14,not_listed,discovery,"mandate in description (continuous improvement, adoption, service delivery)",🌎 US-Remote,0,
western governors university|project manager ii wgu labs salt lake city ut|salt lake city,Western Governors University,"Project Manager II, WGU Labs, Salt Lake City, UT",https://wgu.wd5.myworkdayjobs.com/External/job/Salt-Lake-City-UT/Project-Manager-II--Salt-Lake-City--UT_JR-025855,Western Governors University,2026-08-12,2026-08-13,2026-08-17,"Salt Lake City, UT",onsite,,"$75,200.00 - $112,700.00",45,stretch,low,P3,"Utah-based, program/project leadership adjacent",No description to assess mandate or scope,removed,,,2026-08-18,not_listed,discovery,role family 'project manager' + seniority in title,📍 Local — Silicon Slopes,0,
toptal|director partnerships operations based|remote,Toptal,"Director, Partnerships Operations - US-Based",https://jobs.lever.co/toptal/5c1ea6ba-7d5d-48c8-84ef-7c3bfc4c1ba0,Toptal,2026-08-12,2026-08-13,2026-08-27,Anywhere,remote,,,62,stretch,low,P3,Operations leadership title,No description to assess mandate,stale,,,,,core,core title gate,🌎 US-Remote,1,2026-08-13
smartsheet|manager consulting west|remote,Smartsheet,"Manager, Consulting - West",https://job-boards.greenhouse.io/smartsheet/jobs/8120577,Smartsheet,2026-08-12,2026-08-13,2026-08-27,"-REMOTE, USA-",remote,,,87,apply_first,medium,P2,Professional services leadership with AI transformation mandate,Sales/business development component may be heavier than her background,active,,,,,core,core title gate,🌎 US-Remote,3,2026-08-26
smartsheet|solutions consultant west|remote,Smartsheet,Solutions Consultant - West,https://job-boards.greenhouse.io/smartsheet/jobs/8122020,Smartsheet,2026-08-12,2026-08-13,2026-08-27,"-REMOTE, USA-",remote,,,55,stretch,low,P3,Professional services consulting with transformation framing,"Individual delivery/consultant role, less strategic ownership",stale,,,,,core,core title gate,🌎 US-Remote,1,2026-08-15
pattern|creative project manager|lehi,Pattern,Creative Project Manager,https://jobs.lever.co/pattern/87f835ab-c5be-4db2-8a22-84607d9bd291,Pattern,2026-08-11,2026-08-13,2026-08-27,"Lehi, UT, US",onsite,,,35,not_recommended,medium,P3,Utah-local matches location preference,Creative production focus not core domain,stale,,,,,discovery,role family 'project manager' + seniority in title,📍 Local — Silicon Slopes,0,
mercury|senior manager data ai governance|remote,Mercury,Senior Manager - Data & AI Governance,https://job-boards.greenhouse.io/mercury/jobs/6142625004,Mercury,2026-08-13,2026-08-13,2026-08-27,"San Francisco, CA, New York, NY, Portland, OR, or Remote within United States",remote,,,50,stretch,medium,P3,Operating model and governance framework design,Requires deep data/AI risk & compliance domain expertise,aging,,,,,discovery,"mandate in description (operating model, governance)",🌎 US-Remote,1,2026-08-17
expel|associate customer success manager scale|remote,Expel,"Associate Customer Success Manager, Scale",https://weworkremotely.com/remote-jobs/expel-associate-customer-success-manager-scale,We Work Remotely (aggregator),2026-08-13,2026-08-13,2026-08-14,Anywhere in the World (Remote),remote,Full-Time,,25,not_recommended,high,P3,"Entry-level transactional CS role, not strategic",Far below seniority and mandate fit,removed,,,2026-08-15,not_listed,discovery,role family 'customer success' + seniority in title; demoted to wildcards by the precision rule 'customer success manager',🌎 US-Remote,0,
calendly|customer success manager ii|remote,Calendly,Customer Success Manager II,https://job-boards.greenhouse.io/calendly/jobs/8701083002,Calendly,2026-08-12,2026-08-13,2026-08-27,Remote - US,remote,,,25,not_recommended,high,P3,"Individual account management role, no strategic scope",No org strategy or transformation ownership,stale,,,,,discovery,role family 'customer success' + seniority in title; demoted to wildcards by the precision rule 'customer success manager',🌎 US-Remote,0,
baseten|product marketing manager post training|remote,Baseten,"Product Marketing Manager, Post-Training",https://jobs.ashbyhq.com/baseten/36a76195-a9fc-4b10-9963-532e8c168e6a,Baseten,2026-08-12,2026-08-13,2026-08-21,San Francisco (Remote),remote,,$190K – $220K,20,not_recommended,medium,P3,"Product marketing, not transformation/ops leadership",Wrong function - marketing not operations/strategy,removed,,,2026-08-22,not_listed,discovery,"mandate in description (adoption, roi)",🌎 US-Remote,0,
assetwatch|sr manager seo aeo|remote,AssetWatch,"Sr. Manager, SEO/AEO",https://jobicy.com/jobs/145855-sr-manager-seo-aeo,Jobicy (aggregator),2026-08-13,2026-08-13,2026-08-18,USA (Remote),remote,Full-Time,,18,not_recommended,high,P3,"SEO/AEO execution role, not transformation/ops leadership",Wrong function - hands-on SEO specialist work,removed,,,2026-08-19,not_listed,core,core title gate,🌎 US-Remote,0,
aquent|project manager pharma|remote,Aquent,Project Manager - Pharma,https://aquent.com/find-work/212287,Aquent,2026-08-13,2026-08-13,2026-08-25,"Philadelphia, PA, US (Remote)",remote,,,30,not_recommended,medium,P3,"Remote, contract fits practical constraints","Narrow pharma content-production role, not strategic",removed,,,2026-08-26,not_listed,discovery,role family 'project manager' + seniority in title,🧑‍💼 Contract / Staffing,0,
aquent|customer experience project manager|remote,Aquent,Customer Experience Project Manager,https://aquent.com/find-work/212266,Aquent,2026-08-12,2026-08-13,2026-08-27,"New York, NY, US (Remote)",hybrid,,,60,practical_contract,medium,P3,CX project leadership matches core domain,"Contract via staffing firm, not permanent",stale,,,,,core,core title gate,🧑‍💼 Contract / Staffing,1,2026-08-22
aquent|sr project manager|remote,Aquent,Sr Project Manager,https://aquent.com/find-work/212231,Aquent,2026-08-11,2026-08-13,2026-08-27,"Boston, MA, US (Remote)",remote,,,58,practical_contract,medium,P3,Remote contract PM role with governance and cross-functional scope,"Staffing firm contract, not permanent leadership",stale,,,,,discovery,role family 'project manager' + seniority in title,🧑‍💼 Contract / Staffing,1,2026-08-16
aquent|organizational change management ocm communications support specialist|remote,Aquent,Organizational Change Management (OCM) & Communications Support Specialist,https://aquent.com/find-work/212185,Aquent,2026-08-07,2026-08-13,2026-08-27,"REDMOND, WA, US (Remote)",remote,,up to $70.00/hr,55,practical_contract,medium,P3,"OCM/comms specialist role, contract via staffing firm",Below her strategic leadership level,stale,,,,,discovery,"role family 'organizational change' + mandate in description (continuous improvement, change management, organizational change)",🧑‍💼 Contract / Staffing,1,2026-08-16
aquent|consumer product licensing project manager|remote,Aquent,Consumer Product Licensing Project Manager,https://aquent.com/find-work/212179,Aquent,2026-08-07,2026-08-13,2026-08-26,"Redmond, WA, US (Remote)",remote,,up to $60.00/hr,40,stretch,medium,P3,Program/PM leadership overlaps skills,"Niche licensing domain, not transformation/strategy",removed,,,2026-08-27,not_listed,discovery,role family 'project manager' + seniority in title,🧑‍💼 Contract / Staffing,0,
aquent|seo geo manager|remote,Aquent,SEO/GEO Manager-,https://aquent.com/find-work/212168,Aquent,2026-08-07,2026-08-13,2026-08-13,"New York City, NY, US (Remote)",remote,,,30,not_recommended,medium,P3,AI adoption angle touches interest area,Requires deep SEO/technical SEO expertise not evidenced,removed,,,2026-08-14,not_listed,core,core title gate,🧑‍💼 Contract / Staffing,0,
aquent|senior enterprise ux researcher design strategist|remote,Aquent,Senior Enterprise UX Researcher & Design Strategist,https://aquent.com/find-work/212135,Aquent,2026-08-06,2026-08-13,2026-08-18,"Spring, TX, US (Remote)",remote,,,30,not_recommended,medium,P3,"UX research/design IC role, not transformation leadership",Wrong function - specialized UX research not strategic operations,removed,,,2026-08-19,not_listed,discovery,"mandate in description (digital transformation, operational excellence)",🧑‍💼 Contract / Staffing,0,
aquent|project manager|remote,Aquent,Project Manager,https://aquent.com/find-work/211800,Aquent,2026-07-23,2026-08-13,2026-08-27,"Chicago, IL, US (Remote)",remote,,"Salary: $60,000 - $75,000",40,practical_contract,medium,P3,"Marketing project management, adjacent to her ops background",Hands-on system admin duties below her seniority,stale,,,,,core,core title gate,🧑‍💼 Contract / Staffing,0,
aquent|program manager|remote,Aquent,Program Manager,https://aquent.com/find-work/212043,Aquent,2026-08-03,2026-08-13,2026-08-27,"Austin, TX, US (Remote)",remote,,,72,practical_contract,medium,P3,AI enablement program leadership mandate,"Contract via staffing firm, not permanent",stale,,,,,discovery,role family 'program manager' + seniority in title,🧑‍💼 Contract / Staffing,1,2026-08-13
aquent|search performance manager|remote,Aquent,Search Performance Manager,https://aquent.com/find-work/212056,Aquent,2026-08-04,2026-08-13,2026-08-25,"Hoboken, NJ, US (Remote)",remote,,up to $50.13/hr,15,not_recommended,medium,P3,"SEM campaign optimization, not transformation/ops leadership",Wrong function - digital marketing execution not strategy,removed,,,2026-08-26,not_listed,discovery,role family 'performance' + seniority in title,🧑‍💼 Contract / Staffing,0,
aquent|technical writer ai enablement|remote,Aquent,Technical Writer (AI Enablement),https://aquent.com/find-work/212040,Aquent,2026-08-03,2026-08-13,2026-08-21,"Austin, TX, US (Remote)",remote,,,30,not_recommended,medium,P3,AI enablement theme aligns with interests,"Individual contributor documentation role, not strategic",removed,,,2026-08-22,not_listed,discovery,"role family 'ai enablement' + mandate in description (adoption, ai enablement, governance)",🧑‍💼 Contract / Staffing,0,
aquent|senior technical program manager|remote,Aquent,Senior Technical Program Manager,https://aquent.com/find-work/212001,Aquent,2026-07-31,2026-08-13,2026-08-26,"Phoenix, AZ, US (Remote)",remote,,,25,not_recommended,medium,P3,Deeply technical software engineering PM role,Highly technical software delivery focus mismatched to profile,removed,,,2026-08-27,not_listed,discovery,role family 'program manager' + seniority in title,🧑‍💼 Contract / Staffing,0,
aquent|customer lifecycle management campaign manager|remote,Aquent,Customer Lifecycle Management Campaign Manager,https://aquent.com/find-work/211988,Aquent,2026-07-31,2026-08-13,2026-08-18,"Cupertino, CA, US (Remote)",remote,,,30,not_recommended,medium,P3,"Tactical campaign execution, not strategic leadership","No transformation, org design or ownership scope",removed,,,2026-08-19,not_listed,discovery,role family 'customer' + seniority in title,🧑‍💼 Contract / Staffing,0,
aquent|senior data operations specialist|remote,Aquent,Senior Data Operations Specialist,https://aquent.com/find-work/211929,Aquent,2026-07-29,2026-08-13,2026-08-26,"Baltimore, MD, US (Remote)",remote,,,12,not_recommended,high,P3,"Hands-on tagging/analytics IC work, not her domain",Wrong function: technical web analytics execution,removed,,,2026-08-27,not_listed,discovery,role family 'operations' + seniority in title,🧑‍💼 Contract / Staffing,0,
aquent|technical program manager|remote,Aquent,Technical Program Manager,https://aquent.com/find-work/211904,Aquent,2026-07-28,2026-08-13,2026-08-25,"REDMOND, WA, US (Remote)",remote,,up to $47/hr,25,not_recommended,high,P3,"Technical content/repo management, not strategic PM",Wrong function - technical community management not transformation,removed,,,2026-08-26,not_listed,discovery,role family 'program manager' + seniority in title,🧑‍💼 Contract / Staffing,0,
aquent|business program manager|remote,Aquent,Business Program Manager,https://aquent.com/find-work/211898,Aquent,2026-07-28,2026-08-13,2026-08-25,"REDMOND, WA, US (Remote)",remote,,up to $67.00/hr,65,practical_contract,medium,P3,Executive-facing operations/program leadership,Contract role via staffing firm,removed,,,2026-08-26,not_listed,core,core title gate,🧑‍💼 Contract / Staffing,0,
aquent|senior ai data operations analyst|remote,Aquent,Senior AI Data Operations Analyst,https://aquent.com/find-work/211880,Aquent,2026-07-27,2026-08-13,2026-08-14,"New York, NY, US (Remote)",remote,,,25,not_recommended,medium,P3,"Hands-on data annotation work, not strategic leadership","IC-level hands-on annotation role, no ownership scope",removed,,,2026-08-15,not_listed,discovery,role family 'operations' + seniority in title,🧑‍💼 Contract / Staffing,0,
aquent|global sourcing specialist supply chain|remote,Aquent,Global Sourcing Specialist-Supply Chain,https://aquent.com/find-work/211829,Aquent,2026-07-24,2026-08-13,2026-08-17,"Warren, MI, US (Remote)",remote,,,20,not_recommended,medium,P3,"Procurement/sourcing tactical role, not strategy/transformation",Requires deep supply-chain sourcing expertise she lacks,removed,,,2026-08-18,not_listed,discovery,"mandate in description (continuous improvement, strategic initiatives)",🧑‍💼 Contract / Staffing,0,
aquent|marketing operations manager|remote,Aquent,Marketing Operations Manager,https://aquent.com/find-work/211825,Aquent,2026-07-24,2026-08-13,2026-08-23,"Austin, TX, US (Remote)",remote,,,55,practical_contract,medium,P3,"Marketing operations, process and change management overlap","Manager-level, staffing-firm contract role",removed,,,2026-08-24,not_listed,core,core title gate,🧑‍💼 Contract / Staffing,0,
aquent|senior program manager|remote,Aquent,Senior Program Manager,https://aquent.com/find-work/211799,Aquent,2026-07-23,2026-08-13,2026-08-18,"Anderson, SC, US (Remote)",remote,,,72,practical_contract,medium,P3,Operating model design and transformation program leadership,"Contract/staffing firm role, not permanent",removed,,,2026-08-19,not_listed,core,core title gate,🧑‍💼 Contract / Staffing,0,
aquent|product manager|remote,Aquent,Product Manager,https://aquent.com/find-work/211772,Aquent,2026-07-22,2026-08-13,2026-08-21,"Chicago, IL, US (Remote)",remote,,,38,stretch,medium,P3,Operational excellence and process modernization angle,"Hands-on product management/backlog work, not strategic transformation leadership",removed,,,2026-08-22,not_listed,core,core title gate,🧑‍💼 Contract / Staffing,0,
aquent|digital asset manager administrator|remote,Aquent,Digital Asset Manager Administrator,https://aquent.com/find-work/211757,Aquent,2026-07-22,2026-08-13,2026-08-13,"Atlanta, GA, US (Remote)",remote,,$50-53 / hourly as W2,35,stretch,medium,P3,Change management/adoption mandate fits skillset,"Hands-on tool administration, not strategic leadership",removed,,,2026-08-14,not_listed,discovery,"mandate in description (change management, adoption)",🧑‍💼 Contract / Staffing,0,
aquent|project manager scrum|remote,Aquent,Project Manager - SCRUM,https://aquent.com/find-work/211639,Aquent,2026-07-17,2026-08-13,2026-08-16,"New York, NY, US (Remote)",remote,,,30,not_recommended,medium,P3,"Scrum master tactical execution role, not strategic",No strategic ownership or transformation scope,removed,,,2026-08-17,not_listed,discovery,role family 'project manager' + seniority in title,🧑‍💼 Contract / Staffing,0,
aquent|privacy program manager|remote,Aquent,Privacy Program Manager,https://aquent.com/find-work/211636,Aquent,2026-07-17,2026-08-13,2026-08-16,"Redmond, WA, US (Remote)",remote,,up to $52.00/hr,25,not_recommended,medium,P3,Specialized privacy/legal compliance mandate,Requires deep privacy/legal domain expertise she lacks,removed,,,2026-08-17,not_listed,discovery,role family 'program manager' + seniority in title,🧑‍💼 Contract / Staffing,0,
aquent|marketing operations project manager|remote,Aquent,Marketing Operations Project Manager,https://aquent.com/find-work/211577,Aquent,2026-07-15,2026-08-13,2026-08-14,"Omaha, NE, US (Remote)",remote,,,30,not_recommended,medium,P3,"Marketing ops PM, tactical execution not strategic",Too tactical/execution-focused vs transformation mandate,removed,,,2026-08-15,not_listed,core,core title gate,🧑‍💼 Contract / Staffing,0,
aquent|portfolio operations manager|remote,Aquent,Portfolio Operations Manager,https://aquent.com/find-work/211563,Aquent,2026-07-15,2026-08-13,2026-08-14,"Lone Tree, CO, US (Remote)",remote,,,65,practical_contract,medium,P3,Portfolio/operations leadership with value realization mandate,"Contract via staffing firm, less stability",removed,,,2026-08-15,not_listed,core,core title gate,🧑‍💼 Contract / Staffing,0,
aquent|business operations management lead|remote,Aquent,Business Operations & Management Lead,https://aquent.com/find-work/211552,Aquent,2026-07-14,2026-08-13,2026-08-13,"REDMOND, WA, US (Remote)",remote,,up to $76.00/hr,72,strong_fit,medium,P2,Operational excellence and process optimization mandate,"Contract/staffing firm role, not permanent",removed,,,2026-08-14,not_listed,core,core title gate,🧑‍💼 Contract / Staffing,0,
1password|digital customer success campaign manager|remote,1Password,Digital Customer Success Campaign Manager,https://jobs.ashbyhq.com/1password/c54f62fe-8a85-44c1-81ea-f3d1c1d3d060,1Password,2026-08-13,2026-08-13,2026-08-27,Remote (United States | Canada),remote,,,45,stretch,medium,P3,"Remote US role, strong practical fit","Individual contributor, tactical execution focus",aging,,,,,core,core title gate,🌎 US-Remote,0,
us haut ai|head of customer success saas|remote,us Haut.AI,Head of Customer Success (SaaS),https://weworkremotely.com/remote-jobs/us-haut-ai-head-of-customer-success-saas,We Work Remotely (aggregator),2026-08-04,2026-08-12,2026-08-25,Anywhere in the World (Remote),remote,Full-Time,,55,stretch,medium,P3,CX/CS leadership and scaling ops mandate,"Small startup, quota/revenue-owning CS role",removed,,,2026-08-26,not_listed,core,core title gate,🌎 US-Remote,1,2026-08-16
name|director customer experience strategy solutions|remote,name,"Director, Customer Experience Strategy & Solutions",https://himalayas.app/companies/college-board/jobs/director-customer-experience-strategy-solutions-6848776158,Himalayas (aggregator),2026-08-12,2026-08-12,2026-08-12,United States (Remote),hybrid,Full Time,"$80,000–$125,000",85,apply_first,high,P1,Direct CX strategy ownership at scale,Some in-office days possible near CB offices,removed,,,2026-08-13,not_listed,core,core title gate,🌎 US-Remote,0,
name|customer operations support analyst|remote,name,Customer Operations & Support Analyst,https://himalayas.app/companies/bighand/jobs/customer-operations-support-analyst,Himalayas (aggregator),2026-08-12,2026-08-12,2026-08-12,Lebanon (Remote),remote,Full Time,,12,not_recommended,high,P3,Frontline tier-1 technical support role,Wrong seniority and function entirely,removed,,,2026-08-13,not_listed,discovery,"role family 'operations' + mandate in description (adoption, customer experience)",🌎 US-Remote,0,
name|training program manager ai first pm training|remote,name,"Training Program Manager, AI-First PM Training",https://himalayas.app/companies/first-principles/jobs/training-program-manager-ai-first-pm-training,Himalayas (aggregator),2026-08-12,2026-08-12,2026-08-12,Mexico (Remote),remote,Contractor,,30,not_recommended,medium,P3,Operational program coordination not strategic leadership,Low seniority/scope vs candidate profile,removed,,,2026-08-13,not_listed,discovery,role family 'program manager' + seniority in title,🌎 US-Remote,0,
zscaler|director business operations customer success|remote,Zscaler,"Director, Business Operations - Customer Success",https://jobicy.com/jobs/150551-director-business-operations-customer-success,Jobicy (aggregator),2026-08-12,2026-08-12,2026-08-22,USA (Remote),remote,Full-Time,,87,apply_first,high,P1,Operating model design for new Business Operations function,Enterprise SaaS/security domain is new industry context,removed,,,2026-08-23,not_listed,core,core title gate,🌎 US-Remote,10,2026-08-22
zscaler|sr director strategy operations customer success|remote,Zscaler,"Sr. Director, Strategy & Operations - Customer Success",https://jobicy.com/jobs/150332-sr-director-strategy-operations-customer-success,Jobicy (aggregator),2026-08-09,2026-08-12,2026-08-19,USA (Remote),remote,Full-Time,,87,apply_first,medium,P1,Strategy & Ops leadership for Customer Success org,"Description cut off, scope details limited",removed,,,2026-08-20,not_listed,core,core title gate,🌎 US-Remote,8,2026-08-19
western governors university|senior program experience strategist assessment technology|salt lake city,Western Governors University,Senior Program Experience Strategist - Assessment Technology,https://wgu.wd5.myworkdayjobs.com/External/job/Salt-Lake-City-UT/Senior-Program-Experience-Strategist---Assessment-Technology_JR-025147,Western Governors University,2026-08-12,2026-08-12,2026-08-24,"Salt Lake City, UT",onsite,,"$109,900.00 - $170,400.00",50,stretch,low,P3,"Utah-based role, strong location fit",No description available to assess mandate,removed,,,2026-08-25,not_listed,discovery,role family 'program' + seniority in title,📍 Local — Silicon Slopes,0,
western governors university|senior educational program designer|salt lake city,Western Governors University,Senior Educational Program Designer,https://wgu.wd5.myworkdayjobs.com/External/job/Salt-Lake-City-UT/Senior-Educational-Product-Designer_JR-025809,Western Governors University,2026-08-12,2026-08-12,2026-08-26,"Salt Lake City, UT",onsite,,"$80,700.00 - $121,000.00",30,not_recommended,low,P3,Utah local location matches preference,No description to confirm scope,removed,,,2026-08-27,not_listed,discovery,role family 'program' + seniority in title,📍 Local — Silicon Slopes,0,
western governors university|project manager ii marketing salt lake city ut|salt lake city,Western Governors University,"Project Manager II, Marketing, Salt Lake City, UT",https://wgu.wd5.myworkdayjobs.com/External/job/Salt-Lake-City-UT/Project-Manager-II--Marketing--Salt-Lake-City--UT_JR-025888-1,Western Governors University,2026-08-11,2026-08-12,2026-08-27,"Salt Lake City, UT",onsite,,"$75,200.00 - $112,700.00",45,stretch,low,P3,"Utah-local role, matches location preference","Title suggests tactical PM, not strategic mandate",stale,,,,,discovery,role family 'project manager' + seniority in title,📍 Local — Silicon Slopes,0,
western governors university|project manager i marketing salt lake city ut|salt lake city,Western Governors University,"Project Manager I, Marketing, Salt Lake City, UT",https://wgu.wd5.myworkdayjobs.com/External/job/Salt-Lake-City-UT/Project-Manager-I--Marketing--Salt-Lake-City--UT_JR-025890,Western Governors University,2026-08-11,2026-08-12,2026-08-17,"Salt Lake City, UT",onsite,,"$62,100.00 - $93,200.00",40,stretch,low,P3,"Utah-based, matches location preference","Title 'Project Manager I' suggests entry-level, limited ownership",removed,,,2026-08-18,not_listed,discovery,role family 'project manager' + seniority in title,📍 Local — Silicon Slopes,0,
western governors university|lead academic program manager department chair wgu school of technology cyber security|salt lake city,Western Governors University,"Lead Academic Program Manager (Department Chair), WGU School of Technology – Cyber Security",https://wgu.wd5.myworkdayjobs.com/External/job/Salt-Lake-City-UT/Lead-Academic-Program-Manager--Department-Chair---WGU-School-of-Technology---Cyber-Security_JR-025515,Western Governors University,2026-08-11,2026-08-12,2026-08-27,"Salt Lake City, UT",onsite,,"$123,000.00 - $190,700.00",25,not_recommended,low,P3,Utah local location matches preference,Likely requires subject-matter academic expertise,stale,,,,,discovery,role family 'program manager' + seniority in title,📍 Local — Silicon Slopes,0,
western governors university|change manager i salt lake city ut|salt lake city,Western Governors University,"Change Manager I, Salt Lake City, UT",https://wgu.wd5.myworkdayjobs.com/External/job/Salt-Lake-City-UT/Change-Manager-I--Salt-Lake-City--UT_JR-025725,Western Governors University,2026-08-11,2026-08-12,2026-08-17,"Salt Lake City, UT",onsite,,"$68,300.00 - $102,500.00",55,stretch,low,P3,Change management aligns with core domain,No description to assess scope or seniority,removed,,,2026-08-18,not_listed,core,core title gate,📍 Local — Silicon Slopes,0,
western governors university|senior learning product owner|salt lake city,Western Governors University,Senior Learning Product Owner,https://wgu.wd5.myworkdayjobs.com/External/job/Salt-Lake-City-UT/Senior-Learning-Product-Owner_JR-025854,Western Governors University,2026-08-10,2026-08-12,2026-08-27,"Salt Lake City, UT",onsite,,"$91,000.00 - $136,400.00",42,stretch,low,P3,"Utah-local role, strong location fit","Thin posting, hard to judge real scope",stale,,,,,discovery,role family 'learning' + seniority in title,📍 Local — Silicon Slopes,0,
western governors university|senior manager technical delivery and quality|salt lake city,Western Governors University,"Senior Manager, Technical Delivery and Quality",https://wgu.wd5.myworkdayjobs.com/External/job/Salt-Lake-City-UT/Senior-Manager--Technical-Delivery-and-Quality_JR-025874,Western Governors University,2026-08-07,2026-08-12,2026-08-27,"Salt Lake City, UT",onsite,,"$151,800.00 - $250,500.00",45,stretch,low,P3,"Utah local, senior manager scope",No description to confirm strategic scope,stale,,,,,discovery,role family 'delivery' + seniority in title,📍 Local — Silicon Slopes,0,
western governors university|hr program manager performance|salt lake city,Western Governors University,HR Program Manager - Performance,https://wgu.wd5.myworkdayjobs.com/External/job/Salt-Lake-City-UT/Performance-Management-Lead_JR-025451,Western Governors University,2026-07-28,2026-08-12,2026-08-27,"Salt Lake City, UT",onsite,,"$100,000.00 - $150,000.00",48,stretch,low,P3,Program management title matches core PMO skillset,No description; scope and seniority unclear,stale,,,,,discovery,role family 'program manager' + seniority in title,📍 Local — Silicon Slopes,0,
western governors university|senior manager enterprise partnerships institution strategy ventures|salt lake city,Western Governors University,"Senior Manager, Enterprise Partnerships - Institution Strategy & Ventures",https://wgu.wd5.myworkdayjobs.com/External/job/Salt-Lake-City-UT/Senior-Manager--Enterprise-Partnerships---Institution-Strategy---Ventures_JR-025784-1,Western Governors University,2026-07-27,2026-08-12,2026-08-17,"Salt Lake City, UT",onsite,,"$130,600.00 - $235,100.00",45,stretch,low,P3,"Utah-based, senior manager scope",No description available to judge mandate,removed,,,2026-08-18,not_listed,core,core title gate,📍 Local — Silicon Slopes,0,
western governors university|senior analytics operations specialist|salt lake city,Western Governors University,Senior Analytics Operations Specialist,https://wgu.wd5.myworkdayjobs.com/External/job/Salt-Lake-City-UT/Senior-Analytics-Operations-Specialist_JR-025746,Western Governors University,2026-07-22,2026-08-12,2026-08-27,"Salt Lake City, UT",onsite,,"$100,000.00 - $150,000.00",40,stretch,low,P3,"Utah-local role, operations title",No description available,stale,,,,,discovery,role family 'operations' + seniority in title,📍 Local — Silicon Slopes,0,
western governors university|senior technical program manager|salt lake city,Western Governors University,Senior Technical Program Manager,https://wgu.wd5.myworkdayjobs.com/External/job/Salt-Lake-City-UT/Senior-Technical-Program-Manager_JR-025622,Western Governors University,2026-07-22,2026-08-12,2026-08-27,"Salt Lake City, UT",onsite,,"$143,700.00 - $222,700.00",55,stretch,low,P3,Program leadership overlap,Title suggests technical/IT-heavy PM role,stale,,,,,discovery,role family 'program manager' + seniority in title,📍 Local — Silicon Slopes,0,
webflow|customer success manager pacific time|remote,Webflow,Customer Success Manager - Pacific Time,https://job-boards.greenhouse.io/webflow/jobs/8096574,Webflow,2026-07-30,2026-08-12,2026-08-20,CA Remote (BC & ON only); U.S. Remote,remote,,"$148,500 - $175,000",35,not_recommended,medium,P3,CS ownership overlaps her CX background,Timezone restriction excludes Utah/Eastern flexibility,removed,,,2026-08-21,not_listed,discovery,role family 'customer success' + seniority in title; demoted to wildcards by the precision rule 'customer success manager',🌎 US-Remote,0,
webflow|senior business value consultant value realization|remote,Webflow,"Senior Business Value Consultant, Value Realization",https://jobicy.com/jobs/147866-senior-business-value-consultant-value-realization,Jobicy (aggregator),2026-07-27,2026-08-12,2026-08-17,USA (Remote),remote,Full-Time,,74,strong_fit,medium,P2,Value realization mandate matches operating model expertise,"Titled consultant, narrower scope than transformation leadership",removed,,,2026-08-18,not_listed,discovery,role family 'consultant' + seniority in title,🌎 US-Remote,0,
wsp|power energy project manager|remote,WSP,Power & Energy Project Manager,https://jobicy.com/jobs/149905-power-energy-project-manager,Jobicy (aggregator),2026-07-31,2026-08-12,2026-08-21,USA (Remote),remote,Full-Time,,18,not_recommended,high,P3,US-remote practical fit,Requires deep technical utility engineering expertise,removed,,,2026-08-22,not_listed,discovery,role family 'project manager' + seniority in title,🌎 US-Remote,0,
wsp|lifecycle project manager power energy|remote,WSP,Lifecycle Project Manager- Power & Energy,https://jobicy.com/jobs/149828-lifecycle-project-manager-power-energy,Jobicy (aggregator),2026-07-29,2026-08-12,2026-08-19,USA (Remote),remote,Full-Time,,15,not_recommended,high,P3,"Technical engineering PM role, not transformation",Highly technical utility engineering scope,removed,,,2026-08-20,not_listed,discovery,role family 'project manager' + seniority in title,🌎 US-Remote,0,
veeam|manager seo aeo|remote,Veeam Software,"Manager, SEO AEO",https://jobicy.com/jobs/148754-manager-seo-aeo,Jobicy (aggregator),2026-08-06,2026-08-12,2026-08-15,USA (Remote),remote,Full-Time,,25,not_recommended,high,P3,"SEO/AEO specialist role, not transformation/ops",Requires deep hands-on SEO technical expertise,removed,,,2026-08-16,not_listed,core,core title gate,🌎 US-Remote,0,
vantage|senior customer success manager|remote,Vantage,Senior Customer Success Manager,https://jobs.ashbyhq.com/vantage/f734c23c-fbaf-4c90-81ab-068349b2bea8,Vantage,2026-07-29,2026-08-12,2026-08-19,USA (Remote),remote,,$140K – $160K,40,not_recommended,medium,P3,US-remote practical fit,Too technical/product-specific for her background,removed,,,2026-08-20,not_listed,discovery,role family 'customer success' + seniority in title; demoted to wildcards by the precision rule 'customer success manager',🌎 US-Remote,0,
vanta|senior gtm strategy operations manager|remote,Vanta,Senior GTM Strategy & Operations Manager,https://jobs.ashbyhq.com/vanta/b70e3e50-1294-4b6c-b17e-8441fb89bbfb,Vanta,2026-07-23,2026-08-12,2026-08-27,Remote U.S.,remote,,$161K – $189K,55,stretch,medium,P3,Remote US role fits location preference,"Heavily sales-ops/deal-desk focused, not transformation-level",stale,,,,,core,core title gate,🌎 US-Remote,0,
vanta|senior revenue enablement manager upmarket|remote,Vanta,"Senior Revenue Enablement Manager, Upmarket",https://jobs.ashbyhq.com/vanta/77d1b868-40d3-44a3-b290-f48ebe77f403,Vanta,2026-08-11,2026-08-12,2026-08-27,Remote U.S.,remote,,$196K – $230K,40,not_recommended,medium,P3,Sales enablement not core domain,Deeply sales-methodology specific (MEDDPICC),stale,,,,,discovery,role family 'enablement' + seniority in title,🌎 US-Remote,0,
vanta|manager security operations|remote,Vanta,"Manager, Security Operations",https://jobs.ashbyhq.com/vanta/40f80a35-39d7-4272-aceb-7ad91edabf4a,Vanta,2026-08-12,2026-08-12,2026-08-27,Remote U.S.,remote,,$178K – $209K,15,not_recommended,high,P3,"Security operations technical leadership, not transformation/ops strategy",Wrong function - technical security domain,stale,,,,,core,core title gate,🌎 US-Remote,0,
vanta|senior product manager integrations delivery|remote,Vanta,"Senior Product Manager, Integrations Delivery",https://jobs.ashbyhq.com/vanta/e3df3332-378d-47ff-981c-0f4e307800fa,Vanta,2026-08-12,2026-08-12,2026-08-25,Remote U.S.,remote,,$176K – $207K,20,not_recommended,medium,P3,"Hands-on technical PM role, not transformation/ops leadership",Wrong function - product management not strategy/ops,removed,,,2026-08-26,not_listed,discovery,role family 'delivery' + seniority in title,🌎 US-Remote,0,
university of colorado anschutz medical campus|project manager human centered transportation hct cu|remote,University of Colorado Anschutz Medical Campus,Project Manager – Human-Centered Transportation (HCT@CU),https://jobicy.com/jobs/149909-project-manager-human-centered-transportation-hctcu,Jobicy (aggregator),2026-07-31,2026-08-12,2026-08-21,USA (Remote),remote,Full-Time,"$48,410.00 - $65,250.00",25,not_recommended,medium,P3,Project management title but academic research coordination role,Salary far below candidate's level,removed,,,2026-08-22,not_listed,discovery,role family 'project manager' + seniority in title,🌎 US-Remote,0,
twilio|senior principal technical program management research development|remote,Twilio,"Senior Principal, Technical Program Management (Research & Development)",https://weworkremotely.com/remote-jobs/twilio-senior-principal-technical-program-management-research-development,We Work Remotely (aggregator),2026-07-23,2026-08-12,2026-08-13,Anywhere in the World (Remote),remote,Full-Time,,60,stretch,medium,P3,US-remote strategic program leadership,"Highly technical R&D/engineering TPM focus, not her domain",removed,,,2026-08-14,not_listed,core,core title gate,🌎 US-Remote,0,
twilio|manager technical support|remote,Twilio,"Manager, Technical Support",https://weworkremotely.com/remote-jobs/twilio-manager-technical-support,We Work Remotely (aggregator),2026-07-22,2026-08-12,2026-08-12,Anywhere in the World (Remote),remote,Full-Time,,25,not_recommended,medium,P3,"Technical support call-center management, not transformation","Hands-on technical support ops, not strategic mandate",removed,,,2026-08-13,not_listed,core,core title gate,🌎 US-Remote,0,
tines|customer success manager ii west|remote,Tines,Customer Success Manager II - West,https://weworkremotely.com/remote-jobs/tines-customer-success-manager-ii-west,We Work Remotely (aggregator),2026-07-24,2026-08-12,2026-08-14,Anywhere in the World (Remote),remote,Full-Time,,40,not_recommended,medium,P3,CS remote role but individual book-of-business focus,Lacks strategic/executive scope,removed,,,2026-08-15,not_listed,discovery,role family 'customer success' + seniority in title; demoted to wildcards by the precision rule 'customer success manager',🌎 US-Remote,0,
thumbtack|sr manager success operations|remote,Thumbtack,"Sr. Manager, Success Operations",https://jobs.ashbyhq.com/thumbtack/1defbc0d-71f7-4c08-919c-4eb49992727d,Thumbtack,2026-07-28,2026-08-12,2026-08-18,"Remote, United States",remote,,,78,strong_fit,medium,P2,Operations strategy and process design ownership,Sr. Manager scope may be narrower than typical target,removed,,,2026-08-19,not_listed,core,core title gate,🌎 US-Remote,0,
temporal|director gtm strategy analytics|remote,Temporal,"Director, GTM Strategy & Analytics",https://job-boards.greenhouse.io/temporaltechnologies/jobs/5194035007,"Temporal, We Work Remotely (aggregator)",2026-07-22,2026-08-12,2026-08-25,United States - Remote Opportunity,remote,Full-Time,,30,not_recommended,medium,P3,US-remote practical fit,Heavy quantitative GTM analytics mandate mismatch,removed,,,2026-08-26,not_listed,core,core title gate,🌎 US-Remote,0,
te connectivity|sr manager business transformation operations|remote,TE Connectivity,"Sr. Manager, Business Transformation & Operations",https://jobicy.com/jobs/150561-sr-manager-business-transformation-operations,Jobicy (aggregator),2026-08-12,2026-08-12,2026-08-22,USA (Remote),remote,Full-Time,,88,apply_first,high,P1,Business transformation & operating model mandate,"Title is Senior Manager, slightly below target seniority",removed,,,2026-08-23,not_listed,core,core title gate,🌎 US-Remote,11,2026-08-22
te connectivity|commercial project manager customer programs|remote,TE Connectivity,Commercial Project Manager - Customer Programs,https://jobicy.com/jobs/150194-commercial-project-manager-customer-programs,Jobicy (aggregator),2026-08-04,2026-08-12,2026-08-24,USA (Remote),remote,Full-Time,,68,strong_fit,medium,P2,Customer-centric program leadership across cross-functional teams,"Titled Project Manager, may be more tactical than strategic",removed,,,2026-08-25,not_listed,discovery,role family 'project manager' + seniority in title,🌎 US-Remote,1,2026-08-13
te connectivity|commercial project manager sales operations|remote,TE Connectivity,Commercial Project Manager - Sales Operations,https://jobicy.com/jobs/150001-commercial-project-manager-sales-operations,Jobicy (aggregator),2026-08-01,2026-08-12,2026-08-22,USA (Remote),remote,Full-Time,,68,strong_fit,medium,P2,US-remote role fits location needs,Manufacturing/aerospace domain unfamiliar,removed,,,2026-08-23,not_listed,core,core title gate,🌎 US-Remote,1,2026-08-13
stripe|business value consultant|remote,Stripe,Business Value Consultant,https://stripe.com/jobs/search?gh_jid=8097051,Stripe,2026-08-05,2026-08-12,2026-08-26,US-Remote,remote,,,55,stretch,medium,P3,"US-remote, strong practical fit","Tied closely to sales cycle, not transformation leadership",removed,,,2026-08-27,not_listed,discovery,"role family 'consultant' + mandate in description (business case, roi)",🌎 US-Remote,1,2026-08-16
stripe|commercial solutions program manager|remote,Stripe,Commercial Solutions Program Manager,https://stripe.com/jobs/search?gh_jid=8059784,Stripe,2026-07-29,2026-08-12,2026-08-19,"Chicago, IL , Remote",remote,,,62,stretch,low,P3,Program leadership with cross-functional change scope,Deep sales/commercial deal-structuring specificity may be gap,removed,,,2026-08-20,not_listed,discovery,role family 'program manager' + seniority in title,🌎 US-Remote,0,
stripe|privacy operations program manager|remote,Stripe,Privacy Operations Program Manager,https://stripe.com/jobs/search?gh_jid=8053517,Stripe,2026-07-22,2026-08-12,2026-08-12,US Remote,remote,,,48,stretch,medium,P3,US-remote fits location constraints,"Highly specialized privacy/legal domain, not core background",removed,,,2026-08-13,not_listed,core,core title gate,🌎 US-Remote,0,
stripe|program manager card network office card networks|remote,Stripe,"Program Manager, Card Network Office (Card Networks)",https://stripe.com/jobs/search?gh_jid=8081754,Stripe,2026-07-27,2026-08-12,2026-08-17,"US-SF, US-NYC, US-Seattle, US-Remote",remote,,,55,stretch,low,P3,Program leadership and process design mandate,Highly specialized card network/payments domain,removed,,,2026-08-18,not_listed,discovery,role family 'program manager' + seniority in title,🌎 US-Remote,0,
stripe|program manager gtm strategic programs|remote,Stripe,"Program Manager, GTM Strategic Programs",https://stripe.com/jobs/search?gh_jid=8042309,Stripe,2026-08-11,2026-08-12,2026-08-27,US-Remote,remote,,,82,strong_fit,medium,P2,Global cross-functional program management mandate,Highly competitive Stripe hiring bar,stale,,,,,discovery,role family 'program manager' + seniority in title,🌎 US-Remote,2,2026-08-25
stripe|program manager security grc|remote,Stripe,"Program Manager, Security GRC",https://stripe.com/jobs/search?gh_jid=8078131,Stripe,2026-07-22,2026-08-12,2026-08-12,Remote,remote,,,,,,P3,,,removed,,,2026-08-13,not_listed,discovery,role family 'program manager' + seniority in title,🌎 US-Remote,0,
stripe|risk strategist platform risk strategy|remote,Stripe,"Risk Strategist, Platform Risk Strategy",https://stripe.com/jobs/search?gh_jid=7811937,Stripe,2026-07-29,2026-08-12,2026-08-19,"Chicago, US-Remote, Toronto",remote,,,30,not_recommended,medium,P3,Remote-eligible location fits,Requires deep payments/risk/compliance domain expertise,removed,,,2026-08-20,not_listed,core,core title gate,🌎 US-Remote,0,
stripe|solution architect enablement business partner|remote,Stripe,Solution Architect Enablement Business Partner,https://stripe.com/jobs/search?gh_jid=8115022,Stripe,2026-08-10,2026-08-12,2026-08-20,US-Remote,remote,,,40,stretch,medium,P3,US-remote practical fit,"Highly technical SA product domain, not her background",removed,,,2026-08-21,not_listed,discovery,role family 'enablement' + seniority in title,🌎 US-Remote,0,
stripe|strategy and operations lead deal pricing|remote,Stripe,"Strategy and Operations Lead, Deal Pricing",https://weworkremotely.com/remote-jobs/stripe-strategy-and-operations-lead-deal-pricing,We Work Remotely (aggregator),2026-07-23,2026-08-12,2026-08-13,Anywhere in the World (Remote),remote,Full-Time,,68,strong_fit,medium,P2,Chief of Staff-style operating model ownership,Deep pricing/finance domain may be unfamiliar,removed,,,2026-08-14,not_listed,core,core title gate,🌎 US-Remote,0,
stripe|technical program manager money as a service|remote,Stripe,"Technical Program Manager, Money-as-a-Service",https://weworkremotely.com/remote-jobs/stripe-technical-program-manager-money-as-a-service,We Work Remotely (aggregator),2026-07-23,2026-08-12,2026-08-13,Anywhere in the World (Remote),remote,Full-Time,,45,stretch,low,P3,Program leadership scope fits background,Requires deep technical/engineering program management experience,removed,,,2026-08-14,not_listed,discovery,role family 'program manager' + seniority in title,🌎 US-Remote,0,
stripe|people solutions program manager|remote,Stripe,People Solutions Program Manager,https://weworkremotely.com/remote-jobs/stripe-people-solutions-program-manager,We Work Remotely (aggregator),2026-07-22,2026-08-12,2026-08-12,Anywhere in the World (Remote),remote,Full-Time,,,,,P3,,,removed,,,2026-08-13,not_listed,discovery,role family 'program manager' + seniority in title,🌎 US-Remote,0,
stripe|data science manager finance and strategy|remote,Stripe,"Data Science Manager, Finance and Strategy",https://weworkremotely.com/remote-jobs/stripe-data-science-manager-finance-and-strategy,We Work Remotely (aggregator),2026-07-22,2026-08-12,2026-08-12,Anywhere in the World (Remote),remote,Full-Time,,,,,P3,,,removed,,,2026-08-13,not_listed,discovery,role family 'strategy' + seniority in title; demoted to wildcards by the precision rule 'data science',🌎 US-Remote,0,
stackadapt|manager ad operations|remote,StackAdapt,"Manager, Ad Operations",https://jobicy.com/jobs/149104-manager-ad-operations,Jobicy (aggregator),2026-08-11,2026-08-12,2026-08-17,"Canada,  USA (Remote)",remote,Full-Time,,25,not_recommended,medium,P3,"Ad ops execution role, not strategic transformation",Highly specialized programmatic ad ops domain,removed,,,2026-08-18,not_listed,core,core title gate,🌎 US-Remote,0,
smartsheet|director of business planning strategic initiatives office of the cpto eligible|remote,Smartsheet,Director of Business Planning & Strategic Initiatives - Office of the CPTO (Remote Eligible),https://job-boards.greenhouse.io/smartsheet/jobs/8112556,Smartsheet,2026-08-06,2026-08-12,2026-08-27,"-REMOTE, USA-",remote,,,90,apply_first,high,P2,Chief of Staff/right-hand to CPTO,Highly competitive high-profile role,active,,,,,core,core title gate,🌎 US-Remote,15,2026-08-26
smartsheet|senior manager web strategy|remote,Smartsheet,"Senior Manager, Web Strategy",https://job-boards.greenhouse.io/smartsheet/jobs/8112250,Smartsheet,2026-08-06,2026-08-12,2026-08-27,"-REMOTE, USA-",remote,,,40,not_recommended,medium,P3,US-remote practical fit is strong,"Requires deep SEO/AEO domain expertise, not her background",stale,,,,,core,core title gate,🌎 US-Remote,0,
smartsheet|solutions consultant east|remote,Smartsheet,Solutions Consultant - East,https://job-boards.greenhouse.io/smartsheet/jobs/8109667,Smartsheet,2026-08-05,2026-08-12,2026-08-20,"-REMOTE, USA-",remote,,,58,stretch,medium,P3,Professional services/consulting delivery role,Heavily technical/platform implementation focus vs strategic leadership,removed,,,2026-08-21,not_listed,core,core title gate,🌎 US-Remote,1,2026-08-14
sentry|revenue operations manager|remote,Sentry,Revenue Operations Manager,https://jobs.ashbyhq.com/sentry/befec0ef-0e90-4b30-a02a-c47094090957,Sentry,2026-08-11,2026-08-12,2026-08-12,"San Francisco, California (Remote)",remote,,$140K – $160K,35,not_recommended,medium,P3,Remote fits location,"Tactical revenue ops, not strategic leadership",removed,,,2026-08-13,not_listed,core,core title gate,🌎 US-Remote,0,
samsara|customer success manager ii|remote,Samsara,Customer Success Manager II,https://www.samsara.com/company/careers/roles/7580157?gh_jid=7580157,Samsara,2026-07-28,2026-08-12,2026-08-18,Remote - US,remote,,,30,not_recommended,medium,P3,"CSM II is individual account management, not leadership",Not a leadership or transformation mandate,removed,,,2026-08-19,not_listed,discovery,role family 'customer success' + seniority in title; demoted to wildcards by the precision rule 'customer success manager',🌎 US-Remote,0,
samsara|enterprise core implementation consultant|remote,Samsara,Enterprise Core Implementation Consultant,https://www.samsara.com/company/careers/roles/8079982?gh_jid=8079982,Samsara,2026-07-27,2026-08-12,2026-08-17,Remote - US,remote,,,45,stretch,medium,P3,Customer implementation/onboarding leadership aligns with CX background,More execution/account-management than transformation ownership,removed,,,2026-08-18,not_listed,discovery,role family 'implementation' + seniority in title,🌎 US-Remote,0,
samsara|sales operations manager|remote,Samsara,Sales Operations Manager,https://www.samsara.com/company/careers/roles/8076592?gh_jid=8076592,Samsara,2026-08-06,2026-08-12,2026-08-27,Remote - Mexico,remote,,,30,not_recommended,medium,P3,Sales ops process/scaling has some overlap with ops excellence,"Location is Mexico, outside her practical location targets",stale,,,,,core,core title gate,🌎 US-Remote,0,
samsara|senior enablement specialist|remote,Samsara,Senior Enablement Specialist,https://www.samsara.com/company/careers/roles/8053884?gh_jid=8053884,Samsara,2026-08-05,2026-08-12,2026-08-26,Remote - US,remote,,,45,stretch,medium,P3,US-remote practical fit,"Individual specialist role, not leadership mandate",removed,,,2026-08-27,not_listed,discovery,role family 'enablement' + seniority in title,🌎 US-Remote,1,2026-08-18
samsara|senior sales operations analyst|remote,Samsara,Senior Sales Operations Analyst,https://www.samsara.com/company/careers/roles/8103641?gh_jid=8103641,Samsara,2026-08-10,2026-08-12,2026-08-27,Remote - US,remote,,,45,stretch,medium,P3,US-remote fits location preference,"Focused on partner/channel sales ops, not core transformation",stale,,,,,discovery,role family 'operations' + seniority in title,🌎 US-Remote,1,2026-08-18
samsara|director gtm business operations|remote,Samsara,"Director, GTM Business Operations",https://jobicy.com/jobs/147863-director-gtm-business-operations,Jobicy (aggregator),2026-07-27,2026-08-12,2026-08-17,USA (Remote),remote,Full-Time,,68,strong_fit,medium,P2,Strategic GTM operations mandate with exec exposure,Sales-ops focus is more revenue-quota adjacent than her core transformation work,removed,,,2026-08-18,not_listed,core,core title gate,🌎 US-Remote,0,
rubrik|sr sales enablement program manager|remote,Rubrik,Sr. Sales Enablement Program Manager,https://jobicy.com/jobs/150533-sr-sales-enablement-program-manager,Jobicy (aggregator),2026-08-12,2026-08-12,2026-08-17,USA (Remote),remote,Full-Time,,55,stretch,medium,P3,"US-remote, program management scope","Heavy instructional design/content focus, not strategic transformation",removed,,,2026-08-18,not_listed,discovery,role family 'program manager' + seniority in title,🌎 US-Remote,1,2026-08-17
robert half|sr digital marketing manager|remote,Robert Half,Sr. Digital Marketing Manager,https://www.roberthalf.com/us/en/job/hartford-ct/sr-digital-marketing-manager/02100-0013483664-usen,Robert Half,2026-08-11,2026-08-12,2026-08-27,"Hartford, CT (Remote)",remote,Temp,$55.00–$65.00/hr,40,stretch,medium,P3,"Remote, short contract could work for income",4-month temp with narrow marketing focus,stale,,,,,discovery,"mandate in description (operational excellence, continuous improvement)",🧑‍💼 Contract / Staffing,0,
robert half|infrastructure and security manager|remote,Robert Half,Infrastructure and Security Manager,https://www.roberthalf.com/us/en/job/columbus-oh/infrastructure-and-security-manager/03410-0013474207-usen,Robert Half,2026-07-27,2026-08-12,2026-08-20,"Columbus, OH (Remote)",remote,Temp to Perm,,15,not_recommended,high,P3,Deep IT infrastructure/security engineering role,Requires hands-on technical IT/security expertise,removed,,,2026-08-21,not_listed,discovery,"mandate in description (service delivery, governance)",🧑‍💼 Contract / Staffing,0,
robert half|program manager|remote,Robert Half,Program Manager,https://www.roberthalf.com/us/en/job/sacramento-ca/program-manager/00390-9504375082-usen,Robert Half,2026-08-06,2026-08-12,2026-08-27,"Sacramento, CA (Remote)",remote,Temp,$65.00–$70.00/hr,55,practical_contract,medium,P3,Program/PMO leadership matches core experience,Insurance/reinsurance domain unfamiliar,stale,,,,,discovery,role family 'program manager' + seniority in title,🧑‍💼 Contract / Staffing,1,2026-08-14
robert half|recruiting manager|remote,Robert Half,Recruiting Manager,https://www.roberthalf.com/us/en/job/beverly-hills-ca/recruiting-manager/00295-0013479119-usen,Robert Half,2026-07-28,2026-08-12,2026-08-27,"Beverly Hills, CA (Remote)",remote,Temp,$47.50–$60.00/hr,25,not_recommended,medium,P3,Recruiting management is outside core transformation focus,Wrong functional domain - TA leadership not transformation,stale,,,,,discovery,"mandate in description (continuous improvement, adoption)",🧑‍💼 Contract / Staffing,0,
robert half|creative and marketing team project manager|remote,Robert Half,Creative and Marketing Team Project Manager,https://www.roberthalf.com/us/en/job/denver-co/creative-and-marketing-team-project-manager/00610-0013481978-usen,Robert Half,2026-08-05,2026-08-12,2026-08-14,"Denver, CO (Remote)",remote,Temp,$35.00–$45.00/hr,52,practical_contract,medium,P3,Portfolio governance & cross-functional PM aligns with ops leadership,"Contract, not permanent leadership role",removed,,,2026-08-15,not_listed,discovery,role family 'project manager' + seniority in title,🧑‍💼 Contract / Staffing,0,
robert half|finance manager|remote,Robert Half,Finance Manager,https://www.roberthalf.com/us/en/job/san-diego-ca/finance-manager/00400-0013487121-usen,Robert Half,2026-08-12,2026-08-12,2026-08-27,"San Diego, CA (Remote)",remote,Temp,$47.50–$55.00/hr,25,not_recommended,high,P3,"FP&A/financial modeling role, wrong function","Requires advanced FP&A modeling, Adaptive Planning expertise",stale,,,,,core,core title gate,🧑‍💼 Contract / Staffing,0,
reddit|group product manager finance technology|remote,Reddit,"Group Product Manager, Finance Technology",https://job-boards.greenhouse.io/reddit/jobs/8075185,Reddit,2026-08-06,2026-08-12,2026-08-27,Remote - United States,remote,,,50,stretch,medium,P3,AI-first finance transformation mandate,Requires deep technical product management/SaaS PM background,stale,,,,,discovery,"mandate in description (adoption, ai transformation)",🌎 US-Remote,1,2026-08-17
ramp|customer activation manager scaled|remote,Ramp,Customer Activation Manager | Scaled,https://jobs.ashbyhq.com/ramp/94d79eed-34db-42c8-b47c-5edef335b7f2,Ramp,2026-08-10,2026-08-12,2026-08-27,"New York, NY (HQ) (Remote)",remote,,$93.6K – $143K,22,not_recommended,high,P3,"Tactical 1:1 SMB onboarding role, not strategic scope","Individual-contributor onboarding work, not program leadership",stale,,,,,discovery,role family 'customer' + seniority in title,🌎 US-Remote,0,
ramp|senior customer activation manager scaled|remote,Ramp,Senior Customer Activation Manager | Scaled,https://jobs.ashbyhq.com/ramp/f0f95d20-fb64-4c06-86ff-6142e937fe0b,Ramp,2026-08-10,2026-08-12,2026-08-27,"New York, NY (HQ) (Remote)",remote,,$108K – $165K,25,not_recommended,medium,P3,High-volume tactical CSM onboarding role,"No org design, transformation, or executive scope",stale,,,,,discovery,role family 'customer' + seniority in title,🌎 US-Remote,0,
ramp|senior customer activation manager partnerships|remote,Ramp,Senior Customer Activation Manager | Partnerships,https://jobs.ashbyhq.com/ramp/97898101-f97b-47c8-a991-267afc517ae5,Ramp,2026-08-10,2026-08-12,2026-08-27,"New York, NY (HQ) (Remote)",remote,,$138K – $210K,30,not_recommended,medium,P3,"Partner/customer activation, not transformation or ops leadership",Not strategic transformation or org design work,stale,,,,,discovery,role family 'customer' + seniority in title,🌎 US-Remote,0,
ramp|customer activation manager commercial|remote,Ramp,Customer Activation Manager | Commercial,https://jobs.ashbyhq.com/ramp/a4ecdd59-e379-4841-9bd3-c3f1f86da008,Ramp,2026-08-04,2026-08-12,2026-08-25,"New York, NY (HQ) (Remote)",remote,,$97.1K – $148.4K,45,stretch,medium,P3,Onboarding/implementation leadership touches CX and operations,More execution/sales-adjacent than strategic,removed,,,2026-08-26,not_listed,discovery,role family 'customer' + seniority in title,🌎 US-Remote,1,2026-08-17
ramp|senior manager deal desk|remote,Ramp,"Senior Manager, Deal Desk",https://jobs.ashbyhq.com/ramp/c826e3bf-f165-4b7c-af8e-301ad7e2dcda,Ramp,2026-08-07,2026-08-12,2026-08-27,"New York, NY (HQ) (Remote)",remote,,$240K – $300K,50,stretch,medium,P3,Cross-functional operating model ownership fits transformation profile,Deal Desk/pricing specialization not her core background,stale,,,,,core,core title gate,🌎 US-Remote,0,
ramp|business operations lead compensation equity|remote,Ramp,"Business Operations Lead, Compensation & Equity",https://jobs.ashbyhq.com/ramp/ea9f6e2d-8981-417a-ac96-87d421ccbf4c,Ramp,2026-07-28,2026-08-12,2026-08-18,"New York, NY (HQ) (Remote)",remote,,$200K – $250K,40,stretch,medium,P3,Cross-functional exec-facing scope,"Specialized comp/equity domain, thin match",removed,,,2026-08-19,not_listed,core,core title gate,🌎 US-Remote,0,
ramp|senior partner consultant si programs|remote,Ramp,"Senior Partner Consultant, SI Programs",https://jobs.ashbyhq.com/ramp/7fcef38b-5e90-4d71-9e59-d26d29de027f,Ramp,2026-07-30,2026-08-12,2026-08-14,Remote (US),remote,,$174K – $266K,70,strong_fit,medium,P2,Program ownership scaling partner delivery model,Requires SI/ERP technical fluency not confirmed in background,removed,,,2026-08-15,not_listed,discovery,role family 'consultant' + seniority in title,🌎 US-Remote,1,2026-08-13
ramp|people operations global mobility immigration and scale|remote,Ramp,"People Operations | Global Mobility, Immigration, and Scale",https://jobs.ashbyhq.com/ramp/f859c941-4579-402a-aad5-a7bacbf33175,Ramp,2026-08-04,2026-08-12,2026-08-25,"New York, NY (HQ) (Remote)",remote,,$110K – $155K,35,not_recommended,medium,P3,Operations title matched keyword search,Highly specialized immigration/HR compliance function,removed,,,2026-08-26,not_listed,discovery,role family 'operations' + seniority in title,🌎 US-Remote,0,
ramp|lead product marketing manager verticals|remote,Ramp,Lead Product Marketing Manager - Verticals,https://jobs.ashbyhq.com/ramp/2e07fb9f-fefd-44a4-a6ef-235b4e567432,Ramp,2026-08-06,2026-08-12,2026-08-27,"New York, NY (HQ) (Remote)",remote,,$190K – $260K,40,not_recommended,medium,P3,Owns operating model but is product marketing function,Requires deep vertical product marketing expertise,stale,,,,,discovery,"mandate in description (operating model, adoption)",🌎 US-Remote,0,
ramp|associate manager premier support customer experience|remote,Ramp,"Associate Manager, Premier Support (Customer Experience)",https://jobs.ashbyhq.com/ramp/2ddd97a8-70b2-4030-ba42-21124ad304d3,Ramp,2026-08-11,2026-08-12,2026-08-27,"New York, NY (HQ) (Remote)",remote,,$100K – $132K,40,stretch,medium,P3,"Frontline CX team leadership, some experience relevance",Title/level below her seniority stance,stale,,,,,core,core title gate,🌎 US-Remote,0,
ramp|technical consultant enterprise oracle cloud|remote,Ramp,"Technical Consultant, Enterprise, Oracle Cloud",https://jobs.ashbyhq.com/ramp/6a3f42e6-00d6-4e9d-9caa-9663ffac6d53,Ramp,2026-08-11,2026-08-12,2026-08-27,Remote (US),remote,,$158K – $242K,25,not_recommended,medium,P3,Hands-on Oracle Cloud technical integration role,Requires specific Oracle Cloud technical expertise,stale,,,,,discovery,role family 'consultant' + seniority in title,🌎 US-Remote,0,
ramp|technical consultant enterprise microsoft dynamics f o|remote,Ramp,"Technical Consultant, Enterprise, Microsoft Dynamics F&O",https://jobs.ashbyhq.com/ramp/32fb4396-1976-45de-8137-79e6eecf40b3,Ramp,2026-08-11,2026-08-12,2026-08-27,Remote (US),remote,,$158K – $242K,25,not_recommended,high,P3,Hands-on ERP/Dynamics technical implementation role,Highly technical Dynamics F&O specialization mismatch,stale,,,,,discovery,role family 'consultant' + seniority in title,🌎 US-Remote,0,
postscript|principal customer success manager email|remote,Postscript,"Principal Customer Success Manager, Email",https://job-boards.greenhouse.io/postscript/jobs/8659896002,Postscript,2026-07-30,2026-08-12,2026-08-20,Remote,remote,,,58,stretch,medium,P3,Program/playbook building and enablement fits ops-strategy strength,"Individual CSM book of business, not exec-facing",removed,,,2026-08-21,not_listed,discovery,role family 'customer success' + seniority in title; demoted to wildcards by the precision rule 'customer success manager',🌎 US-Remote,1,2026-08-13
plaid|finops program manager|remote,Plaid,FinOps Program Manager,https://jobs.ashbyhq.com/plaid/5159cfbb-a402-4ad3-8762-07cd81a5c3c2,Plaid,2026-07-30,2026-08-12,2026-08-20,New York City Office (Remote),remote,,$172.8K – $237.6K,40,stretch,medium,P3,Program management scope but highly financial/technical FinOps focus,Requires deep cloud/SaaS cost expertise not evidenced,removed,,,2026-08-21,not_listed,discovery,role family 'program manager' + seniority in title,🌎 US-Remote,0,
plaid|business operations|remote,Plaid,Business Operations,https://jobs.ashbyhq.com/plaid/bf4450b7-6ed5-49ec-a2ad-a1e0ffbcbe50,Plaid,2026-07-27,2026-08-12,2026-08-17,New York City Office (Remote),remote,,$162K – $237K,58,stretch,medium,P3,BizOps role with cross-functional strategic scope,More analyst/generalist than transformation leadership,removed,,,2026-08-18,not_listed,discovery,"role family 'business operations' + mandate in description (p&l, okrs)",🌎 US-Remote,0,
plaid|technical program manager|remote,Plaid,Technical Program Manager,https://jobs.ashbyhq.com/plaid/3aa943a7-5982-4449-9fc4-397540043fd2,Plaid,2026-07-29,2026-08-12,2026-08-19,San Francisco HQ (Remote),remote,,$172.8K – $237.6K,42,stretch,medium,P3,Cross-functional program leadership matches PMO experience,Requires deep technical/ML infrastructure fluency,removed,,,2026-08-20,not_listed,discovery,role family 'program manager' + seniority in title,🌎 US-Remote,0,
pindrop|director strategic sales|remote,Pindrop,"Director, Strategic Sales",https://jobicy.com/jobs/150534-director-strategic-sales-2,Jobicy (aggregator),2026-08-12,2026-08-12,2026-08-17,USA (Remote),remote,Full-Time,,15,not_recommended,high,P3,Quota-carrying sales leadership role,Sales-quota ownership is explicitly weak fit for candidate,removed,,,2026-08-18,not_listed,discovery,"mandate in description (business case, roi, customer experience)",🌎 US-Remote,0,
oscar health|vp marketplace ichra general manager lucie|remote,Oscar Health,"VP, Marketplace ICHRA General Manager - Lucie",http://www.hioscar.com/careers/8070638?gh_jid=8070638,Oscar Health,2026-07-24,2026-08-12,2026-08-14,Remote,hybrid,,,50,stretch,low,P3,General manager P&L ownership role,Requires deep ICHRA/health insurance domain expertise,removed,,,2026-08-15,not_listed,core,core title gate,🌎 US-Remote,0,
omada health|customer experience enablement senior manager|remote,Omada Health,Customer Experience Enablement Senior Manager,https://job-boards.greenhouse.io/omadahealth/jobs/8103250,Omada Health,2026-08-06,2026-08-12,2026-08-27,"Remote, USA",remote,,,78,strong_fit,medium,P2,Remote US role fits location preference strongly,Senior Manager scope may be narrower than prior Director roles,stale,,,,,core,core title gate,🌎 US-Remote,1,2026-08-12
omada health|senior epd operations manager|remote,Omada Health,Senior EPD Operations Manager,https://job-boards.greenhouse.io/omadahealth/jobs/8084199,Omada Health,2026-07-31,2026-08-12,2026-08-21,"Remote, USA",remote,,,70,strong_fit,medium,P2,US-remote program leadership role,Requires deep technical EPD domain fluency,removed,,,2026-08-22,not_listed,core,core title gate,🌎 US-Remote,1,2026-08-13
o c tanner|technical program manager|usa utah salt lake city headquarters,O.C. Tanner,Technical Program Manager,https://octanner.wd501.myworkdayjobs.com/O_C_Tanner/job/USA---Utah-Salt-Lake-City-Headquarters/Technical-Program-Manager_JR26-234,O.C. Tanner,2026-08-10,2026-08-12,2026-08-17,USA - Utah-Salt Lake City-Headquarters,onsite,,,50,stretch,low,P3,Program management aligns with PMO/program leadership background,No description; 'Technical' may imply engineering-heavy PM not her fit,removed,,,2026-08-18,not_listed,discovery,role family 'program manager' + seniority in title,📍 Local — Silicon Slopes,0,
notion|technical quality program manager|remote,Notion,Technical Quality Program Manager,https://jobs.ashbyhq.com/notion/9cded2a2-2666-4108-a2bb-23cb63c92a24,Notion,2026-07-27,2026-08-12,2026-08-17,"San Francisco, California (Remote)",remote,,,35,stretch,medium,P3,Program management title matches keyword,"Onsite 3 days/week in SF or NYC, not Utah/remote",removed,,,2026-08-18,not_listed,discovery,role family 'program manager' + seniority in title,🌎 US-Remote,0,
notion|enterprise outcomes architect|remote,Notion,Enterprise Outcomes Architect,https://jobs.ashbyhq.com/notion/4967b1cf-a1f7-417b-b650-feebbff767a3,Notion,2026-07-28,2026-08-12,2026-08-18,"New York, New York (Remote)",remote,,,45,stretch,medium,P3,Value realization and adoption mandate,Really a customer success/renewal quota role,removed,,,2026-08-19,not_listed,discovery,"mandate in description (adoption, value realization)",🌎 US-Remote,0,
notion|outcomes growth strategy and programs lead|remote,Notion,Outcomes Growth Strategy and Programs Lead,https://jobs.ashbyhq.com/notion/a31170a3-a951-4794-a61f-56640dce1aee,Notion,2026-07-31,2026-08-12,2026-08-21,"San Francisco, California (Remote)",remote,,,50,stretch,medium,P3,Growth strategy/programs mandate fits operations & program leadership,Onsite SF hybrid (Anchor Days) requires relocation,removed,,,2026-08-22,not_listed,core,core title gate,🌎 US-Remote,0,
nvidia|senior customer technical program manager ai datacenter|remote,NVIDIA,Senior Customer Technical Program Manager - AI Datacenter,https://jobicy.com/jobs/148312-senior-customer-technical-program-manager-ai-datacenter,Jobicy (aggregator),2026-08-05,2026-08-12,2026-08-26,USA (Remote),remote,Full-Time,,45,stretch,medium,P3,Program leadership scope aligns with PMO strengths,Requires deep technical engineering background in hardware/datacenter,removed,,,2026-08-27,not_listed,discovery,role family 'program manager' + seniority in title,🌎 US-Remote,1,2026-08-18
nice|director business consulting vrs cx|remote,NICE,"Director, Business Consulting, VRS, CX",https://boards.eu.greenhouse.io/nice/jobs/4934090101?gh_jid=4934090101,NICE,2026-07-22,2026-08-12,2026-08-12,USA - Remote,remote,,,84,apply_first,medium,P2,"Value realization, CX, professional services leadership mandate",Contact center domain specificity may require ramp-up,removed,,,2026-08-13,not_listed,core,core title gate,📍 Local — Silicon Slopes,0,
nice|lead business consultant vrs cx|remote,NICE,"Lead Business Consultant, VRS, CX",https://boards.eu.greenhouse.io/nice/jobs/4934082101?gh_jid=4934082101,NICE,2026-07-22,2026-08-12,2026-08-12,USA - Remote,remote,,,84,strong_fit,medium,P2,Value realization consulting matches core domain expertise,Requires CCaaS/contact center domain specifics,removed,,,2026-08-13,not_listed,core,core title gate,📍 Local — Silicon Slopes,0,
nice|lead program manager|usa sandy,NICE,Lead Program Manager,https://boards.eu.greenhouse.io/nice/jobs/4922943101?gh_jid=4922943101,NICE,2026-07-27,2026-08-12,2026-08-17,"USA - Sandy, UT",onsite,,,62,strong_fit,medium,P2,Program leadership with executive visibility,Technical/engineering delivery focus more IT-PM than transformation,removed,,,2026-08-18,not_listed,discovery,role family 'program manager' + seniority in title,📍 Local — Silicon Slopes,0,
nice|partner executive sled|remote,NICE,Partner Executive - SLED,https://boards.eu.greenhouse.io/nice/jobs/4943797101?gh_jid=4943797101,NICE,2026-08-03,2026-08-12,2026-08-24,USA - Remote,remote,,,30,not_recommended,medium,P3,Alliance/sales quota-oriented partnership role,Sales pipeline and revenue quota ownership,removed,,,2026-08-25,not_listed,discovery,"mandate in description (operational excellence, executive alignment)",📍 Local — Silicon Slopes,0,
nice|principal cloud architect|usa sandy,NICE,Principal Cloud Architect,https://boards.eu.greenhouse.io/nice/jobs/4932685101?gh_jid=4932685101,NICE,2026-07-23,2026-08-12,2026-08-13,"USA - Sandy, UT",hybrid,,,12,not_recommended,high,P3,"Deep hands-on cloud engineering role, wrong function",Requires AWS/Terraform technical expertise she lacks,removed,,,2026-08-14,not_listed,discovery,"mandate in description (operational excellence, governance)",📍 Local — Silicon Slopes,0,
nice|senior ai project manager cx|remote,NICE,"Senior AI Project Manager, CX",https://boards.eu.greenhouse.io/nice/jobs/4934012101?gh_jid=4934012101,NICE,2026-07-22,2026-08-12,2026-08-12,USA - Remote,remote,,,55,stretch,medium,P3,"US-remote, matches location preference","Fairly tactical PM role, not strategic ownership",removed,,,2026-08-13,not_listed,discovery,role family 'project manager' + seniority in title,📍 Local — Silicon Slopes,0,
nice|senior product manager cx|usa sandy,NICE,"Senior Product Manager, CX",https://boards.eu.greenhouse.io/nice/jobs/4930047101?gh_jid=4930047101,NICE,2026-07-22,2026-08-12,2026-08-12,"USA - Sandy, UT",onsite,,,35,not_recommended,medium,P3,Utah location matches,Requires hands-on prototyping/technical PM skills not in profile,removed,,,2026-08-13,not_listed,discovery,role family 'cx' + seniority in title,📍 Local — Silicon Slopes,0,
nice|transformation consultant|remote,NICE,Transformation Consultant,https://boards.eu.greenhouse.io/nice/jobs/4951000101?gh_jid=4951000101,NICE,2026-08-11,2026-08-12,2026-08-27,USA - Remote,remote,,,83,apply_first,medium,P2,C-suite transformation and AI enablement mandate,Heavy CX/contact-center tech specificity may require ramp-up,stale,,,,,core,core title gate,📍 Local — Silicon Slopes,14,2026-08-25
molina healthcare|director member experience process improvement|remote,Molina Healthcare,"Director, Member Experience (Process Improvement)",https://jobicy.com/jobs/150195-director-member-experience-process-improvement,Jobicy (aggregator),2026-08-04,2026-08-12,2026-08-22,USA (Remote),remote,Full-Time,,72,strong_fit,medium,P2,Member experience & retention strategy is CX ownership,"Healthcare/pharmacy domain experience preferred, not her background",removed,,,2026-08-23,not_listed,core,core title gate,🌎 US-Remote,1,2026-08-12
molina healthcare|associate program manager process performance monitoring managed care in fl preferred|remote,Molina Healthcare,"Associate Program Manager, Process & Performance Monitoring, Managed Care (Remote in FL Preferred)",https://jobicy.com/jobs/149667-associate-program-manager-process-performance-monitoring-managed-care-remote-in-fl-preferred,Jobicy (aggregator),2026-07-23,2026-08-12,2026-08-27,USA (Remote),remote,Full-Time,,40,stretch,medium,P3,US-remote practical fit,Narrow healthcare compliance/case coordination focus,stale,,,,,discovery,role family 'program manager' + seniority in title,🌎 US-Remote,0,
meta|energy integration manager|remote,Meta,Energy Integration Manager,https://jobicy.com/jobs/148133-energy-integration-manager,Jobicy (aggregator),2026-08-08,2026-08-12,2026-08-22,USA (Remote),remote,Full-Time,,74,strong_fit,medium,P2,Cross-functional operating model and integration mandate,Requires energy sector domain knowledge she lacks,removed,,,2026-08-23,not_listed,core,core title gate,🌎 US-Remote,1,2026-08-12
meta|water program manager data center development|remote,Meta,"Water Program Manager, Data Center Development",https://jobicy.com/jobs/148134-water-program-manager-data-center-development,Jobicy (aggregator),2026-08-05,2026-08-12,2026-08-22,USA (Remote),remote,Full-Time,,30,not_recommended,medium,P3,Program manager title but deeply technical water/compliance domain,Requires specialized water/environmental compliance expertise,removed,,,2026-08-23,not_listed,discovery,role family 'program manager' + seniority in title,🌎 US-Remote,0,
meta|data center location strategy manager|remote,Meta,Data Center Location Strategy Manager,https://jobicy.com/jobs/148135-data-center-location-strategy-manager,Jobicy (aggregator),2026-08-05,2026-08-12,2026-08-22,USA (Remote),remote,Full-Time,,20,not_recommended,high,P3,Remote US location matches practical constraints,Requires deep real estate/infrastructure/site-selection expertise,removed,,,2026-08-23,not_listed,core,core title gate,🌎 US-Remote,0,
meta|product manager central products|remote,Meta,"Product Manager, Central Products",https://jobicy.com/jobs/145132-product-manager-central-products,Jobicy (aggregator),2026-08-05,2026-08-12,2026-08-22,USA (Remote),remote,Full-Time,,40,stretch,medium,P3,AI transformation theme aligns with interests,Requires hands-on technical PM/engineering fluency,removed,,,2026-08-23,not_listed,discovery,"mandate in description (continuous improvement, ai transformation)",🌎 US-Remote,0,
meta|data center lease portfolio manager|remote,Meta,Data Center Lease Portfolio Manager,https://jobicy.com/jobs/149662-data-center-lease-portfolio-manager-2,Jobicy (aggregator),2026-07-23,2026-08-12,2026-08-12,USA (Remote),remote,Full-Time,,,,,P3,,,removed,,,2026-08-13,not_listed,discovery,role family 'portfolio' + seniority in title,🌎 US-Remote,0,
mercury|ai context operations lead|remote,Mercury,AI Context Operations Lead,https://job-boards.greenhouse.io/mercury/jobs/6122476004,"Mercury, We Work Remotely (aggregator)",2026-07-22,2026-08-12,2026-08-14,"San Francisco, CA, New York, NY, Portland, OR, or Remote within Canada or United States",remote,Full-Time,,50,stretch,low,P3,AI enablement and knowledge ops align with interests,Highly technical knowledge architecture/taxonomy focus,removed,,,2026-08-15,not_listed,core,core title gate,🌎 US-Remote,0,
mercury|payment operations lead|remote,Mercury,Payment Operations Lead,https://job-boards.greenhouse.io/mercury/jobs/6130879004,Mercury,2026-07-30,2026-08-12,2026-08-20,"San Francisco, CA, New York, NY, Portland, OR, or Remote within United States",remote,,,50,stretch,medium,P3,Operational process design & automation leadership,Requires deep domain-specific payments/banking expertise,removed,,,2026-08-21,not_listed,core,core title gate,🌎 US-Remote,0,
mercury|senior manager product partner operations|remote,Mercury,Senior Manager - Product Partner Operations,https://job-boards.greenhouse.io/mercury/jobs/6135823004,Mercury,2026-08-05,2026-08-12,2026-08-17,"San Francisco, CA, New York, NY, Portland, OR, or Remote within United States",remote,,,62,strong_fit,medium,P2,Ops leadership with cross-functional scaling mandate,Fintech-specific partner ops domain is narrower fit,removed,,,2026-08-18,not_listed,core,core title gate,🌎 US-Remote,1,2026-08-14
mercury|senior product operations specialist|remote,Mercury,Senior Product Operations Specialist,https://job-boards.greenhouse.io/mercury/jobs/6138978004,Mercury,2026-08-07,2026-08-12,2026-08-27,"San Francisco, CA, New York, NY, Portland, OR, or Remote within Canada or United States",remote,,,58,stretch,medium,P3,Program ownership and operating systems design,Narrower scope than transformation/exec mandate,stale,,,,,discovery,role family 'operations' + seniority in title,🌎 US-Remote,1,2026-08-14
mercury|chief audit officer|remote,Mercury,Chief Audit Officer,https://weworkremotely.com/remote-jobs/mercury-chief-audit-officer,We Work Remotely (aggregator),2026-07-24,2026-08-12,2026-08-14,Anywhere in the World (Remote),remote,Full-Time,,15,not_recommended,high,P3,Requires deep internal audit/regulatory compliance expertise,No audit/controls background evidenced,removed,,,2026-08-15,not_listed,discovery,"mandate in description (board, governance); demoted to wildcards by the precision rule 'audit'",🌎 US-Remote,0,
mercury|customer support systems analytics architect|remote,Mercury,Customer Support Systems & Analytics Architect,https://weworkremotely.com/remote-jobs/mercury-customer-support-systems-analytics-architect,We Work Remotely (aggregator),2026-08-12,2026-08-12,2026-08-27,Anywhere in the World (Remote),remote,Full-Time,,35,not_recommended,medium,P3,CX-adjacent but heavily technical/data architect role,Mismatch with candidate's leadership/strategy strengths,stale,,,,,discovery,"role family 'customer' + mandate in description (customer experience, governance)",🌎 US-Remote,0,
marqeta|staff salesforce architect|remote,Marqeta,Staff Salesforce Architect,https://job-boards.greenhouse.io/marqeta/jobs/8096548,Marqeta,2026-08-10,2026-08-12,2026-08-18,"Remote, USA",remote,,,12,not_recommended,high,P3,"Hands-on Salesforce engineering role, not strategy/ops",Wrong function - technical architect IC role,removed,,,2026-08-19,not_listed,discovery,"mandate in description (lean, customer experience)",🌎 US-Remote,0,
mx|director governance risk compliance|lehi,MX,"Director, Governance, Risk & Compliance",https://job-boards.greenhouse.io/mxtechnologiesinc/jobs/4338011009,MX,2026-07-31,2026-08-12,2026-08-21,"Lehi, Utah, United States",onsite,,,30,not_recommended,medium,P3,"Utah onsite, strong practical fit",Requires deep security/compliance/regulatory expertise,removed,,,2026-08-22,not_listed,discovery,"mandate in description (continuous improvement, governance)",📍 Local — Silicon Slopes,0,
mx|staff technical program manager|lehi,MX,Staff Technical Program Manager,https://job-boards.greenhouse.io/mxtechnologiesinc/jobs/4336014009,MX,2026-07-28,2026-08-12,2026-08-18,"Lehi, Utah, United States",onsite,,,45,stretch,medium,P3,Lehi UT location fits practical constraints,Requires deep technical/engineering fluency not her core strength,removed,,,2026-08-19,not_listed,discovery,role family 'program manager' + seniority in title,📍 Local — Silicon Slopes,0,
liberty mutual|associate product owner data strategy and governance|remote,Liberty Mutual,Associate Product Owner-Data Strategy and Governance,https://jobicy.com/jobs/148624-associate-product-owner-data-strategy-and-governance,Jobicy (aggregator),2026-08-05,2026-08-12,2026-08-22,USA (Remote),remote,Full-Time,,25,not_recommended,medium,P3,Entry-level apprenticeship role,Far below candidate's seniority and scope,removed,,,2026-08-23,not_listed,core,core title gate,🌎 US-Remote,0,
langchain|account based marketing program lead|remote,LangChain,Account Based Marketing Program Lead,https://jobs.ashbyhq.com/langchain/e8bad961-45b6-4f55-bd89-dcf965670f9d,LangChain,2026-08-04,2026-08-12,2026-08-20,Remote - US,remote,,,25,not_recommended,high,P3,"Marketing/demand-gen ABM role, not transformation/ops",No organizational strategy or transformation scope,removed,,,2026-08-21,not_listed,discovery,role family 'program' + seniority in title,🌎 US-Remote,0,
lvt|commercial customer success manager|american fork,LVT,Commercial Customer Success Manager,https://job-boards.greenhouse.io/liveviewtechnologiesinc/jobs/5384814008,LVT,2026-08-10,2026-08-12,2026-08-27,"American Fork, Utah, United States",onsite,,,45,stretch,medium,P3,Utah onsite matches location preference,"Fully in-office, no hybrid flexibility mentioned",stale,,,,,discovery,role family 'customer success' + seniority in title; demoted to wildcards by the precision rule 'customer success manager',📍 Local — Silicon Slopes,0,
kuno creative|senior revenue operations strategist|remote,"Kuno Creative Group, Inc.",Senior Revenue Operations Strategist,https://weworkremotely.com/remote-jobs/kuno-creative-group-inc-senior-revenue-operations-strategist,We Work Remotely (aggregator),2026-08-06,2026-08-12,2026-08-27,Anywhere in the World (Remote),remote,Full-Time,,25,not_recommended,high,P3,"Hands-on HubSpot implementation, not transformation leadership",Wrong function: technical RevOps implementation vs strategic leadership,stale,,,,,discovery,role family 'operations' + seniority in title,🌎 US-Remote,0,
kelso industries|hvac project manager|atlanta,Kelso Industries,HVAC Project Manager,https://kelso-industries.com/careers/?gh_jid=5380620008#job-board,Kelso Industries,2026-08-05,2026-08-12,2026-08-26,"Atlanta, GA; Ogden, UT; Tampa, FL",onsite,,,8,not_recommended,high,P3,"Field HVAC construction PM, not her domain",Requires technical HVAC construction expertise she lacks,removed,,,2026-08-27,not_listed,discovery,role family 'project manager' + seniority in title,📍 Local — Silicon Slopes,0,
kelso industries|mergers acquisitions project manager|draper,Kelso Industries,Mergers & Acquisitions Project Manager,https://kelso-industries.com/careers/?gh_jid=5374537008#job-board,Kelso Industries,2026-07-30,2026-08-12,2026-08-20,"Draper, UT",onsite,,,82,strong_fit,medium,P2,Direct M&A integration/PMO mandate matches core domain,Title suggests PM execution vs strategic ownership,removed,,,2026-08-21,not_listed,core,core title gate,📍 Local — Silicon Slopes,1,2026-08-12
kelso industries|workforce program manager|salt lake city,Kelso Industries,Workforce Program Manager,https://kelso-industries.com/careers/?gh_jid=5374101008#job-board,Kelso Industries,2026-07-29,2026-08-12,2026-08-19,"Salt Lake City, UT",onsite,,,42,stretch,medium,P3,"Utah-local, program management ownership",Specialized apprenticeship/grant-funding domain expertise required,removed,,,2026-08-20,not_listed,discovery,role family 'program manager' + seniority in title,📍 Local — Silicon Slopes,0,
johnson 038 johnson|senior sales operations analyst shockwave medical|remote,Johnson &#038; Johnson,Senior Sales Operations Analyst - Shockwave Medical,https://jobicy.com/jobs/148731-senior-sales-operations-analyst-shockwave-medical,Jobicy (aggregator),2026-08-06,2026-08-12,2026-08-12,USA (Remote),remote,Full-Time,,,,,P3,,,removed,,,2026-08-13,not_listed,discovery,role family 'operations' + seniority in title,🌎 US-Remote,0,
instructure|sales operations manager foundry|remote,Instructure,"Sales Operations Manager, Foundry",https://jobicy.com/jobs/150240-sales-operations-manager-foundry,Jobicy (aggregator),2026-08-04,2026-08-12,2026-08-22,USA (Remote),remote,Full-Time,,55,stretch,low,P3,Revenue ops/GTM support role in high-growth pod model,Sales operations focus is narrower than her strategic scope,removed,,,2026-08-23,not_listed,core,core title gate,🌎 US-Remote,7,2026-08-18
instructure|sales operations manager|remote,Instructure,Sales Operations Manager,https://jobicy.com/jobs/150554-sales-operations-manager-3,Jobicy (aggregator),2026-08-12,2026-08-12,2026-08-17,USA (Remote),remote,Full-Time,,45,stretch,medium,P3,Ops leadership mandate,Sales-quota/commission focus not core fit,removed,,,2026-08-18,not_listed,core,core title gate,🌎 US-Remote,0,
instacart|chief of staff online grocery|remote,Instacart,"Chief of Staff, Online Grocery",https://instacart.careers/job/?gh_jid=8112136,Instacart,2026-08-06,2026-08-12,2026-08-27,United States - Remote,remote,,,85,apply_first,medium,P2,Chief of Staff mandate with real ownership,Product/R&D domain specificity may require ramp-up,active,,,,,core,core title gate,🌎 US-Remote,15,2026-08-26
instacart|senior manager legal technology operations ai enablement|remote,Instacart,"Senior Manager, Legal Technology, Operations & AI Enablement",https://instacart.careers/job/?gh_jid=8122176,Instacart,2026-08-11,2026-08-12,2026-08-27,United States - Remote,remote,,,75,strong_fit,medium,P2,US-remote role,Legal domain specificity may require legal-ops background,stale,,,,,core,core title gate,🌎 US-Remote,1,2026-08-13
instacart|senior revenue operations manager eversight|remote,Instacart,Senior Revenue Operations Manager - Eversight,https://instacart.careers/job/?gh_jid=8104341,Instacart,2026-08-04,2026-08-12,2026-08-25,United States - Remote,remote,,,72,strong_fit,medium,P2,Build-and-own revenue ops mandate across commercial org,RevOps/Sales analytics skew differs from her transformation core,removed,,,2026-08-26,not_listed,core,core title gate,🌎 US-Remote,1,2026-08-12
included health|director staffing transformation operations|remote,Included Health,"Director, Staffing Transformation & Operations",https://jobs.lever.co/includedhealth/f2ff4c30-ab1a-49b4-8c2e-7abad6d5c7eb,Included Health,2026-07-22,2026-08-12,2026-08-12,Remote,remote,,,70,strong_fit,low,P3,Transformation and operations mandate in title,No description to verify actual scope,removed,,,2026-08-13,not_listed,core,core title gate,🌎 US-Remote,0,
included health|senior implementation consultant|remote,Included Health,Senior Implementation Consultant,https://jobs.lever.co/includedhealth/5b48aa2a-51d9-45a0-8853-5bf5ffc26e53,Included Health,2026-07-23,2026-08-12,2026-08-13,Remote,remote,,,65,strong_fit,medium,P2,Client implementation strategy and governance leadership,Narrower than full transformation/org design scope,removed,,,2026-08-14,not_listed,discovery,role family 'implementation' + seniority in title,🌎 US-Remote,0,
hubspot|principal compensation partner sales|remote,HubSpot,"Principal Compensation Partner, Sales",https://jobicy.com/jobs/150546-principal-compensation-partner-sales,Jobicy (aggregator),2026-08-12,2026-08-12,2026-08-27,USA (Remote),remote,Full-Time,,25,not_recommended,high,P3,"Specialized comp/sales compensation function, not her domain",Requires deep compensation technical expertise she lacks,stale,,,,,core,core title gate,🌎 US-Remote,0,
hospitable|customer advocate lead north america|remote,Hospitable,Customer Advocate Lead (North America - Remote),https://weworkremotely.com/remote-jobs/hospitable-customer-advocate-lead-north-america-remote-1,We Work Remotely (aggregator),2026-08-11,2026-08-12,2026-08-27,Anywhere in the World (Remote),remote,Full-Time,,30,not_recommended,medium,P3,"CX-adjacent but frontline support queue management, not strategic CX","Frontline team lead role, not transformation or strategy",stale,,,,,discovery,role family 'customer' + seniority in title,🌎 US-Remote,0,
hinge health|project manager growth marketing operations|remote,Hinge Health,"Project Manager, Growth Marketing Operations",https://jobs.ashbyhq.com/hinge-health/a2583315-2f5d-4f69-a96a-87c362d54c1d,Hinge Health,2026-07-29,2026-08-12,2026-08-19,San Francisco-HQ (Remote),remote,,$121K – $165K,62,stretch,medium,P3,Operating model design and process ownership mandate,Title/level reads more tactical PM than strategic leadership,removed,,,2026-08-20,not_listed,core,core title gate,🌎 US-Remote,0,
hinge health|health services manager enablement|remote,Hinge Health,Health Services Manager (Enablement),https://jobs.ashbyhq.com/hinge-health/8177e5b7-30f6-4733-b09f-3183c8c4fdf3,Hinge Health,2026-08-11,2026-08-12,2026-08-27,Remote US,remote,,"$70,680 – $128,340",42,stretch,medium,P3,Remote US fits location constraints,Heavily sales pipeline/quota-adjacent focus,stale,,,,,discovery,role family 'enablement' + seniority in title,🌎 US-Remote,1,2026-08-24
health catalyst|implementation manager|remote,Health Catalyst,Implementation Manager,https://healthcatalyst.wd5.myworkdayjobs.com/healthcatalystcareers/job/US-Remote/Implementation-Manager_REQ-3267,Health Catalyst,2026-07-23,2026-08-12,2026-08-13,US Remote,remote,,,50,stretch,low,P3,"Remote US, practical fit strong",No description to assess mandate,removed,,,2026-08-14,not_listed,core,core title gate,📍 Local — Silicon Slopes,0,
headway|people operations program manager|remote,Headway,People Operations Program Manager,https://jobs.ashbyhq.com/headway/d754d0e2-2a1b-4906-88b5-6ed0bfb109f8,Headway,2026-08-03,2026-08-12,2026-08-24,Remote,remote,,$114K – $179K,55,stretch,medium,P3,AI enablement and workforce tooling mandate,Narrower HR ops focus than typical target roles,removed,,,2026-08-25,not_listed,core,core title gate,🌎 US-Remote,1,2026-08-16
headway|business operations manager|remote,Headway,Business Operations Manager,https://jobs.ashbyhq.com/headway/8c5c0e09-0b8b-4a6f-834d-1681846d055e,Headway,2026-08-10,2026-08-12,2026-08-27,Remote,remote,,$121.6K – $190K,76,strong_fit,medium,P2,Fully remote US role,Manager title may mean narrower scope than Director roles,stale,,,,,core,core title gate,🌎 US-Remote,1,2026-08-13
headway|lead payer partnerships strategy|remote,Headway,"Lead, Payer Partnerships & Strategy",https://jobs.ashbyhq.com/headway/25fb5a86-4b94-41ef-8251-989d34fa1146,Headway,2026-08-07,2026-08-12,2026-08-27,Remote,remote,,"$111,520 – $164,000",60,stretch,medium,P3,Cross-functional strategic partnership ownership,Requires deep payer/health-plan contract expertise,stale,,,,,core,core title gate,🌎 US-Remote,1,2026-08-16
headway|legal operations lead|remote,Headway,Legal Operations Lead,https://jobs.ashbyhq.com/headway/89bb9ef6-e490-4d35-949c-f4007a264f8a,Headway,2026-08-07,2026-08-12,2026-08-27,Remote,remote,,$95.2K – $140K,50,stretch,medium,P3,AI-native operations design work,Requires legal domain expertise she lacks,stale,,,,,core,core title gate,🌎 US-Remote,1,2026-08-17
headway|revenue operations manager process|remote,Headway,Revenue Operations Manager (Process),https://jobs.ashbyhq.com/headway/3433bad6-2ae5-4451-9433-3a12b6f586e0,Headway,2026-08-12,2026-08-12,2026-08-27,Remote - New York,remote,,$121.6K – $190K,55,stretch,medium,P3,Revenue ops/process design aligns with operations background,"Heavy hands-on AI tool execution expected, less strategic",stale,,,,,core,core title gate,🌎 US-Remote,1,2026-08-17
harness|professional services engagement manager|remote,Harness,Professional Services Engagement Manager,https://jobicy.com/jobs/147874-professional-services-engagement-manager,Jobicy (aggregator),2026-07-27,2026-08-12,2026-08-17,USA (Remote),remote,Full-Time,,70,strong_fit,medium,P2,Professional services delivery leadership mandate,May require deep technical/DevOps fluency,removed,,,2026-08-18,not_listed,discovery,role family 'professional services' + seniority in title; demoted to wildcards by the precision rule 'engagement manager',🌎 US-Remote,0,
hii|project manager 29721|remote,HII,Part Time Project Manager - 29721,https://jobicy.com/jobs/150377-part-time-project-manager-29721,Jobicy (aggregator),2026-08-09,2026-08-12,2026-08-20,USA (Remote),remote,Part-Time,"$136,045.00 - $145,000.00",15,not_recommended,high,P3,Requires active TS/SCI clearance,No security clearance held,removed,,,2026-08-21,not_listed,discovery,role family 'project manager' + seniority in title,🌎 US-Remote,0,
grow therapy|director revenue cycle management operations|remote,Grow Therapy,"Director, Revenue Cycle Management Operations",https://jobs.ashbyhq.com/grow-therapy/31f85f93-5202-4c30-99f6-b9c95af46562,Grow Therapy,2026-07-22,2026-08-12,2026-08-12,Remote,remote,,$158K – $231K,72,strong_fit,medium,P2,Operational maturity and transformation mandate,Deep RCM/healthcare billing domain expertise not demonstrated,removed,,,2026-08-13,not_listed,core,core title gate,🌎 US-Remote,0,
grow therapy|senior product manager care delivery|remote,Grow Therapy,"Senior Product Manager, Care Delivery",https://jobs.ashbyhq.com/grow-therapy/80716f86-b6f9-4850-bd11-8fc0ebafd241,Grow Therapy,2026-07-27,2026-08-12,2026-08-17,New York City (Remote),remote,,$182K – $227K,35,not_recommended,medium,P3,"Product management IC role, not transformation/ops leadership",Core PM/product role outside candidate's core domains,removed,,,2026-08-18,not_listed,discovery,role family 'delivery' + seniority in title,🌎 US-Remote,0,
grow therapy|manager strategic planning|remote,Grow Therapy,"Manager, Strategic Planning",https://jobs.ashbyhq.com/grow-therapy/2cf6b8af-4bc3-4faf-a41b-390a3ebeaa8d,Grow Therapy,2026-08-06,2026-08-12,2026-08-27,New York City (Remote),remote,,$144K – $168K,76,strong_fit,medium,P2,Operating rhythm/OKR ownership fits org effectiveness experience,Manager title may mean narrower scope than Director roles,stale,,,,,core,core title gate,🌎 US-Remote,1,2026-08-14
grafana|senior partner development program manager|remote,Grafana Labs,Senior Partner Development Program Manager | United States| Remote,https://job-boards.greenhouse.io/grafanalabs/jobs/6128082004,Grafana Labs,2026-07-27,2026-08-12,2026-08-12,United States (Remote),remote,,,,,,P3,,,removed,,,2026-08-13,not_listed,discovery,role family 'program manager' + seniority in title,🌎 US-Remote,0,
gitlab|ai transformation owner cro|remote,GitLab,"AI Transformation Owner, CRO",https://job-boards.greenhouse.io/gitlab/jobs/8638232002,GitLab,2026-07-22,2026-08-12,2026-08-12,"Remote, United States",remote,,,84,strong_fit,medium,P2,AI adoption/enablement is core strength area,CRO/sales-field specific context may require domain ramp,removed,,,2026-08-13,not_listed,core,core title gate,🌎 US-Remote,0,
gitlab|customer success manager public sector|remote,GitLab,Customer Success Manager- Public Sector,https://job-boards.greenhouse.io/gitlab/jobs/8646022002,GitLab,2026-07-23,2026-08-12,2026-08-13,"Remote, United States",remote,,,35,not_recommended,medium,P3,Remote US role,Requires deep technical product knowledge (Git/CI/CD),removed,,,2026-08-14,not_listed,discovery,role family 'customer success' + seniority in title; demoted to wildcards by the precision rule 'customer success manager',🌎 US-Remote,0,
gitlab|manager it sox pmo|remote,GitLab,"Manager, IT SOX PMO",https://job-boards.greenhouse.io/gitlab/jobs/8643154002,GitLab,2026-07-28,2026-08-12,2026-08-18,"Remote, United States",remote,,,20,not_recommended,high,P3,SOX/ITGC compliance is outside core domains,Wrong function - accounting/audit compliance,removed,,,2026-08-19,not_listed,core,core title gate,🌎 US-Remote,0,
gitlab|manager solutions architecture east|remote,GitLab,"Manager, Solutions Architecture - East",https://job-boards.greenhouse.io/gitlab/jobs/8641849002,GitLab,2026-08-03,2026-08-12,2026-08-24,"Remote, United States",remote,,,25,not_recommended,medium,P3,"Sales engineering leadership, not transformation/ops",Wrong functional domain (technical presales),removed,,,2026-08-25,not_listed,discovery,"mandate in description (digital transformation, adoption)",🌎 US-Remote,0,
gitlab|principal program manager go to market|remote,GitLab,"Principal Program Manager, Go-To-Market",https://job-boards.greenhouse.io/gitlab/jobs/8697215002,GitLab,2026-08-11,2026-08-12,2026-08-27,"Remote, Canada; Remote, United States",remote,,,60,strong_fit,low,P3,US-remote program leadership role,GTM-specific domain expertise unclear,stale,,,,,discovery,role family 'program manager' + seniority in title,🌎 US-Remote,7,2026-08-18
gitlab|revenue strategist manager renewals|remote,GitLab,"Revenue Strategist Manager, Renewals",https://job-boards.greenhouse.io/gitlab/jobs/8645879002,GitLab,2026-07-23,2026-08-12,2026-08-13,"Remote, United States",remote,,,55,stretch,medium,P3,US-remote role fits location constraints,"Heavy analytics/forecasting focus, not transformation-led",removed,,,2026-08-14,not_listed,discovery,"mandate in description (digital transformation, customer experience)",🌎 US-Remote,0,
gitlab|senior analyst sales strategy|remote,GitLab,"Senior Analyst, Sales Strategy",https://job-boards.greenhouse.io/gitlab/jobs/8679047002,GitLab,2026-08-05,2026-08-12,2026-08-26,"Remote, Canada; Remote, United States",remote,,,25,not_recommended,medium,P3,"Sales ops/analytics role, not transformation leadership",Analyst-level quantitative sales ops work outside core strengths,removed,,,2026-08-27,not_listed,core,core title gate,🌎 US-Remote,0,
gitlab|senior director revenue analytics|remote,GitLab,"Senior Director, Revenue Analytics",https://job-boards.greenhouse.io/gitlab/jobs/8686820002,GitLab,2026-08-06,2026-08-12,2026-08-27,"Remote, United States",remote,,,55,stretch,medium,P3,Remote US role,Analytics/data leadership not core strength,stale,,,,,core,core title gate,🌎 US-Remote,0,
gitlab|tech operations specialist|remote,GitLab,Tech Operations Specialist,https://job-boards.greenhouse.io/gitlab/jobs/8638246002,GitLab,2026-07-22,2026-08-12,2026-08-12,"Remote, United States",remote,,,,,,P3,,,removed,,,2026-08-13,not_listed,discovery,"role family 'operations' + mandate in description (digital transformation, adoption)",🌎 US-Remote,0,
gitlab|manager solutions architects sf bay area|remote,GitLab,"Manager, Solutions Architects - SF Bay area",https://jobicy.com/jobs/144921-manager-solutions-architects-sf-bay-area,Jobicy (aggregator),2026-07-29,2026-08-12,2026-08-19,USA (Remote),remote,Full-Time,,25,not_recommended,medium,P3,"Sales engineering management, not transformation/ops leadership",Wrong function: pre-sales technical management,removed,,,2026-08-20,not_listed,discovery,"mandate in description (digital transformation, adoption)",🌎 US-Remote,0,
gemini|lead benefits|remote,Gemini,"Lead, Benefits",https://boards.greenhouse.io/embed/job_app?for=gemini&token=8080467&gh_jid=8080467,Gemini,2026-07-23,2026-08-12,2026-08-13,"New York, New York; Remote (USA)",remote,,,20,not_recommended,high,P3,Benefits administration specialist role,Wrong functional domain (HR benefits ops),removed,,,2026-08-14,not_listed,core,core title gate,🌎 US-Remote,0,
gartner|sr director analyst ai strategy leadership and operating models u s|remote,Gartner,"Sr Director Analyst - AI Strategy, Leadership and Operating Models (Remote - U.S.)",https://jobicy.com/jobs/144637-sr-director-analyst-ai-strategy-leadership-and-operating-models-remote-u-s,Jobicy (aggregator),2026-07-25,2026-08-12,2026-08-13,USA (Remote),remote,Full-Time,,62,stretch,medium,P3,AI strategy/operating model focus matches core domains,Analyst/research role differs from operating leadership experience,removed,,,2026-08-14,not_listed,core,core title gate,🌎 US-Remote,0,
gainsight|strategic technical project manager|remote,Gainsight,Strategic Technical Project Manager,https://jobs.ashbyhq.com/gainsight/b93d429b-fb79-4005-bbaf-422e274d401f,Gainsight,2026-07-29,2026-08-12,2026-08-19,USA - FL - Remote,remote,,,68,strong_fit,medium,P2,Professional services delivery leadership role,Technical architecture fluency requirement may be a gap,removed,,,2026-08-20,not_listed,discovery,role family 'project manager' + seniority in title,🌎 US-Remote,0,
gainsight|senior revops analytics lead|remote,Gainsight,Senior RevOps Analytics Lead,https://jobs.ashbyhq.com/gainsight/e99e2e00-81d5-4405-892d-eb15b366cea7,Gainsight,2026-07-24,2026-08-12,2026-08-14,USA - NY - Remote,remote,,,30,not_recommended,medium,P3,"Remote US role, practical location fit","Highly technical analytics focus, not transformation/ops leadership",removed,,,2026-08-15,not_listed,core,core title gate,🌎 US-Remote,0,
gainsight|principal customer success manager|remote,Gainsight,Principal Customer Success Manager,https://jobs.ashbyhq.com/gainsight/662445a5-d9d3-4b34-bb26-25f9658fe317,Gainsight,2026-08-07,2026-08-12,2026-08-27,USA - CA - Remote,remote,,,55,stretch,medium,P3,Executive-facing CS strategy and ROI work,"Individual CSM role, not transformation/ops leadership",stale,,,,,discovery,role family 'customer success' + seniority in title; demoted to wildcards by the precision rule 'customer success manager',🌎 US-Remote,1,2026-08-15
ge vernova|sales activation and insights leader|remote,GE Vernova,Sales Activation and Insights Leader,https://jobicy.com/jobs/150016-sales-activation-and-insights-leader,Jobicy (aggregator),2026-08-01,2026-08-12,2026-08-19,"Mexico,  USA (Remote)",remote,Full-Time,,62,stretch,medium,P3,Process improvement and cross-functional program design mandate,"Sales-ops specific focus, not core transformation leadership",removed,,,2026-08-20,not_listed,discovery,"mandate in description (continuous improvement, lean)",🌎 US-Remote,1,2026-08-14
fortive|asc regional director west|remote,Fortive,ASC Regional Director - West,https://jobicy.com/jobs/147553-asc-regional-director-west,Jobicy (aggregator),2026-07-25,2026-08-12,2026-08-27,USA (Remote),remote,Full-Time,,15,not_recommended,high,P3,"This is a quota-carrying sales role, not transformation/ops",Wrong function: AE-style sales cycle ownership,stale,,,,,core,core title gate,🌎 US-Remote,0,
five9|principal product manager google gemini enterprise for customer experience gecx|remote,Five9,"Principal Product Manager, Google Gemini Enterprise for Customer Experience (GECX)",https://jobicy.com/jobs/143422-principal-product-manager-google-gemini-enterprise-for-customer-experience-gecx,Jobicy (aggregator),2026-07-26,2026-08-12,2026-08-16,USA (Remote),hybrid,Full-Time,,30,not_recommended,medium,P3,CX/AI theme overlaps interests,"Wrong function: product management, not operations/transformation",removed,,,2026-08-17,not_listed,core,core title gate,🌎 US-Remote,0,
figma|technical program manager security|remote,Figma,"Technical Program Manager, Security",https://jobicy.com/jobs/142690-technical-program-manager-security-2,Jobicy (aggregator),2026-07-27,2026-08-12,2026-08-17,USA (Remote),remote,Full-Time,,42,stretch,medium,P3,Program leadership scope fits general profile,Requires deep security/technical domain expertise,removed,,,2026-08-18,not_listed,discovery,role family 'program manager' + seniority in title,🌎 US-Remote,0,
eliassen|lead support analyst|remote,Eliassen,Lead Support Analyst,https://careers.eliassen.com/RYsCuX/lead-support-analyst-support-anywhere-a1wuq000001owk52ae,Eliassen,2026-08-10,2026-08-12,2026-08-25,Remote,remote,,$55.00 to $60.00,25,not_recommended,medium,P3,"IT application support role, not strategic scope","Hands-on technical support, wrong function",removed,,,2026-08-26,not_listed,core,core title gate,🧑‍💼 Contract / Staffing,0,
eliassen|portfolio project manager|remote,Eliassen,Portfolio Project Manager,https://careers.eliassen.com/AMSrkn/portfolio-project-manager-programproject-management-anywhere-a1wuq000001iieh2aq,Eliassen,2026-08-05,2026-08-12,2026-08-24,Remote,remote,,$60.00 to $65.00,45,practical_contract,medium,P3,Portfolio/program leadership matches PMO strengths,Heavily technical Databricks/data engineering context,removed,,,2026-08-25,not_listed,discovery,role family 'portfolio' + seniority in title,🧑‍💼 Contract / Staffing,1,2026-08-18
eliassen|project manager customer modeling anaplan transformation|remote,Eliassen,Project Manager – Customer Modeling & Anaplan Transformation,https://careers.eliassen.com/ZCrhvs/project-manager-customer-modeling-anaplan-transformation-programproject-management-anywhere-a1wuq000001o4iz2aa,Eliassen,2026-08-12,2026-08-12,2026-08-24,Remote,remote,,$65.00 to $70.00,60,practical_contract,medium,P3,"Remote, transformation program leadership mandate",Anaplan-specific tool expertise may be required,removed,,,2026-08-25,not_listed,core,core title gate,🧑‍💼 Contract / Staffing,1,2026-08-14
eliassen|senior project manager|remote,Eliassen,Senior Project Manager,https://careers.eliassen.com/itKMUh/senior-project-manager-programproject-management-anywhere-a1wuq000001n7cf2ai,Eliassen,2026-07-31,2026-08-12,2026-08-19,Remote,remote,,$70.00 to $80.00,55,practical_contract,medium,P3,Remote W2 contract fits practical constraints,"Tactical PM role, not transformation/strategy leadership",removed,,,2026-08-20,not_listed,discovery,role family 'project manager' + seniority in title,🧑‍💼 Contract / Staffing,0,
eliassen|compliance project manager|remote,Eliassen,Compliance Project Manager,https://careers.eliassen.com/8tXGYR/compliance-project-manager-regulatorycompliance-anywhere-a1wuq000001mvuf2aa,Eliassen,2026-07-30,2026-08-12,2026-08-15,Remote,remote,,,35,practical_contract,medium,P3,Remote contract PM work,Highly specialized BSA/AML/OFAC regulatory compliance domain,removed,,,2026-08-16,not_listed,discovery,role family 'project manager' + seniority in title,🧑‍💼 Contract / Staffing,0,
eliassen|technical project manager|remote,Eliassen,Technical Project Manager,https://careers.eliassen.com/8H3WtD/technical-project-manager-programproject-management-anywhere-a1wuq000001mlqt2aq,Eliassen,2026-07-30,2026-08-12,2026-08-13,Remote,remote,,$50.00 to $55.00,35,not_recommended,medium,P3,Remote contract option,"Tactical execution role, not strategic",removed,,,2026-08-14,not_listed,discovery,role family 'project manager' + seniority in title,🧑‍💼 Contract / Staffing,0,
eliassen|senior pmo consultant|remote,Eliassen,Senior PMO Consultant,https://careers.eliassen.com/MFyKJ4/senior-pmo-consultant-programproject-management-anywhere-a1wuq000001myor2au,Eliassen,2026-07-29,2026-08-12,2026-08-13,Remote,remote,,$80.00 to $85.00,55,practical_contract,medium,P3,PMO governance and program leadership mandate,ERP/Workday Extend technical focus is narrow,removed,,,2026-08-14,not_listed,discovery,role family 'pmo' + seniority in title,🧑‍💼 Contract / Staffing,0,
eliassen|product manager agentic ai hr technology|remote,Eliassen,"Product Manager – Agentic AI, HR Technology",https://careers.eliassen.com/ojEVgx/product-manager-agentic-ai-hr-technology-product-management-anywhere-a1wuq000001gsg92aa,Eliassen,2026-07-25,2026-08-12,2026-08-12,Remote,remote,,$85.00 to $95.00,55,practical_contract,medium,P3,AI adoption/enablement in HR tech aligns with core domains,More hands-on product management/backlog role than strategic leadership,removed,,,2026-08-13,not_listed,core,core title gate,🧑‍💼 Contract / Staffing,0,
eightfold|senior manager deal desk|remote,Eightfold,"Senior Manager, Deal Desk",https://jobicy.com/jobs/148328-senior-manager-deal-desk,Jobicy (aggregator),2026-08-05,2026-08-12,2026-08-26,USA (Remote),remote,Full-Time,,30,not_recommended,medium,P3,Deal desk is finance/sales-ops specific function,Requires deep pricing/contracts/quote-to-cash expertise,removed,,,2026-08-27,not_listed,discovery,"mandate in description (operational excellence, cross-functional leadership, governance)",🌎 US-Remote,0,
druva|technical sales enablement manager partners|remote,Druva,"Technical Sales Enablement Manager, Partners",https://weworkremotely.com/remote-jobs/druva-technical-sales-enablement-manager-partners,We Work Remotely (aggregator),2026-08-04,2026-08-12,2026-08-25,Anywhere in the World (Remote),remote,Full-Time,,25,not_recommended,medium,P3,Remote-friendly but wrong functional domain,Requires deep product/technical SE expertise,removed,,,2026-08-26,not_listed,discovery,role family 'enablement' + seniority in title,🌎 US-Remote,0,
dropbox|director of media strategy activation paid media|remote,Dropbox,Director of Media Strategy & Activation (Paid Media),https://jobs.dropbox.com/listing/8096461?gh_jid=8096461,Dropbox,2026-08-10,2026-08-12,2026-08-27,Remote - US: Select locations,remote,,,35,not_recommended,medium,P3,Media/paid channel expertise not her domain,Requires deep paid media/agency expertise,stale,,,,,core,core title gate,🌎 US-Remote,0,
dropbox|director sales compensation|remote,Dropbox,"Director, Sales Compensation",https://jobs.dropbox.com/listing/8121667?gh_jid=8121667,Dropbox,2026-08-11,2026-08-12,2026-08-27,Remote - US: All locations,remote,,,45,stretch,medium,P3,US-remote practical fit,Highly specialized sales comp expertise required,stale,,,,,discovery,"mandate in description (annual planning, governance)",🌎 US-Remote,1,2026-08-18
dropbox|program manager workforce planning|remote,Dropbox,"Program Manager, Workforce Planning",https://jobs.dropbox.com/listing/8092224?gh_jid=8092224,Dropbox,2026-07-31,2026-08-12,2026-08-21,Remote - US: Select locations,remote,,,68,strong_fit,medium,P2,Program/operating model ownership fits PMO strength,Narrow HR/workforce planning domain,removed,,,2026-08-22,not_listed,core,core title gate,🌎 US-Remote,1,2026-08-13
dropbox|senior product marketing operations manager|remote,Dropbox,Senior Product Marketing Operations Manager,https://jobs.dropbox.com/listing/8070685?gh_jid=8070685,Dropbox,2026-07-29,2026-08-12,2026-08-19,Remote - US: Select locations,remote,,,55,stretch,medium,P3,Operating model and cross-functional governance mandate,"Narrow product marketing domain, not her core field",removed,,,2026-08-20,not_listed,core,core title gate,🌎 US-Remote,0,
deepgram|senior program manager data operations|remote,Deepgram,"Senior Program Manager, Data Operations",https://jobs.ashbyhq.com/deepgram/681c5324-1234-4222-b783-a8a7a9440005,Deepgram,2026-07-29,2026-08-12,2026-08-19,USA | Remote,remote,,$152.2K – $208.4K,55,stretch,low,P3,US-remote program management role,May require specialized data/ML ops domain knowledge,removed,,,2026-08-20,not_listed,core,core title gate,🌎 US-Remote,1,2026-08-12
datadog|enterprise customer success manager|remote,Datadog,Enterprise Customer Success Manager,https://weworkremotely.com/remote-jobs/datadog-enterprise-customer-success-manager,We Work Remotely (aggregator),2026-07-22,2026-08-12,2026-08-12,Anywhere in the World (Remote),remote,Full-Time,,,,,P3,,,removed,,,2026-08-13,not_listed,discovery,role family 'customer success' + seniority in title; demoted to wildcards by the precision rule 'customer success manager',🌎 US-Remote,0,
customer io|people partner|remote,Customer.io,People Partner,https://job-boards.greenhouse.io/customerio/jobs/8090074,Customer.io,2026-07-28,2026-08-12,2026-08-18,Americas Remote,remote,,,35,not_recommended,medium,P3,US-remote practical fit,"Title/scope is HR business partner, not strategic ownership",removed,,,2026-08-19,not_listed,discovery,"mandate in description (organizational effectiveness, workforce planning, change management)",🌎 US-Remote,0,
cresta|digital marketing manager|remote,Cresta,Digital Marketing Manager,https://job-boards.greenhouse.io/cresta/jobs/5376939008,Cresta,2026-07-31,2026-08-12,2026-08-21,United States (Remote),remote,,,22,not_recommended,high,P3,"Hands-on paid media execution, not strategy/ops role","No org design, transformation, or leadership scope",removed,,,2026-08-22,not_listed,discovery,"mandate in description (lean, customer experience)",🌎 US-Remote,0,
cresta|event marketing manager east|remote,Cresta,Event Marketing Manager - East,https://job-boards.greenhouse.io/cresta/jobs/5383385008,Cresta,2026-08-07,2026-08-12,2026-08-24,United States (Remote),remote,,,25,not_recommended,medium,P3,"Field/event marketing execution, not transformation","Wrong domain: event marketing, not operations/transformation",removed,,,2026-08-25,not_listed,discovery,"mandate in description (roi, customer experience)",🌎 US-Remote,0,
cox enterprises|senior manager change enablement cox automotive fleet|remote,Cox Enterprises,"Senior Manager, Change Enablement - Cox Automotive Fleet",https://jobicy.com/jobs/150172-senior-manager-change-enablement-cox-automotive-fleet,Jobicy (aggregator),2026-08-03,2026-08-12,2026-08-24,USA (Remote),remote,Full-Time,"$122,600.00 - $204,400.00",87,apply_first,high,P2,Change management/enablement is core strength,25% travel required,removed,,,2026-08-25,not_listed,core,core title gate,🌎 US-Remote,13,2026-08-24
concept plus|capture management director|remote,Concept Plus,Capture Management Director,https://jobicy.com/jobs/150198-capture-management-director,Jobicy (aggregator),2026-08-04,2026-08-12,2026-08-25,USA (Remote),remote,Full-Time,,30,not_recommended,medium,P3,US-remote practical fit,"Wrong function: sales capture, not transformation/ops",removed,,,2026-08-26,not_listed,discovery,"mandate in description (digital transformation, p&l)",🌎 US-Remote,0,
collibra|professional services sales executive|remote,Collibra,Professional Services Sales Executive,https://weworkremotely.com/remote-jobs/collibra-professional-services-sales-executive,We Work Remotely (aggregator),2026-07-24,2026-08-12,2026-08-14,Anywhere in the World (Remote),remote,Full-Time,,25,not_recommended,medium,P3,"Quota-carrying sales role, not transformation leadership",Core role is sales quota ownership,removed,,,2026-08-15,not_listed,discovery,"role family 'professional services' + mandate in description (adoption, professional services)",🌎 US-Remote,0,
colgate palmolive|customer development manager costco|remote,Colgate-Palmolive,Customer Development Manager - Costco,https://jobicy.com/jobs/144918-customer-development-manager-costco,Jobicy (aggregator),2026-07-29,2026-08-12,2026-08-19,USA (Remote),remote,Full-Time,,15,not_recommended,high,P3,"Sales account management, not transformation/ops leadership",Field-based Seattle role despite remote label,removed,,,2026-08-20,not_listed,discovery,role family 'customer' + seniority in title,🌎 US-Remote,0,
coinbase|internal audit senior associate operations compliance|remote,Coinbase,"Internal Audit Senior Associate, Operations & Compliance",https://www.coinbase.com/careers/positions/8114684?gh_jid=8114684,Coinbase,2026-08-07,2026-08-12,2026-08-27,Remote - USA,remote,,,15,not_recommended,high,P3,"Internal audit function, not transformation/ops leadership",Wrong function - audit not strategy/ops leadership,stale,,,,,discovery,role family 'operations' + seniority in title; demoted to wildcards by the precision rule 'audit',🌎 US-Remote,0,
coinbase|manager wfm operations|remote,Coinbase,"Manager, WFM Operations",https://www.coinbase.com/careers/positions/8089161?gh_jid=8089161,Coinbase,2026-08-03,2026-08-12,2026-08-24,Remote - USA,hybrid,,,55,stretch,medium,P3,Operations/capacity planning leadership scope,"WFM/forecasting is specialized, not core proof point",removed,,,2026-08-25,not_listed,core,core title gate,🌎 US-Remote,1,2026-08-16
coinbase|senior manager product operations fcm ops|remote,Coinbase,"Senior Manager Product Operations, FCM Ops",https://www.coinbase.com/careers/positions/8110496?gh_jid=8110496,Coinbase,2026-08-06,2026-08-12,2026-08-27,Remote - USA,remote,,,55,stretch,medium,P3,Operating model design and process scaling matches core skills,Highly specialized financial markets/regulatory knowledge required,stale,,,,,core,core title gate,🌎 US-Remote,1,2026-08-17
coinbase|senior manager recruiting|remote,Coinbase,"Senior Manager, Recruiting",https://www.coinbase.com/careers/positions/8051630?gh_jid=8051630,Coinbase,2026-07-29,2026-08-12,2026-08-19,Remote - USA,remote,,,25,not_recommended,high,P3,"Core function is recruiting leadership, not transformation/ops",Requires deep recruiting-specific expertise she lacks,removed,,,2026-08-20,not_listed,discovery,"mandate in description (workforce planning, continuous improvement, customer experience)",🌎 US-Remote,0,
coinbase|strategic program lead|remote,Coinbase,Strategic Program Lead,https://www.coinbase.com/careers/positions/8083758?gh_jid=8083758,Coinbase,2026-07-24,2026-08-12,2026-08-14,Remote - USA,remote,,,58,stretch,medium,P3,CX program leadership aligns with her CX background,Heavy compliance/regulatory focus outside core expertise,removed,,,2026-08-15,not_listed,discovery,role family 'program' + seniority in title,🌎 US-Remote,0,
coinbase|senior manager finance strategy|remote,Coinbase,"Senior Manager, Finance & Strategy",https://weworkremotely.com/remote-jobs/coinbase-senior-manager-finance-strategy,We Work Remotely (aggregator),2026-07-23,2026-08-12,2026-08-13,Anywhere in the World (Remote),remote,Full-Time,,30,not_recommended,medium,P3,"FP&A/finance role, not transformation or ops leadership",Requires deep FP&A/accounting expertise not evidenced,removed,,,2026-08-14,not_listed,core,core title gate,🌎 US-Remote,0,
coinbase|operations manager bermuda|remote,Coinbase,"Operations Manager, Bermuda",https://weworkremotely.com/remote-jobs/coinbase-operations-manager-bermuda,We Work Remotely (aggregator),2026-07-22,2026-08-12,2026-08-12,Anywhere in the World (Remote),remote,Full-Time,,40,stretch,low,P3,Operations leadership role with real ownership,"Highly crypto/regulatory specific, unfamiliar domain",removed,,,2026-08-13,not_listed,core,core title gate,🌎 US-Remote,0,
coinbase|senior product manager help center cx automation|remote,Coinbase,"Senior Product Manager, Help Center (CX Automation)",https://weworkremotely.com/remote-jobs/coinbase-senior-product-manager-help-center-cx-automation,We Work Remotely (aggregator),2026-07-23,2026-08-12,2026-08-13,Anywhere in the World (Remote),remote,Full-Time,,35,not_recommended,medium,P3,CX-adjacent but is core technical product management role,"Wrong function: individual PM execution, not transformation/ops leadership",removed,,,2026-08-14,not_listed,discovery,role family 'automation' + seniority in title,🌎 US-Remote,0,
coinbase|group product manager compliance automation|remote,Coinbase,"Group Product Manager, Compliance Automation",https://weworkremotely.com/remote-jobs/coinbase-group-product-manager-compliance-automation,We Work Remotely (aggregator),2026-07-22,2026-08-12,2026-08-12,Anywhere in the World (Remote),remote,Full-Time,,,,,P3,,,removed,,,2026-08-13,not_listed,discovery,role family 'automation' + seniority in title,🌎 US-Remote,0,
coinbase|group product manager compliance agent experience|remote,Coinbase,"Group Product Manager, Compliance Agent Experience",https://weworkremotely.com/remote-jobs/coinbase-group-product-manager-compliance-agent-experience,We Work Remotely (aggregator),2026-07-22,2026-08-12,2026-08-12,Anywhere in the World (Remote),remote,Full-Time,,,,,P3,,,removed,,,2026-08-13,not_listed,discovery,"mandate in description (due diligence, adoption)",🌎 US-Remote,0,
codepath|senior manager of ai enablement|remote,CodePath,Senior Manager of AI Enablement,https://jobicy.com/jobs/147984-senior-manager-of-ai-enablement,Jobicy (aggregator),2026-07-30,2026-08-12,2026-08-19,USA (Remote),remote,Full-Time,"$110,000 to $150,000",82,strong_fit,medium,P2,AI adoption/enablement is core interest area,Senior Manager scope may be narrower than Director-level mandate,removed,,,2026-08-20,not_listed,core,core title gate,🌎 US-Remote,2,2026-08-13
cloudflare|senior principal sales compensation design strategy|remote,Cloudflare,"Senior Principal, Sales Compensation Design & Strategy",https://weworkremotely.com/remote-jobs/cloudflare-senior-principal-sales-compensation-design-strategy,"We Work Remotely (aggregator), Jobicy (aggregator)",2026-07-22,2026-08-12,2026-08-19,Anywhere in the World (Remote),remote,Full-Time,,30,not_recommended,medium,P3,"Highly specialized sales comp design, not her domain",Requires deep sales compensation/quota expertise,removed,,,2026-08-20,not_listed,core,core title gate,🌎 US-Remote,0,
clickhouse|finance systems transformation manager|remote,ClickHouse,Finance Systems & Transformation Manager,https://job-boards.greenhouse.io/clickhouse/jobs/6133891004,ClickHouse,2026-08-03,2026-08-12,2026-08-24,United States (remote),remote,,,55,stretch,medium,P3,Finance systems transformation aligns with operating model work,Requires deep Finance systems/ERP technical expertise,removed,,,2026-08-25,not_listed,core,core title gate,🌎 US-Remote,1,2026-08-15
cint|people operations manager|remote,Cint,People Operations Manager,https://jobicy.com/jobs/150558-people-operations-manager-2,Jobicy (aggregator),2026-08-12,2026-08-12,2026-08-27,USA (Remote),remote,Full-Time,,76,strong_fit,medium,P2,US-remote operating model redesign,Manager title may be narrower scope than desired,stale,,,,,core,core title gate,🌎 US-Remote,1,2026-08-12
chime|senior manager|remote,Chime,Senior Manager,https://jobicy.com/jobs/145570-senior-manager,Jobicy (aggregator),2026-08-09,2026-08-12,2026-08-14,USA (Remote),remote,Full-Time,,58,stretch,medium,P3,"US-remote, strong practical fit",Highly specialized WFM/scheduling function,removed,,,2026-08-15,not_listed,discovery,"mandate in description (workforce planning, employee experience)",🌎 US-Remote,0,
chainguard|senior customer success manager enterprise east|remote,Chainguard,"Senior Customer Success Manager, Enterprise - East",https://job-boards.greenhouse.io/chainguard/jobs/4694867006,Chainguard,2026-08-04,2026-08-12,2026-08-25,United States - Remote,remote,,,55,stretch,medium,P3,US-remote fits practical constraints well,"Individual account-management role, less strategic ownership",removed,,,2026-08-26,not_listed,discovery,role family 'customer success' + seniority in title; demoted to wildcards by the precision rule 'customer success manager',🌎 US-Remote,5,2026-08-17
chainguard|senior solutions architect central professional services|remote,Chainguard,Senior Solutions Architect - Central (Professional Services),https://job-boards.greenhouse.io/chainguard/jobs/4703060006,Chainguard,2026-08-07,2026-08-12,2026-08-27,Texas - Remote,remote,,,20,not_recommended,high,P3,"Hands-on technical implementation role, not strategic ownership","Wrong function: technical solutions architecture, not transformation/ops leadership",stale,,,,,discovery,role family 'professional services' + seniority in title,🌎 US-Remote,0,
chainguard|senior solutions architect east professional services|remote,Chainguard,Senior Solutions Architect - East (Professional Services),https://job-boards.greenhouse.io/chainguard/jobs/4703071006,Chainguard,2026-08-11,2026-08-12,2026-08-27,United States - Remote,remote,,,25,not_recommended,high,P3,US-remote practical fit,Requires hands-on technical/engineering solutions architecture skills,stale,,,,,discovery,role family 'professional services' + seniority in title,🌎 US-Remote,0,
chainguard|senior solutions architect west professional services|remote,Chainguard,Senior Solutions Architect - West (Professional Services),https://job-boards.greenhouse.io/chainguard/jobs/4703283006,Chainguard,2026-08-07,2026-08-12,2026-08-27,United States - Remote,remote,,,20,not_recommended,high,P3,Requires hands-on engineering/technical implementation skills,"Deep technical software engineering role, wrong function",stale,,,,,discovery,role family 'professional services' + seniority in title,🌎 US-Remote,0,
chainguard|solutions architect commercial professional services|remote,Chainguard,Solutions Architect - Commercial (Professional Services),https://job-boards.greenhouse.io/chainguard/jobs/4702669006,Chainguard,2026-08-05,2026-08-12,2026-08-26,United States - Remote,remote,,,30,not_recommended,high,P3,Professional services + value realization language matches interests,"Hands-on solutions architecture, not strategic/operational leadership",removed,,,2026-08-27,not_listed,discovery,"role family 'professional services' + mandate in description (adoption, value realization, professional services)",🌎 US-Remote,0,
canopy|manager of enablement|draper,Canopy,Manager of Enablement,https://job-boards.greenhouse.io/canopytax/jobs/4354755009,Canopy,2026-08-04,2026-08-12,2026-08-25,"Draper, UT",hybrid,,,55,stretch,medium,P3,"Utah hybrid, workable location",Sales enablement is narrower than her transformation focus,removed,,,2026-08-26,not_listed,discovery,role family 'enablement' + seniority in title,📍 Local — Silicon Slopes,1,2026-08-16
canonical|junior project manager|remote,Canonical Ltd.,Junior Project Manager,https://jobicy.com/jobs/150369-junior-project-manager,Jobicy (aggregator),2026-08-09,2026-08-12,2026-08-27,"APAC,  LATAM,  Canada,  USA (Remote)",remote,Full-Time,,25,not_recommended,medium,P3,"Junior-level, no strategic ownership",Junior title with narrow scope,stale,,,,,discovery,role family 'project manager' + seniority in title,🌎 US-Remote,0,
brex|gtm ai revenue enablement senior manager|salt lake city,Brex,"GTM AI Revenue Enablement, Senior Manager",https://www.brex.com/careers/8654459002?gh_jid=8654459002,Brex,2026-07-28,2026-08-12,2026-08-18,"Salt Lake City, Utah, United States",hybrid,,,50,stretch,medium,P3,AI enablement/adoption mandate matches interests,Requires hands-on AI building/engineering skills,removed,,,2026-08-19,not_listed,discovery,role family 'enablement' + seniority in title,📍 Local — Silicon Slopes,0,
bamboohr|product design lead customer journey growth|utah hybrid,BambooHR,"Product Design Lead, Customer Journey & Growth",https://job-boards.greenhouse.io/bamboohr17/jobs/6000282004,BambooHR,2026-08-03,2026-08-12,2026-08-24,Utah | Hybrid,hybrid,,,25,not_recommended,high,P3,Utah hybrid location is workable,Requires hands-on product design expertise,removed,,,2026-08-25,not_listed,discovery,role family 'customer' + seniority in title,📍 Local — Silicon Slopes,0,
bamboohr|sr marketing operations manager website|utah hybrid,BambooHR,Sr. Marketing Operations Manager - Website,https://job-boards.greenhouse.io/bamboohr17/jobs/6011897004,BambooHR,2026-07-23,2026-08-12,2026-08-13,Utah | Hybrid,hybrid,,,30,not_recommended,medium,P3,Utah hybrid location fits practical constraints,Requires deep GTM/tagging technical expertise,removed,,,2026-08-14,not_listed,core,core title gate,📍 Local — Silicon Slopes,0,
byu|business manager wheatley institute|provo,BYU,Business Manager-Wheatley Institute,https://byu.wd1.myworkdayjobs.com/byu-careers/job/Provo-UT/Business-Manager-Wheatley-Institute_JR-11443,BYU,2026-08-11,2026-08-12,2026-08-25,"Provo, UT",onsite,,"$73,000-$95,000",40,stretch,low,P3,Utah-local role,"Thin posting, no responsibilities listed",removed,,,2026-08-26,not_listed,discovery,role family 'business manager' + seniority in title,📍 Local — Silicon Slopes,0,
byu|manager strategic sourcing operations|provo,BYU,"Manager, Strategic Sourcing Operations",https://byu.wd1.myworkdayjobs.com/byu-careers/job/Provo-UT/Manager--Strategic-Sourcing-Operations_JR-11384,BYU,2026-08-10,2026-08-12,2026-08-13,"Provo, UT",onsite,,"$92,000-$119,000",40,stretch,low,P3,"Utah-based, practical location fit","Sourcing/procurement may be transactional, not transformation",removed,,,2026-08-14,not_listed,core,core title gate,📍 Local — Silicon Slopes,0,
byu|lead academic learning specialist school of medicine|provo,BYU,Lead Academic Learning Specialist - School of Medicine,https://byu.wd1.myworkdayjobs.com/byu-careers/job/Provo-UT/Academic-Learning-Specialist--Lead_JR-11401,BYU,2026-08-10,2026-08-12,2026-08-25,"Provo, UT",onsite,,"$73,000 - $95,000",20,not_recommended,low,P3,Utah location matches,Likely requires academic/education credentials,removed,,,2026-08-26,not_listed,discovery,role family 'learning' + seniority in title,📍 Local — Silicon Slopes,0,
byu|director creative content strategy revenue brand|provo,BYU,"Director, Creative Content Strategy - Revenue & Brand",https://byu.wd1.myworkdayjobs.com/byu-careers/job/Provo-UT/Director--Creative-Content-Strategy---Revenue---Brand_JR-11351,BYU,2026-08-07,2026-08-12,2026-08-24,"Provo, UT",onsite,,,45,stretch,low,P3,"Utah-local, high practical fit","Creative/brand content focus, not core transformation",removed,,,2026-08-25,not_listed,core,core title gate,📍 Local — Silicon Slopes,0,
angi|principal product manager ai platform|remote,Angi,"Principal Product Manager, AI Platform",https://jobs.ashbyhq.com/angi/59a468ef-aef4-41a1-8bf2-5c920524e5d0,Angi,2026-08-04,2026-08-12,2026-08-25,Remote - United States,remote,,,20,not_recommended,high,P3,Deep technical AI platform PM role,"Wrong function: technical infra PM, not transformation/ops",removed,,,2026-08-26,not_listed,discovery,"mandate in description (adoption, governance)",🌎 US-Remote,0,
ancestry|workplace experience lead|draper,Ancestry,Workplace Experience Lead,https://ancestry.wd501.myworkdayjobs.com/Careers/job/Draper-UT/Workplace-Experience-Lead_R003425,Ancestry,2026-08-07,2026-08-12,2026-08-27,"Draper, UT",onsite,,,40,stretch,low,P3,"Utah local role, workable location","Title suggests facilities/workplace ops, not strategic transformation",stale,,,,,discovery,role family 'workplace experience' + seniority in title,📍 Local — Silicon Slopes,0,
alphasense|manager customer success operations|remote,AlphaSense,"Manager, Customer Success Operations",https://jobicy.com/jobs/150341-manager-customer-success-operations,Jobicy (aggregator),2026-08-09,2026-08-12,2026-08-25,USA (Remote),remote,Full-Time,,70,strong_fit,medium,P2,CS operations mandate fits customer experience/operations background,Manager title may mean narrower scope than prior Director roles,removed,,,2026-08-26,not_listed,core,core title gate,🌎 US-Remote,1,2026-08-14
alphasense|senior manager customer success operations|remote,AlphaSense,"Senior Manager, Customer Success Operations",https://jobicy.com/jobs/150340-senior-manager-customer-success-operations,Jobicy (aggregator),2026-08-09,2026-08-12,2026-08-25,USA (Remote),remote,Full-Time,,78,strong_fit,medium,P2,CS operations scaling mandate fits ops excellence background,Senior Manager scope may be narrower than strategic transformation roles,removed,,,2026-08-26,not_listed,core,core title gate,🌎 US-Remote,1,2026-08-12
alphasense|senior analyst customer success operations|remote,AlphaSense,"Senior Analyst, Customer Success Operations",https://jobicy.com/jobs/150339-senior-analyst-customer-success-operations,Jobicy (aggregator),2026-08-09,2026-08-12,2026-08-25,USA (Remote),remote,Full-Time,,45,stretch,medium,P3,US-remote practical fit,Senior Analyst title lacks leadership scope,removed,,,2026-08-26,not_listed,discovery,role family 'operations' + seniority in title,🌎 US-Remote,1,2026-08-22
alphasense|senior director customer lifecycle marketing usage engagement|remote,AlphaSense,"Senior Director, Customer Lifecycle Marketing - Usage & Engagement",https://jobicy.com/jobs/150539-senior-director-customer-lifecycle-marketing-usage-engagement,Jobicy (aggregator),2026-08-12,2026-08-12,2026-08-17,USA (Remote),remote,Full-Time,,42,not_recommended,medium,P3,US-remote practical fit,"Highly specialized consumption marketing role, not transformation/ops",removed,,,2026-08-18,not_listed,discovery,role family 'customer' + seniority in title,🌎 US-Remote,0,
airtable|director ai transformation customer success|remote,Airtable,"Director, AI Transformation & Customer Success",https://weworkremotely.com/remote-jobs/airtable-director-ai-transformation-customer-success,We Work Remotely (aggregator),2026-07-22,2026-08-12,2026-08-12,Anywhere in the World (Remote),remote,Full-Time,,87,apply_first,medium,P2,AI adoption and enablement leadership mandate,Requires SaaS CS org leadership experience depth,removed,,,2026-08-13,not_listed,core,core title gate,🌎 US-Remote,1,2026-08-12
affirm|chief of staff director people|remote,Affirm,"Chief of Staff Director, People",https://job-boards.greenhouse.io/affirm/jobs/7819181003,Affirm,2026-07-28,2026-08-12,2026-08-18,Remote US,remote,,,87,apply_first,high,P2,"Chief of Staff to CPO, strategic operator role","People/HR domain specific, not core CX/M&A",removed,,,2026-08-19,not_listed,core,core title gate,🌎 US-Remote,7,2026-08-18
affirm|chief of staff director product|remote,Affirm,"Chief of Staff Director, Product",https://job-boards.greenhouse.io/affirm/jobs/7808142003,Affirm,2026-07-23,2026-08-12,2026-08-13,Remote US,remote,,,83,apply_first,medium,P2,Chief of Staff explicitly in target titles,Product-org specific context vs her broader background,removed,,,2026-08-14,not_listed,core,core title gate,🌎 US-Remote,0,
affirm|operations enablement manager|remote,Affirm,Operations Enablement Manager,https://job-boards.greenhouse.io/affirm/jobs/7814650003,Affirm,2026-08-10,2026-08-12,2026-08-27,Remote US,remote,,,82,strong_fit,medium,P2,"Operations enablement, scaling, strategy-to-execution mandate",Manager title may mean narrower scope than Director-level roles,stale,,,,,core,core title gate,🌎 US-Remote,1,2026-08-12
affirm|senior product manager agent enablement|remote,Affirm,"Senior Product Manager, Agent Enablement",https://job-boards.greenhouse.io/affirm/jobs/7822254003,Affirm,2026-07-31,2026-08-12,2026-08-21,Remote US,remote,,,50,stretch,medium,P3,AI-driven agent enablement touches operational excellence,"Core role is hands-on Product Management, not her background",removed,,,2026-08-22,not_listed,core,core title gate,🌎 US-Remote,0,
adobe|manager revenue operations|lehi,Adobe,"Manager, Revenue Operations",https://adobe.wd5.myworkdayjobs.com/external_experienced/job/Lehi/Manager--Revenue-Operations_R170491,Adobe,2026-07-27,2026-08-12,2026-08-17,Lehi,onsite,,,62,stretch,low,P3,RevOps aligns with operations background,No description to confirm scope,removed,,,2026-08-18,not_listed,core,core title gate,📍 Local — Silicon Slopes,0,
adobe|senior analyst revenue operations|lehi,Adobe,"Senior Analyst, Revenue Operations",https://adobe.wd5.myworkdayjobs.com/external_experienced/job/Lehi/Senior-Analyst--Revenue-Operations_R170576,Adobe,2026-07-27,2026-08-12,2026-08-17,Lehi,onsite,,,45,stretch,low,P3,RevOps aligns with adjacent domain,No description to confirm mandate,removed,,,2026-08-18,not_listed,discovery,role family 'operations' + seniority in title,📍 Local — Silicon Slopes,0,
adobe|senior manager business process optimization program management|lehi,Adobe,"Senior Manager, Business Process Optimization Program Management",https://adobe.wd5.myworkdayjobs.com/external_experienced/job/San-Jose/Senior-Manager--Business-Process-Optimization-Program-Management_R170677-1,Adobe,2026-07-27,2026-08-12,2026-08-17,Lehi (+2 more),onsite,,"$173,300 - $250,875",78,strong_fit,low,P3,Process optimization/program management mandate fits core strengths,No description available to confirm mandate depth,removed,,,2026-08-18,not_listed,core,core title gate,📍 Local — Silicon Slopes,0,
adobe|project manager professional services|lehi,Adobe,Project Manager (Professional Services),https://adobe.wd5.myworkdayjobs.com/external_experienced/job/Chicago/Project-Manager--Professional-Services-_R170971,Adobe,2026-08-05,2026-08-12,2026-08-26,Lehi (+4 more),onsite,,"$118,100 - $171,100",68,strong_fit,low,P3,"Utah-local Adobe role, priority employer target",No description available to confirm seniority or mandate,removed,,,2026-08-27,not_listed,core,core title gate,📍 Local — Silicon Slopes,1,2026-08-12
adobe|director sales operations technical pre sales|lehi,Adobe,"Director, Sales Operations, Technical Pre-Sales",https://adobe.wd5.myworkdayjobs.com/external_experienced/job/San-Francisco/Director--TPS-Strategy---Business-Operations_R170411,Adobe,2026-08-04,2026-08-12,2026-08-25,Lehi (+6 more),onsite,,"$225,100 - $325,900",45,stretch,low,P3,Sales ops director title has some ops overlap,No job description available,removed,,,2026-08-26,not_listed,core,core title gate,📍 Local — Silicon Slopes,0,
adobe|group content strategy manager adobe com|lehi,Adobe,"Group Content Strategy Manager, Adobe.com",https://adobe.wd5.myworkdayjobs.com/external_experienced/job/San-Francisco/Group-Content-Strategy-Manager--Adobecom_R170475-1,Adobe,2026-07-23,2026-08-12,2026-08-13,Lehi (+9 more),onsite,,"$202,900 - $293,800",42,stretch,low,P3,Utah location (Lehi) fits practical constraints,No job description available to assess strategic scope,removed,,,2026-08-14,not_listed,core,core title gate,📍 Local — Silicon Slopes,0,
abnormal|customer analytics manager|remote,Abnormal,Customer Analytics Manager,https://weworkremotely.com/remote-jobs/abnormal-customer-analytics-manager,We Work Remotely (aggregator),2026-07-24,2026-08-12,2026-08-14,Anywhere in the World (Remote),remote,Full-Time,,35,not_recommended,medium,P3,Remote-friendly,"Heavy technical analytics/data science role, not strategy leadership",removed,,,2026-08-15,not_listed,discovery,role family 'customer' + seniority in title,🌎 US-Remote,0,
aecom|program manager facility design data centers u s|remote,AECOM,"Program Manager Facility Design, Data Centers - Remote (U.S.)",https://jobicy.com/jobs/144476-program-manager-facility-design-data-centers-remote-u-s-2,Jobicy (aggregator),2026-07-25,2026-08-12,2026-08-27,USA (Remote),remote,Full-Time,,42,stretch,low,P3,Program management scope but technical/facility design domain,Requires hyperscale data center technical expertise,stale,,,,,discovery,role family 'program manager' + seniority in title,🌎 US-Remote,0,
1password|senior performance marketing manager|remote,1Password,Senior Performance Marketing Manager,https://jobs.ashbyhq.com/1password/4621d132-33c7-41e7-a85b-a1fb5e6b2f05,1Password,2026-07-23,2026-08-12,2026-08-13,Remote (United States | Canada),remote,,,15,not_recommended,high,P3,Hands-on performance marketing execution role,"Wrong function - paid channel marketing, not strategy/ops",removed,,,2026-08-14,not_listed,discovery,role family 'performance' + seniority in title,🌎 US-Remote,0,
